state,project_id,project_name,sector,agency,ministry,original_cost,revised_cost,expenditure_to_date,physical_progress,delay_months,original_duration_months,land_acquired_pct,environmental_clearance,tender_status,contractor_risk,risk_score,risk_level,primary_risk_reason
Manipur,PRJ0001,Unnamed Infrastructure Project,Road Transport & Highways,Central Executing Agency,Ministry of Road Transport and Highways,100.0,100.0,0.0,0.0,0,36,40.0,Approved,Awarded,Low,25.0,Low,Initial Site Mobilization and Statutory Clearance Processing
Andhra Pradesh,PRJ0002,Unnamed Infrastructure Project,Road Transport & Highways,Central Executing Agency,Ministry of Road Transport and Highways,100.0,100.0,0.0,0.0,0,36,40.0,Approved,Awarded,Low,25.0,Low,Initial Site Mobilization and Statutory Clearance Processing
Bihar,PRJ0003,Unnamed Infrastructure Project,Road Transport & Highways,Central Executing Agency,Ministry of Road Transport and Highways,100.0,100.0,0.0,0.0,0,36,40.0,Approved,Awarded,Low,25.0,Low,Initial Site Mobilization and Statutory Clearance Processing
Karnataka,PRJ0004,Unnamed Infrastructure Project,Road Transport & Highways,Central Executing Agency,Ministry of Road Transport and Highways,100.0,100.0,0.0,0.0,0,36,40.0,Approved,Awarded,Low,25.0,Low,Initial Site Mobilization and Statutory Clearance Processing
Karnataka,PRJ0005,Unnamed Infrastructure Project,Road Transport & Highways,Central Executing Agency,Ministry of Road Transport and Highways,100.0,100.0,0.0,0.0,0,36,40.0,Approved,Awarded,Low,25.0,Low,Initial Site Mobilization and Statutory Clearance Processing
Andhra Pradesh,PRJ0006,Unnamed Infrastructure Project,Road Transport & Highways,Central Executing Agency,Ministry of Road Transport and Highways,100.0,100.0,0.0,0.0,0,36,40.0,Approved,Awarded,Low,25.0,Low,Initial Site Mobilization and Statutory Clearance Processing
Rajasthan,PRJ0007,Unnamed Infrastructure Project,Road Transport & Highways,Central Executing Agency,Ministry of Road Transport and Highways,100.0,100.0,0.0,0.0,0,36,40.0,Approved,Awarded,Low,25.0,Low,Initial Site Mobilization and Statutory Clearance Processing
Andhra Pradesh,PRJ0008,Unnamed Infrastructure Project,Road Transport & Highways,Central Executing Agency,Ministry of Road Transport and Highways,100.0,100.0,0.0,0.0,0,36,40.0,Approved,Awarded,Low,25.0,Low,Initial Site Mobilization and Statutory Clearance Processing
Rajasthan,PRJ0009,Unnamed Infrastructure Project,Road Transport & Highways,Central Executing Agency,Ministry of Road Transport and Highways,100.0,100.0,0.0,0.0,0,36,40.0,Approved,Awarded,Low,25.0,Low,Initial Site Mobilization and Statutory Clearance Processing
Jammu & Kashmir,PRJ0010,Unnamed Infrastructure Project,Road Transport & Highways,Central Executing Agency,Ministry of Road Transport and Highways,100.0,100.0,0.0,0.0,0,36,40.0,Approved,Awarded,Low,25.0,Low,Initial Site Mobilization and Statutory Clearance Processing
Ladakh,PRJ0011,Unnamed Infrastructure Project,Road Transport & Highways,Central Executing Agency,Ministry of Road Transport and Highways,100.0,100.0,0.0,0.0,0,36,40.0,Approved,Awarded,Low,25.0,Low,Initial Site Mobilization and Statutory Clearance Processing
Kerala,PRJ0012,Unnamed Infrastructure Project,Road Transport & Highways,Central Executing Agency,Ministry of Road Transport and Highways,100.0,100.0,0.0,0.0,0,36,40.0,Approved,Awarded,Low,25.0,Low,Initial Site Mobilization and Statutory Clearance Processing
Gujarat,PRJ0013,Unnamed Infrastructure Project,Road Transport & Highways,Central Executing Agency,Ministry of Road Transport and Highways,100.0,100.0,0.0,0.0,0,36,40.0,Approved,Awarded,Low,25.0,Low,Initial Site Mobilization and Statutory Clearance Processing
Gujarat,PRJ0014,Unnamed Infrastructure Project,Road Transport & Highways,Central Executing Agency,Ministry of Road Transport and Highways,100.0,100.0,0.0,0.0,0,36,40.0,Approved,Awarded,Low,25.0,Low,Initial Site Mobilization and Statutory Clearance Processing
Uttar Pradesh,PRJ0015,Unnamed Infrastructure Project,Road Transport & Highways,Central Executing Agency,Ministry of Road Transport and Highways,100.0,100.0,0.0,0.0,0,36,40.0,Approved,Awarded,Low,25.0,Low,Initial Site Mobilization and Statutory Clearance Processing
Bihar,PRJ0016,Unnamed Infrastructure Project,Road Transport & Highways,Central Executing Agency,Ministry of Road Transport and Highways,100.0,100.0,0.0,0.0,0,36,40.0,Approved,Awarded,Low,25.0,Low,Initial Site Mobilization and Statutory Clearance Processing
West Bengal,PRJ0017,Unnamed Infrastructure Project,Road Transport & Highways,Central Executing Agency,Ministry of Road Transport and Highways,100.0,100.0,0.0,0.0,0,36,40.0,Approved,Awarded,Low,25.0,Low,Initial Site Mobilization and Statutory Clearance Processing
Bihar,PRJ0018,Unnamed Infrastructure Project,Road Transport & Highways,Central Executing Agency,Ministry of Road Transport and Highways,100.0,100.0,0.0,0.0,0,36,40.0,Approved,Awarded,Low,25.0,Low,Initial Site Mobilization and Statutory Clearance Processing
Rajasthan,PRJ0019,Unnamed Infrastructure Project,Road Transport & Highways,Central Executing Agency,Ministry of Road Transport and Highways,100.0,100.0,0.0,0.0,0,36,40.0,Approved,Awarded,Low,25.0,Low,Initial Site Mobilization and Statutory Clearance Processing
Uttar Pradesh,PRJ0020,Unnamed Infrastructure Project,Road Transport & Highways,Central Executing Agency,Ministry of Road Transport and Highways,100.0,100.0,0.0,0.0,0,36,40.0,Approved,Awarded,Low,25.0,Low,Initial Site Mobilization and Statutory Clearance Processing
Assam,PRJ0021,Unnamed Infrastructure Project,Road Transport & Highways,Central Executing Agency,Ministry of Road Transport and Highways,100.0,100.0,0.0,0.0,0,36,40.0,Approved,Awarded,Low,25.0,Low,Initial Site Mobilization and Statutory Clearance Processing
Tamil Nadu,PRJ0022,Unnamed Infrastructure Project,Road Transport & Highways,Central Executing Agency,Ministry of Road Transport and Highways,100.0,100.0,0.0,0.0,0,36,40.0,Approved,Awarded,Low,25.0,Low,Initial Site Mobilization and Statutory Clearance Processing
West Bengal,PRJ0023,Unnamed Infrastructure Project,Road Transport & Highways,Central Executing Agency,Ministry of Road Transport and Highways,100.0,100.0,0.0,0.0,0,36,40.0,Approved,Awarded,Low,25.0,Low,Initial Site Mobilization and Statutory Clearance Processing
Maharashtra,PRJ0024,Unnamed Infrastructure Project,Road Transport & Highways,Central Executing Agency,Ministry of Road Transport and Highways,100.0,100.0,0.0,0.0,0,36,40.0,Approved,Awarded,Low,25.0,Low,Initial Site Mobilization and Statutory Clearance Processing
Sikkim,PRJ0025,Unnamed Infrastructure Project,Road Transport & Highways,Central Executing Agency,Ministry of Road Transport and Highways,100.0,100.0,0.0,0.0,0,36,40.0,Approved,Awarded,Low,25.0,Low,Initial Site Mobilization and Statutory Clearance Processing
Chhattisgarh,PRJ0026,Unnamed Infrastructure Project,Road Transport & Highways,Central Executing Agency,Ministry of Road Transport and Highways,100.0,100.0,0.0,0.0,0,36,40.0,Approved,Awarded,Low,25.0,Low,Initial Site Mobilization and Statutory Clearance Processing
Tamil Nadu,PRJ0027,Unnamed Infrastructure Project,Road Transport & Highways,Central Executing Agency,Ministry of Road Transport and Highways,100.0,100.0,0.0,0.0,0,36,40.0,Approved,Awarded,Low,25.0,Low,Initial Site Mobilization and Statutory Clearance Processing
Maharashtra,PRJ0028,Unnamed Infrastructure Project,Road Transport & Highways,Central Executing Agency,Ministry of Road Transport and Highways,100.0,100.0,0.0,0.0,0,36,40.0,Approved,Awarded,Low,25.0,Low,Initial Site Mobilization and Statutory Clearance Processing
Chhattisgarh,PRJ0029,Unnamed Infrastructure Project,Road Transport & Highways,Central Executing Agency,Ministry of Road Transport and Highways,100.0,100.0,0.0,0.0,0,36,40.0,Approved,Awarded,Low,25.0,Low,Initial Site Mobilization and Statutory Clearance Processing
Maharashtra,PRJ0030,Unnamed Infrastructure Project,Road Transport & Highways,Central Executing Agency,Ministry of Road Transport and Highways,100.0,100.0,0.0,0.0,0,36,40.0,Approved,Awarded,Low,25.0,Low,Initial Site Mobilization and Statutory Clearance Processing
Jharkhand,PRJ0031,Unnamed Infrastructure Project,Road Transport & Highways,Central Executing Agency,Ministry of Road Transport and Highways,100.0,100.0,0.0,0.0,0,36,40.0,Approved,Awarded,Low,25.0,Low,Initial Site Mobilization and Statutory Clearance Processing
Maharashtra,PRJ0032,Unnamed Infrastructure Project,Road Transport & Highways,Central Executing Agency,Ministry of Road Transport and Highways,100.0,100.0,0.0,0.0,0,36,40.0,Approved,Awarded,Low,25.0,Low,Initial Site Mobilization and Statutory Clearance Processing
Maharashtra,PRJ0033,Unnamed Infrastructure Project,Road Transport & Highways,Central Executing Agency,Ministry of Road Transport and Highways,100.0,100.0,0.0,0.0,0,36,40.0,Approved,Awarded,Low,25.0,Low,Initial Site Mobilization and Statutory Clearance Processing
Maharashtra,PRJ0034,Unnamed Infrastructure Project,Road Transport & Highways,Central Executing Agency,Ministry of Road Transport and Highways,100.0,100.0,0.0,0.0,0,36,40.0,Approved,Awarded,Low,25.0,Low,Initial Site Mobilization and Statutory Clearance Processing
Chhattisgarh,PRJ0035,Unnamed Infrastructure Project,Road Transport & Highways,Central Executing Agency,Ministry of Road Transport and Highways,100.0,100.0,0.0,0.0,0,36,40.0,Approved,Awarded,Low,25.0,Low,Initial Site Mobilization and Statutory Clearance Processing
Chhattisgarh,PRJ0036,Unnamed Infrastructure Project,Road Transport & Highways,Central Executing Agency,Ministry of Road Transport and Highways,100.0,100.0,0.0,0.0,0,36,40.0,Approved,Awarded,Low,25.0,Low,Initial Site Mobilization and Statutory Clearance Processing
Maharashtra,PRJ0037,Unnamed Infrastructure Project,Road Transport & Highways,Central Executing Agency,Ministry of Road Transport and Highways,100.0,100.0,0.0,0.0,0,36,40.0,Approved,Awarded,Low,25.0,Low,Initial Site Mobilization and Statutory Clearance Processing
Odisha,PRJ0038,Unnamed Infrastructure Project,Road Transport & Highways,Central Executing Agency,Ministry of Road Transport and Highways,100.0,100.0,0.0,0.0,0,36,40.0,Approved,Awarded,Low,25.0,Low,Initial Site Mobilization and Statutory Clearance Processing
Odisha,PRJ0039,Unnamed Infrastructure Project,Road Transport & Highways,Central Executing Agency,Ministry of Road Transport and Highways,100.0,100.0,0.0,0.0,0,36,40.0,Approved,Awarded,Low,25.0,Low,Initial Site Mobilization and Statutory Clearance Processing
Maharashtra,PRJ0040,Unnamed Infrastructure Project,Road Transport & Highways,Central Executing Agency,Ministry of Road Transport and Highways,100.0,100.0,0.0,0.0,0,36,40.0,Approved,Awarded,Low,25.0,Low,Initial Site Mobilization and Statutory Clearance Processing
Chhattisgarh,PRJ0041,Unnamed Infrastructure Project,Road Transport & Highways,Central Executing Agency,Ministry of Road Transport and Highways,100.0,100.0,0.0,0.0,0,36,40.0,Approved,Awarded,Low,25.0,Low,Initial Site Mobilization and Statutory Clearance Processing
Odisha,PRJ0042,Unnamed Infrastructure Project,Road Transport & Highways,Central Executing Agency,Ministry of Road Transport and Highways,100.0,100.0,0.0,0.0,0,36,40.0,Approved,Awarded,Low,25.0,Low,Initial Site Mobilization and Statutory Clearance Processing
Maharashtra,PRJ0043,Unnamed Infrastructure Project,Road Transport & Highways,Central Executing Agency,Ministry of Road Transport and Highways,100.0,100.0,0.0,0.0,0,36,40.0,Approved,Awarded,Low,25.0,Low,Initial Site Mobilization and Statutory Clearance Processing
Odisha,PRJ0044,Unnamed Infrastructure Project,Road Transport & Highways,Central Executing Agency,Ministry of Road Transport and Highways,100.0,100.0,0.0,0.0,0,36,40.0,Approved,Awarded,Low,25.0,Low,Initial Site Mobilization and Statutory Clearance Processing
Madhya Pradesh,PRJ0045,Unnamed Infrastructure Project,Road Transport & Highways,Central Executing Agency,Ministry of Road Transport and Highways,100.0,100.0,0.0,0.0,0,36,40.0,Approved,Awarded,Low,25.0,Low,Initial Site Mobilization and Statutory Clearance Processing
Madhya Pradesh,PRJ0046,Unnamed Infrastructure Project,Road Transport & Highways,Central Executing Agency,Ministry of Road Transport and Highways,100.0,100.0,0.0,0.0,0,36,40.0,Approved,Awarded,Low,25.0,Low,Initial Site Mobilization and Statutory Clearance Processing
Jharkhand,PRJ0047,Unnamed Infrastructure Project,Road Transport & Highways,Central Executing Agency,Ministry of Road Transport and Highways,100.0,100.0,0.0,0.0,0,36,40.0,Approved,Awarded,Low,25.0,Low,Initial Site Mobilization and Statutory Clearance Processing
West Bengal,PRJ0048,Unnamed Infrastructure Project,Road Transport & Highways,Central Executing Agency,Ministry of Road Transport and Highways,100.0,100.0,0.0,0.0,0,36,40.0,Approved,Awarded,Low,25.0,Low,Initial Site Mobilization and Statutory Clearance Processing
Jharkhand,PRJ0049,Unnamed Infrastructure Project,Road Transport & Highways,Central Executing Agency,Ministry of Road Transport and Highways,100.0,100.0,0.0,0.0,0,36,40.0,Approved,Awarded,Low,25.0,Low,Initial Site Mobilization and Statutory Clearance Processing
West Bengal,PRJ0050,Unnamed Infrastructure Project,Road Transport & Highways,Central Executing Agency,Ministry of Road Transport and Highways,100.0,100.0,0.0,0.0,0,36,40.0,Approved,Awarded,Low,25.0,Low,Initial Site Mobilization and Statutory Clearance Processing
West Bengal,PRJ0051,Unnamed Infrastructure Project,Road Transport & Highways,Central Executing Agency,Ministry of Road Transport and Highways,100.0,100.0,0.0,0.0,0,36,40.0,Approved,Awarded,Low,25.0,Low,Initial Site Mobilization and Statutory Clearance Processing
Maharashtra,PRJ0052,Unnamed Infrastructure Project,Road Transport & Highways,Central Executing Agency,Ministry of Road Transport and Highways,100.0,100.0,0.0,0.0,0,36,40.0,Approved,Awarded,Low,25.0,Low,Initial Site Mobilization and Statutory Clearance Processing
Maharashtra,PRJ0053,Unnamed Infrastructure Project,Road Transport & Highways,Central Executing Agency,Ministry of Road Transport and Highways,100.0,100.0,0.0,0.0,0,36,40.0,Approved,Awarded,Low,25.0,Low,Initial Site Mobilization and Statutory Clearance Processing
Chhattisgarh,PRJ0054,Unnamed Infrastructure Project,Road Transport & Highways,Central Executing Agency,Ministry of Road Transport and Highways,100.0,100.0,0.0,0.0,0,36,40.0,Approved,Awarded,Low,25.0,Low,Initial Site Mobilization and Statutory Clearance Processing
Jharkhand,PRJ0055,Unnamed Infrastructure Project,Road Transport & Highways,Central Executing Agency,Ministry of Road Transport and Highways,100.0,100.0,0.0,0.0,0,36,40.0,Approved,Awarded,Low,25.0,Low,Initial Site Mobilization and Statutory Clearance Processing
Odisha,PRJ0056,Unnamed Infrastructure Project,Road Transport & Highways,Central Executing Agency,Ministry of Road Transport and Highways,100.0,100.0,0.0,0.0,0,36,40.0,Approved,Awarded,Low,25.0,Low,Initial Site Mobilization and Statutory Clearance Processing
Andhra Pradesh,PRJ0057,Unnamed Infrastructure Project,Road Transport & Highways,Central Executing Agency,Ministry of Road Transport and Highways,100.0,100.0,0.0,0.0,0,36,40.0,Approved,Awarded,Low,25.0,Low,Initial Site Mobilization and Statutory Clearance Processing
West Bengal,PRJ0058,Unnamed Infrastructure Project,Road Transport & Highways,Central Executing Agency,Ministry of Road Transport and Highways,100.0,100.0,0.0,0.0,0,36,40.0,Approved,Awarded,Low,25.0,Low,Initial Site Mobilization and Statutory Clearance Processing
Maharashtra,PRJ0059,Unnamed Infrastructure Project,Road Transport & Highways,Central Executing Agency,Ministry of Road Transport and Highways,100.0,100.0,0.0,0.0,0,36,40.0,Approved,Awarded,Low,25.0,Low,Initial Site Mobilization and Statutory Clearance Processing
Maharashtra,PRJ0060,Unnamed Infrastructure Project,Road Transport & Highways,Central Executing Agency,Ministry of Road Transport and Highways,100.0,100.0,0.0,0.0,0,36,40.0,Approved,Awarded,Low,25.0,Low,Initial Site Mobilization and Statutory Clearance Processing
Maharashtra,PRJ0061,Unnamed Infrastructure Project,Road Transport & Highways,Central Executing Agency,Ministry of Road Transport and Highways,100.0,100.0,0.0,0.0,0,36,40.0,Approved,Awarded,Low,25.0,Low,Initial Site Mobilization and Statutory Clearance Processing
Chhattisgarh,PRJ0062,Unnamed Infrastructure Project,Road Transport & Highways,Central Executing Agency,Ministry of Road Transport and Highways,100.0,100.0,0.0,0.0,0,36,40.0,Approved,Awarded,Low,25.0,Low,Initial Site Mobilization and Statutory Clearance Processing
Maharashtra,PRJ0063,Unnamed Infrastructure Project,Road Transport & Highways,Central Executing Agency,Ministry of Road Transport and Highways,100.0,100.0,0.0,0.0,0,36,40.0,Approved,Awarded,Low,25.0,Low,Initial Site Mobilization and Statutory Clearance Processing
Jharkhand,PRJ0064,Unnamed Infrastructure Project,Road Transport & Highways,Central Executing Agency,Ministry of Road Transport and Highways,100.0,100.0,0.0,0.0,0,36,40.0,Approved,Awarded,Low,25.0,Low,Initial Site Mobilization and Statutory Clearance Processing
Maharashtra,PRJ0065,Unnamed Infrastructure Project,Road Transport & Highways,Central Executing Agency,Ministry of Road Transport and Highways,100.0,100.0,0.0,0.0,0,36,40.0,Approved,Awarded,Low,25.0,Low,Initial Site Mobilization and Statutory Clearance Processing
Jharkhand,PRJ0066,Unnamed Infrastructure Project,Road Transport & Highways,Central Executing Agency,Ministry of Road Transport and Highways,100.0,100.0,0.0,0.0,0,36,40.0,Approved,Awarded,Low,25.0,Low,Initial Site Mobilization and Statutory Clearance Processing
Odisha,PRJ0067,Unnamed Infrastructure Project,Road Transport & Highways,Central Executing Agency,Ministry of Road Transport and Highways,100.0,100.0,0.0,0.0,0,36,40.0,Approved,Awarded,Low,25.0,Low,Initial Site Mobilization and Statutory Clearance Processing
Odisha,PRJ0068,Unnamed Infrastructure Project,Road Transport & Highways,Central Executing Agency,Ministry of Road Transport and Highways,100.0,100.0,0.0,0.0,0,36,40.0,Approved,Awarded,Low,25.0,Low,Initial Site Mobilization and Statutory Clearance Processing
West Bengal,PRJ0069,Unnamed Infrastructure Project,Road Transport & Highways,Central Executing Agency,Ministry of Road Transport and Highways,100.0,100.0,0.0,0.0,0,36,40.0,Approved,Awarded,Low,25.0,Low,Initial Site Mobilization and Statutory Clearance Processing
Jharkhand,PRJ0070,Unnamed Infrastructure Project,Road Transport & Highways,Central Executing Agency,Ministry of Road Transport and Highways,100.0,100.0,0.0,0.0,0,36,40.0,Approved,Awarded,Low,25.0,Low,Initial Site Mobilization and Statutory Clearance Processing
Odisha,PRJ0071,Unnamed Infrastructure Project,Road Transport & Highways,Central Executing Agency,Ministry of Road Transport and Highways,100.0,100.0,0.0,0.0,0,36,40.0,Approved,Awarded,Low,25.0,Low,Initial Site Mobilization and Statutory Clearance Processing
Odisha,PRJ0072,Unnamed Infrastructure Project,Road Transport & Highways,Central Executing Agency,Ministry of Road Transport and Highways,100.0,100.0,0.0,0.0,0,36,40.0,Approved,Awarded,Low,25.0,Low,Initial Site Mobilization and Statutory Clearance Processing
West Bengal,PRJ0073,Unnamed Infrastructure Project,Road Transport & Highways,Central Executing Agency,Ministry of Road Transport and Highways,100.0,100.0,0.0,0.0,0,36,40.0,Approved,Awarded,Low,25.0,Low,Initial Site Mobilization and Statutory Clearance Processing
Jharkhand,PRJ0074,Unnamed Infrastructure Project,Road Transport & Highways,Central Executing Agency,Ministry of Road Transport and Highways,100.0,100.0,0.0,0.0,0,36,40.0,Approved,Awarded,Low,25.0,Low,Initial Site Mobilization and Statutory Clearance Processing
Jharkhand,PRJ0075,Unnamed Infrastructure Project,Road Transport & Highways,Central Executing Agency,Ministry of Road Transport and Highways,100.0,100.0,0.0,0.0,0,36,40.0,Approved,Awarded,Low,25.0,Low,Initial Site Mobilization and Statutory Clearance Processing
Madhya Pradesh,PRJ0076,Unnamed Infrastructure Project,Road Transport & Highways,Central Executing Agency,Ministry of Road Transport and Highways,100.0,100.0,0.0,0.0,0,36,40.0,Approved,Awarded,Low,25.0,Low,Initial Site Mobilization and Statutory Clearance Processing
West Bengal,PRJ0077,Unnamed Infrastructure Project,Road Transport & Highways,Central Executing Agency,Ministry of Road Transport and Highways,100.0,100.0,0.0,0.0,0,36,40.0,Approved,Awarded,Low,25.0,Low,Initial Site Mobilization and Statutory Clearance Processing
Jharkhand,PRJ0078,Unnamed Infrastructure Project,Road Transport & Highways,Central Executing Agency,Ministry of Road Transport and Highways,100.0,100.0,0.0,0.0,0,36,40.0,Approved,Awarded,Low,25.0,Low,Initial Site Mobilization and Statutory Clearance Processing
Chhattisgarh,PRJ0079,Unnamed Infrastructure Project,Road Transport & Highways,Central Executing Agency,Ministry of Road Transport and Highways,100.0,100.0,0.0,0.0,0,36,40.0,Approved,Awarded,Low,25.0,Low,Initial Site Mobilization and Statutory Clearance Processing
Jharkhand,PRJ0080,Unnamed Infrastructure Project,Road Transport & Highways,Central Executing Agency,Ministry of Road Transport and Highways,100.0,100.0,0.0,0.0,0,36,40.0,Approved,Awarded,Low,25.0,Low,Initial Site Mobilization and Statutory Clearance Processing
Jharkhand,PRJ0081,Unnamed Infrastructure Project,Road Transport & Highways,Central Executing Agency,Ministry of Road Transport and Highways,100.0,100.0,0.0,0.0,0,36,40.0,Approved,Awarded,Low,25.0,Low,Initial Site Mobilization and Statutory Clearance Processing
Chhattisgarh,PRJ0082,Unnamed Infrastructure Project,Road Transport & Highways,Central Executing Agency,Ministry of Road Transport and Highways,100.0,100.0,0.0,0.0,0,36,40.0,Approved,Awarded,Low,25.0,Low,Initial Site Mobilization and Statutory Clearance Processing
Jharkhand,PRJ0083,Unnamed Infrastructure Project,Road Transport & Highways,Central Executing Agency,Ministry of Road Transport and Highways,100.0,100.0,0.0,0.0,0,36,40.0,Approved,Awarded,Low,25.0,Low,Initial Site Mobilization and Statutory Clearance Processing
Chhattisgarh,PRJ0084,Unnamed Infrastructure Project,Road Transport & Highways,Central Executing Agency,Ministry of Road Transport and Highways,100.0,100.0,0.0,0.0,0,36,40.0,Approved,Awarded,Low,25.0,Low,Initial Site Mobilization and Statutory Clearance Processing
Madhya Pradesh,PRJ0085,Unnamed Infrastructure Project,Road Transport & Highways,Central Executing Agency,Ministry of Road Transport and Highways,100.0,100.0,0.0,0.0,0,36,40.0,Approved,Awarded,Low,25.0,Low,Initial Site Mobilization and Statutory Clearance Processing
Maharashtra,PRJ0086,Unnamed Infrastructure Project,Road Transport & Highways,Central Executing Agency,Ministry of Road Transport and Highways,100.0,100.0,0.0,0.0,0,36,40.0,Approved,Awarded,Low,25.0,Low,Initial Site Mobilization and Statutory Clearance Processing
Maharashtra,PRJ0087,Unnamed Infrastructure Project,Road Transport & Highways,Central Executing Agency,Ministry of Road Transport and Highways,100.0,100.0,0.0,0.0,0,36,40.0,Approved,Awarded,Low,25.0,Low,Initial Site Mobilization and Statutory Clearance Processing
Jharkhand,PRJ0088,Unnamed Infrastructure Project,Road Transport & Highways,Central Executing Agency,Ministry of Road Transport and Highways,100.0,100.0,0.0,0.0,0,36,40.0,Approved,Awarded,Low,25.0,Low,Initial Site Mobilization and Statutory Clearance Processing
Andhra Pradesh,PRJ0089,Unnamed Infrastructure Project,Road Transport & Highways,Central Executing Agency,Ministry of Road Transport and Highways,100.0,100.0,0.0,0.0,0,36,40.0,Approved,Awarded,Low,25.0,Low,Initial Site Mobilization and Statutory Clearance Processing
Chhattisgarh,PRJ0090,Unnamed Infrastructure Project,Road Transport & Highways,Central Executing Agency,Ministry of Road Transport and Highways,100.0,100.0,0.0,0.0,0,36,40.0,Approved,Awarded,Low,25.0,Low,Initial Site Mobilization and Statutory Clearance Processing
Chhattisgarh,PRJ0091,Unnamed Infrastructure Project,Road Transport & Highways,Central Executing Agency,Ministry of Road Transport and Highways,100.0,100.0,0.0,0.0,0,36,40.0,Approved,Awarded,Low,25.0,Low,Initial Site Mobilization and Statutory Clearance Processing
Chhattisgarh,PRJ0092,Unnamed Infrastructure Project,Road Transport & Highways,Central Executing Agency,Ministry of Road Transport and Highways,100.0,100.0,0.0,0.0,0,36,40.0,Approved,Awarded,Low,25.0,Low,Initial Site Mobilization and Statutory Clearance Processing
Maharashtra,PRJ0093,Unnamed Infrastructure Project,Road Transport & Highways,Central Executing Agency,Ministry of Road Transport and Highways,100.0,100.0,0.0,0.0,0,36,40.0,Approved,Awarded,Low,25.0,Low,Initial Site Mobilization and Statutory Clearance Processing
Chhattisgarh,PRJ0094,Unnamed Infrastructure Project,Road Transport & Highways,Central Executing Agency,Ministry of Road Transport and Highways,100.0,100.0,0.0,0.0,0,36,40.0,Approved,Awarded,Low,25.0,Low,Initial Site Mobilization and Statutory Clearance Processing
West Bengal,PRJ0095,Unnamed Infrastructure Project,Road Transport & Highways,Central Executing Agency,Ministry of Road Transport and Highways,100.0,100.0,0.0,0.0,0,36,40.0,Approved,Awarded,Low,25.0,Low,Initial Site Mobilization and Statutory Clearance Processing
Jharkhand,PRJ0096,Unnamed Infrastructure Project,Road Transport & Highways,Central Executing Agency,Ministry of Road Transport and Highways,100.0,100.0,0.0,0.0,0,36,40.0,Approved,Awarded,Low,25.0,Low,Initial Site Mobilization and Statutory Clearance Processing
Jharkhand,PRJ0097,Unnamed Infrastructure Project,Road Transport & Highways,Central Executing Agency,Ministry of Road Transport and Highways,100.0,100.0,0.0,0.0,0,36,40.0,Approved,Awarded,Low,25.0,Low,Initial Site Mobilization and Statutory Clearance Processing
Maharashtra,PRJ0098,Unnamed Infrastructure Project,Road Transport & Highways,Central Executing Agency,Ministry of Road Transport and Highways,100.0,100.0,0.0,0.0,0,36,40.0,Approved,Awarded,Low,25.0,Low,Initial Site Mobilization and Statutory Clearance Processing
Jharkhand,PRJ0099,Unnamed Infrastructure Project,Road Transport & Highways,Central Executing Agency,Ministry of Road Transport and Highways,100.0,100.0,0.0,0.0,0,36,40.0,Approved,Awarded,Low,25.0,Low,Initial Site Mobilization and Statutory Clearance Processing
West Bengal,PRJ0100,Unnamed Infrastructure Project,Road Transport & Highways,Central Executing Agency,Ministry of Road Transport and Highways,100.0,100.0,0.0,0.0,0,36,40.0,Approved,Awarded,Low,25.0,Low,Initial Site Mobilization and Statutory Clearance Processing
Maharashtra,PRJ0101,Unnamed Infrastructure Project,Road Transport & Highways,Central Executing Agency,Ministry of Road Transport and Highways,100.0,100.0,0.0,0.0,0,36,40.0,Approved,Awarded,Low,25.0,Low,Initial Site Mobilization and Statutory Clearance Processing
Madhya Pradesh,PRJ0102,Unnamed Infrastructure Project,Road Transport & Highways,Central Executing Agency,Ministry of Road Transport and Highways,100.0,100.0,0.0,0.0,0,36,40.0,Approved,Awarded,Low,25.0,Low,Initial Site Mobilization and Statutory Clearance Processing
Maharashtra,PRJ0103,Unnamed Infrastructure Project,Road Transport & Highways,Central Executing Agency,Ministry of Road Transport and Highways,100.0,100.0,0.0,0.0,0,36,40.0,Approved,Awarded,Low,25.0,Low,Initial Site Mobilization and Statutory Clearance Processing
Tamil Nadu,PRJ0104,Unnamed Infrastructure Project,Road Transport & Highways,Central Executing Agency,Ministry of Road Transport and Highways,100.0,100.0,0.0,0.0,0,36,40.0,Approved,Awarded,Low,25.0,Low,Initial Site Mobilization and Statutory Clearance Processing
Andhra Pradesh,PRJ0105,Unnamed Infrastructure Project,Road Transport & Highways,Central Executing Agency,Ministry of Road Transport and Highways,100.0,100.0,0.0,0.0,0,36,40.0,Approved,Awarded,Low,25.0,Low,Initial Site Mobilization and Statutory Clearance Processing
West Bengal,PRJ0106,Unnamed Infrastructure Project,Road Transport & Highways,Central Executing Agency,Ministry of Road Transport and Highways,100.0,100.0,0.0,0.0,0,36,40.0,Approved,Awarded,Low,25.0,Low,Initial Site Mobilization and Statutory Clearance Processing
West Bengal,PRJ0107,Unnamed Infrastructure Project,Road Transport & Highways,Central Executing Agency,Ministry of Road Transport and Highways,100.0,100.0,0.0,0.0,0,36,40.0,Approved,Awarded,Low,25.0,Low,Initial Site Mobilization and Statutory Clearance Processing
Chhattisgarh,PRJ0108,Unnamed Infrastructure Project,Road Transport & Highways,Central Executing Agency,Ministry of Road Transport and Highways,100.0,100.0,0.0,0.0,0,36,40.0,Approved,Awarded,Low,25.0,Low,Initial Site Mobilization and Statutory Clearance Processing
Chhattisgarh,PRJ0109,Unnamed Infrastructure Project,Road Transport & Highways,Central Executing Agency,Ministry of Road Transport and Highways,100.0,100.0,0.0,0.0,0,36,40.0,Approved,Awarded,Low,25.0,Low,Initial Site Mobilization and Statutory Clearance Processing
Jharkhand,PRJ0110,Unnamed Infrastructure Project,Road Transport & Highways,Central Executing Agency,Ministry of Road Transport and Highways,100.0,100.0,0.0,0.0,0,36,40.0,Approved,Awarded,Low,25.0,Low,Initial Site Mobilization and Statutory Clearance Processing
Jharkhand,PRJ0111,Unnamed Infrastructure Project,Road Transport & Highways,Central Executing Agency,Ministry of Road Transport and Highways,100.0,100.0,0.0,0.0,0,36,40.0,Approved,Awarded,Low,25.0,Low,Initial Site Mobilization and Statutory Clearance Processing
West Bengal,PRJ0112,Unnamed Infrastructure Project,Road Transport & Highways,Central Executing Agency,Ministry of Road Transport and Highways,100.0,100.0,0.0,0.0,0,36,40.0,Approved,Awarded,Low,25.0,Low,Initial Site Mobilization and Statutory Clearance Processing
Chhattisgarh,PRJ0113,Unnamed Infrastructure Project,Road Transport & Highways,Central Executing Agency,Ministry of Road Transport and Highways,100.0,100.0,0.0,0.0,0,36,40.0,Approved,Awarded,Low,25.0,Low,Initial Site Mobilization and Statutory Clearance Processing
Maharashtra,PRJ0114,Unnamed Infrastructure Project,Road Transport & Highways,Central Executing Agency,Ministry of Road Transport and Highways,100.0,100.0,0.0,0.0,0,36,40.0,Approved,Awarded,Low,25.0,Low,Initial Site Mobilization and Statutory Clearance Processing
Maharashtra,PRJ0115,Unnamed Infrastructure Project,Road Transport & Highways,Central Executing Agency,Ministry of Road Transport and Highways,100.0,100.0,0.0,0.0,0,36,40.0,Approved,Awarded,Low,25.0,Low,Initial Site Mobilization and Statutory Clearance Processing
Maharashtra,PRJ0116,Unnamed Infrastructure Project,Road Transport & Highways,Central Executing Agency,Ministry of Road Transport and Highways,100.0,100.0,0.0,0.0,0,36,40.0,Approved,Awarded,Low,25.0,Low,Initial Site Mobilization and Statutory Clearance Processing
Maharashtra,PRJ0117,Unnamed Infrastructure Project,Road Transport & Highways,Central Executing Agency,Ministry of Road Transport and Highways,100.0,100.0,0.0,0.0,0,36,40.0,Approved,Awarded,Low,25.0,Low,Initial Site Mobilization and Statutory Clearance Processing
Jharkhand,PRJ0118,Unnamed Infrastructure Project,Road Transport & Highways,Central Executing Agency,Ministry of Road Transport and Highways,100.0,100.0,0.0,0.0,0,36,40.0,Approved,Awarded,Low,25.0,Low,Initial Site Mobilization and Statutory Clearance Processing
Maharashtra,PRJ0119,Unnamed Infrastructure Project,Road Transport & Highways,Central Executing Agency,Ministry of Road Transport and Highways,100.0,100.0,0.0,0.0,0,36,40.0,Approved,Awarded,Low,25.0,Low,Initial Site Mobilization and Statutory Clearance Processing
Maharashtra,PRJ0120,Unnamed Infrastructure Project,Road Transport & Highways,Central Executing Agency,Ministry of Road Transport and Highways,100.0,100.0,0.0,0.0,0,36,40.0,Approved,Awarded,Low,25.0,Low,Initial Site Mobilization and Statutory Clearance Processing
Maharashtra,PRJ0121,Unnamed Infrastructure Project,Road Transport & Highways,Central Executing Agency,Ministry of Road Transport and Highways,100.0,100.0,0.0,0.0,0,36,40.0,Approved,Awarded,Low,25.0,Low,Initial Site Mobilization and Statutory Clearance Processing
Maharashtra,PRJ0122,Unnamed Infrastructure Project,Road Transport & Highways,Central Executing Agency,Ministry of Road Transport and Highways,100.0,100.0,0.0,0.0,0,36,40.0,Approved,Awarded,Low,25.0,Low,Initial Site Mobilization and Statutory Clearance Processing
West Bengal,PRJ0123,Unnamed Infrastructure Project,Road Transport & Highways,Central Executing Agency,Ministry of Road Transport and Highways,100.0,100.0,0.0,0.0,0,36,40.0,Approved,Awarded,Low,25.0,Low,Initial Site Mobilization and Statutory Clearance Processing
Odisha,PRJ0124,Unnamed Infrastructure Project,Road Transport & Highways,Central Executing Agency,Ministry of Road Transport and Highways,100.0,100.0,0.0,0.0,0,36,40.0,Approved,Awarded,Low,25.0,Low,Initial Site Mobilization and Statutory Clearance Processing
Maharashtra,PRJ0125,Unnamed Infrastructure Project,Road Transport & Highways,Central Executing Agency,Ministry of Road Transport and Highways,100.0,100.0,0.0,0.0,0,36,40.0,Approved,Awarded,Low,25.0,Low,Initial Site Mobilization and Statutory Clearance Processing
Jharkhand,PRJ0126,Unnamed Infrastructure Project,Road Transport & Highways,Central Executing Agency,Ministry of Road Transport and Highways,100.0,100.0,0.0,0.0,0,36,40.0,Approved,Awarded,Low,25.0,Low,Initial Site Mobilization and Statutory Clearance Processing
West Bengal,PRJ0127,Unnamed Infrastructure Project,Road Transport & Highways,Central Executing Agency,Ministry of Road Transport and Highways,100.0,100.0,0.0,0.0,0,36,40.0,Approved,Awarded,Low,25.0,Low,Initial Site Mobilization and Statutory Clearance Processing
Odisha,PRJ0128,Unnamed Infrastructure Project,Road Transport & Highways,Central Executing Agency,Ministry of Road Transport and Highways,100.0,100.0,0.0,0.0,0,36,40.0,Approved,Awarded,Low,25.0,Low,Initial Site Mobilization and Statutory Clearance Processing
Tamil Nadu,PRJ0129,Unnamed Infrastructure Project,Road Transport & Highways,Central Executing Agency,Ministry of Road Transport and Highways,100.0,100.0,0.0,0.0,0,36,40.0,Approved,Awarded,Low,25.0,Low,Initial Site Mobilization and Statutory Clearance Processing
Jharkhand,PRJ0130,Unnamed Infrastructure Project,Road Transport & Highways,Central Executing Agency,Ministry of Road Transport and Highways,100.0,100.0,0.0,0.0,0,36,40.0,Approved,Awarded,Low,25.0,Low,Initial Site Mobilization and Statutory Clearance Processing
Jharkhand,PRJ0131,Unnamed Infrastructure Project,Road Transport & Highways,Central Executing Agency,Ministry of Road Transport and Highways,100.0,100.0,0.0,0.0,0,36,40.0,Approved,Awarded,Low,25.0,Low,Initial Site Mobilization and Statutory Clearance Processing
Tamil Nadu,PRJ0132,Unnamed Infrastructure Project,Road Transport & Highways,Central Executing Agency,Ministry of Road Transport and Highways,100.0,100.0,0.0,0.0,0,36,40.0,Approved,Awarded,Low,25.0,Low,Initial Site Mobilization and Statutory Clearance Processing
West Bengal,PRJ0133,Unnamed Infrastructure Project,Road Transport & Highways,Central Executing Agency,Ministry of Road Transport and Highways,100.0,100.0,0.0,0.0,0,36,40.0,Approved,Awarded,Low,25.0,Low,Initial Site Mobilization and Statutory Clearance Processing
Rajasthan,PRJ0134,Unnamed Infrastructure Project,Road Transport & Highways,Central Executing Agency,Ministry of Road Transport and Highways,100.0,100.0,0.0,0.0,0,36,40.0,Approved,Awarded,Low,25.0,Low,Initial Site Mobilization and Statutory Clearance Processing
Maharashtra,PRJ0135,Unnamed Infrastructure Project,Road Transport & Highways,Central Executing Agency,Ministry of Road Transport and Highways,100.0,100.0,0.0,0.0,0,36,40.0,Approved,Awarded,Low,25.0,Low,Initial Site Mobilization and Statutory Clearance Processing
Maharashtra,PRJ0136,Unnamed Infrastructure Project,Road Transport & Highways,Central Executing Agency,Ministry of Road Transport and Highways,100.0,100.0,0.0,0.0,0,36,40.0,Approved,Awarded,Low,25.0,Low,Initial Site Mobilization and Statutory Clearance Processing
Jharkhand,PRJ0137,Unnamed Infrastructure Project,Road Transport & Highways,Central Executing Agency,Ministry of Road Transport and Highways,100.0,100.0,0.0,0.0,0,36,40.0,Approved,Awarded,Low,25.0,Low,Initial Site Mobilization and Statutory Clearance Processing
Maharashtra,PRJ0138,Unnamed Infrastructure Project,Road Transport & Highways,Central Executing Agency,Ministry of Road Transport and Highways,100.0,100.0,0.0,0.0,0,36,40.0,Approved,Awarded,Low,25.0,Low,Initial Site Mobilization and Statutory Clearance Processing
Bihar,PRJ0139,Unnamed Infrastructure Project,Road Transport & Highways,Central Executing Agency,Ministry of Road Transport and Highways,100.0,100.0,0.0,0.0,0,36,40.0,Approved,Awarded,Low,25.0,Low,Initial Site Mobilization and Statutory Clearance Processing
Kerala,PRJ0140,Unnamed Infrastructure Project,Road Transport & Highways,Central Executing Agency,Ministry of Road Transport and Highways,100.0,100.0,0.0,0.0,0,36,40.0,Approved,Awarded,Low,25.0,Low,Initial Site Mobilization and Statutory Clearance Processing
Telangana,PRJ0141,Unnamed Infrastructure Project,Road Transport & Highways,Central Executing Agency,Ministry of Road Transport and Highways,100.0,100.0,0.0,0.0,0,36,40.0,Approved,Awarded,Low,25.0,Low,Initial Site Mobilization and Statutory Clearance Processing
West Bengal,PRJ0142,Unnamed Infrastructure Project,Road Transport & Highways,Central Executing Agency,Ministry of Road Transport and Highways,100.0,100.0,0.0,0.0,0,36,40.0,Approved,Awarded,Low,25.0,Low,Initial Site Mobilization and Statutory Clearance Processing
Odisha,PRJ0143,Unnamed Infrastructure Project,Road Transport & Highways,Central Executing Agency,Ministry of Road Transport and Highways,100.0,100.0,0.0,0.0,0,36,40.0,Approved,Awarded,Low,25.0,Low,Initial Site Mobilization and Statutory Clearance Processing
Bihar,PRJ0144,Unnamed Infrastructure Project,Road Transport & Highways,Central Executing Agency,Ministry of Road Transport and Highways,100.0,100.0,0.0,0.0,0,36,40.0,Approved,Awarded,Low,25.0,Low,Initial Site Mobilization and Statutory Clearance Processing
Madhya Pradesh,PRJ0145,Unnamed Infrastructure Project,Road Transport & Highways,Central Executing Agency,Ministry of Road Transport and Highways,100.0,100.0,0.0,0.0,0,36,40.0,Approved,Awarded,Low,25.0,Low,Initial Site Mobilization and Statutory Clearance Processing
Uttarakhand,PRJ0146,Unnamed Infrastructure Project,Road Transport & Highways,Central Executing Agency,Ministry of Road Transport and Highways,100.0,100.0,0.0,0.0,0,36,40.0,Approved,Awarded,Low,25.0,Low,Initial Site Mobilization and Statutory Clearance Processing
Meghalaya,PRJ0147,Unnamed Infrastructure Project,Road Transport & Highways,Central Executing Agency,Ministry of Road Transport and Highways,100.0,100.0,0.0,0.0,0,36,40.0,Approved,Awarded,Low,25.0,Low,Initial Site Mobilization and Statutory Clearance Processing
Punjab,PRJ0148,Unnamed Infrastructure Project,Road Transport & Highways,Central Executing Agency,Ministry of Road Transport and Highways,100.0,100.0,0.0,0.0,0,36,40.0,Approved,Awarded,Low,25.0,Low,Initial Site Mobilization and Statutory Clearance Processing
Odisha,PRJ0149,Unnamed Infrastructure Project,Road Transport & Highways,Central Executing Agency,Ministry of Road Transport and Highways,100.0,100.0,0.0,0.0,0,36,40.0,Approved,Awarded,Low,25.0,Low,Initial Site Mobilization and Statutory Clearance Processing
Jammu & Kashmir,PRJ0150,Unnamed Infrastructure Project,Road Transport & Highways,Central Executing Agency,Ministry of Road Transport and Highways,100.0,100.0,0.0,0.0,0,36,40.0,Approved,Awarded,Low,25.0,Low,Initial Site Mobilization and Statutory Clearance Processing
Karnataka,PRJ0151,Unnamed Infrastructure Project,Road Transport & Highways,Central Executing Agency,Ministry of Road Transport and Highways,100.0,100.0,0.0,0.0,0,36,40.0,Approved,Awarded,Low,25.0,Low,Initial Site Mobilization and Statutory Clearance Processing
Odisha,PRJ0152,Unnamed Infrastructure Project,Road Transport & Highways,Central Executing Agency,Ministry of Road Transport and Highways,100.0,100.0,0.0,0.0,0,36,40.0,Approved,Awarded,Low,25.0,Low,Initial Site Mobilization and Statutory Clearance Processing
Andhra Pradesh,PRJ0153,Unnamed Infrastructure Project,Road Transport & Highways,Central Executing Agency,Ministry of Road Transport and Highways,100.0,100.0,0.0,0.0,0,36,40.0,Approved,Awarded,Low,25.0,Low,Initial Site Mobilization and Statutory Clearance Processing
Gujarat,PRJ0154,Unnamed Infrastructure Project,Road Transport & Highways,Central Executing Agency,Ministry of Road Transport and Highways,100.0,100.0,0.0,0.0,0,36,40.0,Approved,Awarded,Low,25.0,Low,Initial Site Mobilization and Statutory Clearance Processing
Himachal Pradesh,PRJ0155,Unnamed Infrastructure Project,Road Transport & Highways,Central Executing Agency,Ministry of Road Transport and Highways,100.0,100.0,0.0,0.0,0,36,40.0,Approved,Awarded,Low,25.0,Low,Initial Site Mobilization and Statutory Clearance Processing
Punjab,PRJ0156,Unnamed Infrastructure Project,Road Transport & Highways,Central Executing Agency,Ministry of Road Transport and Highways,100.0,100.0,0.0,0.0,0,36,40.0,Approved,Awarded,Low,25.0,Low,Initial Site Mobilization and Statutory Clearance Processing
Assam,PRJ0157,Unnamed Infrastructure Project,Road Transport & Highways,Central Executing Agency,Ministry of Road Transport and Highways,100.0,100.0,0.0,0.0,0,36,40.0,Approved,Awarded,Low,25.0,Low,Initial Site Mobilization and Statutory Clearance Processing
Telangana,PRJ0158,Unnamed Infrastructure Project,Road Transport & Highways,Central Executing Agency,Ministry of Road Transport and Highways,100.0,100.0,0.0,0.0,0,36,40.0,Approved,Awarded,Low,25.0,Low,Initial Site Mobilization and Statutory Clearance Processing
Sikkim,PRJ0159,Unnamed Infrastructure Project,Road Transport & Highways,Central Executing Agency,Ministry of Road Transport and Highways,100.0,100.0,0.0,0.0,0,36,40.0,Approved,Awarded,Low,25.0,Low,Initial Site Mobilization and Statutory Clearance Processing
Delhi,PRJ0160,Unnamed Infrastructure Project,Road Transport & Highways,Central Executing Agency,Ministry of Road Transport and Highways,100.0,100.0,0.0,0.0,0,36,40.0,Approved,Awarded,Low,25.0,Low,Initial Site Mobilization and Statutory Clearance Processing
Madhya Pradesh,PRJ0161,Unnamed Infrastructure Project,Road Transport & Highways,Central Executing Agency,Ministry of Road Transport and Highways,100.0,100.0,0.0,0.0,0,36,40.0,Approved,Awarded,Low,25.0,Low,Initial Site Mobilization and Statutory Clearance Processing
Maharashtra,PRJ0162,Unnamed Infrastructure Project,Road Transport & Highways,Central Executing Agency,Ministry of Road Transport and Highways,100.0,100.0,0.0,0.0,0,36,40.0,Approved,Awarded,Low,25.0,Low,Initial Site Mobilization and Statutory Clearance Processing
Sikkim,PRJ0163,Unnamed Infrastructure Project,Road Transport & Highways,Central Executing Agency,Ministry of Road Transport and Highways,100.0,100.0,0.0,0.0,0,36,40.0,Approved,Awarded,Low,25.0,Low,Initial Site Mobilization and Statutory Clearance Processing
Tamil Nadu,PRJ0164,Unnamed Infrastructure Project,Road Transport & Highways,Central Executing Agency,Ministry of Road Transport and Highways,100.0,100.0,0.0,0.0,0,36,40.0,Approved,Awarded,Low,25.0,Low,Initial Site Mobilization and Statutory Clearance Processing
Gujarat,PRJ0165,Unnamed Infrastructure Project,Road Transport & Highways,Central Executing Agency,Ministry of Road Transport and Highways,100.0,100.0,0.0,0.0,0,36,40.0,Approved,Awarded,Low,25.0,Low,Initial Site Mobilization and Statutory Clearance Processing
Rajasthan,PRJ0166,Unnamed Infrastructure Project,Road Transport & Highways,Central Executing Agency,Ministry of Road Transport and Highways,100.0,100.0,0.0,0.0,0,36,40.0,Approved,Awarded,Low,25.0,Low,Initial Site Mobilization and Statutory Clearance Processing
Karnataka,PRJ0167,Unnamed Infrastructure Project,Road Transport & Highways,Central Executing Agency,Ministry of Road Transport and Highways,100.0,100.0,0.0,0.0,0,36,40.0,Approved,Awarded,Low,25.0,Low,Initial Site Mobilization and Statutory Clearance Processing
Delhi,PRJ0168,Unnamed Infrastructure Project,Road Transport & Highways,Central Executing Agency,Ministry of Road Transport and Highways,100.0,100.0,0.0,0.0,0,36,40.0,Approved,Awarded,Low,25.0,Low,Initial Site Mobilization and Statutory Clearance Processing
Chhattisgarh,PRJ0169,Unnamed Infrastructure Project,Road Transport & Highways,Central Executing Agency,Ministry of Road Transport and Highways,100.0,100.0,0.0,0.0,0,36,40.0,Approved,Awarded,Low,25.0,Low,Initial Site Mobilization and Statutory Clearance Processing
West Bengal,PRJ0170,Unnamed Infrastructure Project,Road Transport & Highways,Central Executing Agency,Ministry of Road Transport and Highways,100.0,100.0,0.0,0.0,0,36,40.0,Approved,Awarded,Low,25.0,Low,Initial Site Mobilization and Statutory Clearance Processing
Madhya Pradesh,PRJ0171,Unnamed Infrastructure Project,Road Transport & Highways,Central Executing Agency,Ministry of Road Transport and Highways,100.0,100.0,0.0,0.0,0,36,40.0,Approved,Awarded,Low,25.0,Low,Initial Site Mobilization and Statutory Clearance Processing
Kerala,PRJ0172,Unnamed Infrastructure Project,Road Transport & Highways,Central Executing Agency,Ministry of Road Transport and Highways,100.0,100.0,0.0,0.0,0,36,40.0,Approved,Awarded,Low,25.0,Low,Initial Site Mobilization and Statutory Clearance Processing
Manipur,PRJ0173,Unnamed Infrastructure Project,Road Transport & Highways,Central Executing Agency,Ministry of Road Transport and Highways,100.0,100.0,0.0,0.0,0,36,40.0,Approved,Awarded,Low,25.0,Low,Initial Site Mobilization and Statutory Clearance Processing
Tamil Nadu,PRJ0174,Unnamed Infrastructure Project,Road Transport & Highways,Central Executing Agency,Ministry of Road Transport and Highways,100.0,100.0,0.0,0.0,0,36,40.0,Approved,Awarded,Low,25.0,Low,Initial Site Mobilization and Statutory Clearance Processing
Tamil Nadu,PRJ0175,Unnamed Infrastructure Project,Road Transport & Highways,Central Executing Agency,Ministry of Road Transport and Highways,100.0,100.0,0.0,0.0,0,36,40.0,Approved,Awarded,Low,25.0,Low,Initial Site Mobilization and Statutory Clearance Processing
Tamil Nadu,PRJ0176,Unnamed Infrastructure Project,Road Transport & Highways,Central Executing Agency,Ministry of Road Transport and Highways,100.0,100.0,0.0,0.0,0,36,40.0,Approved,Awarded,Low,25.0,Low,Initial Site Mobilization and Statutory Clearance Processing
Gujarat,PRJ0177,Unnamed Infrastructure Project,Road Transport & Highways,Central Executing Agency,Ministry of Road Transport and Highways,100.0,100.0,0.0,0.0,0,36,40.0,Approved,Awarded,Low,25.0,Low,Initial Site Mobilization and Statutory Clearance Processing
Rajasthan,PRJ0178,Unnamed Infrastructure Project,Road Transport & Highways,Central Executing Agency,Ministry of Road Transport and Highways,100.0,100.0,0.0,0.0,0,36,40.0,Approved,Awarded,Low,25.0,Low,Initial Site Mobilization and Statutory Clearance Processing
Tamil Nadu,PRJ0179,Unnamed Infrastructure Project,Road Transport & Highways,Central Executing Agency,Ministry of Road Transport and Highways,100.0,100.0,0.0,0.0,0,36,40.0,Approved,Awarded,Low,25.0,Low,Initial Site Mobilization and Statutory Clearance Processing
Tamil Nadu,PRJ0180,Unnamed Infrastructure Project,Road Transport & Highways,Central Executing Agency,Ministry of Road Transport and Highways,100.0,100.0,0.0,0.0,0,36,40.0,Approved,Awarded,Low,25.0,Low,Initial Site Mobilization and Statutory Clearance Processing
Gujarat,PRJ0181,Unnamed Infrastructure Project,Road Transport & Highways,Central Executing Agency,Ministry of Road Transport and Highways,100.0,100.0,0.0,0.0,0,36,40.0,Approved,Awarded,Low,25.0,Low,Initial Site Mobilization and Statutory Clearance Processing
Rajasthan,PRJ0182,Unnamed Infrastructure Project,Road Transport & Highways,Central Executing Agency,Ministry of Road Transport and Highways,100.0,100.0,0.0,0.0,0,36,40.0,Approved,Awarded,Low,25.0,Low,Initial Site Mobilization and Statutory Clearance Processing
Karnataka,PRJ0183,Unnamed Infrastructure Project,Road Transport & Highways,Central Executing Agency,Ministry of Road Transport and Highways,100.0,100.0,0.0,0.0,0,36,40.0,Approved,Awarded,Low,25.0,Low,Initial Site Mobilization and Statutory Clearance Processing
Odisha,PRJ0184,Unnamed Infrastructure Project,Road Transport & Highways,Central Executing Agency,Ministry of Road Transport and Highways,100.0,100.0,0.0,0.0,0,36,40.0,Approved,Awarded,Low,25.0,Low,Initial Site Mobilization and Statutory Clearance Processing
Andhra Pradesh,PRJ0185,Unnamed Infrastructure Project,Road Transport & Highways,Central Executing Agency,Ministry of Road Transport and Highways,100.0,100.0,0.0,0.0,0,36,40.0,Approved,Awarded,Low,25.0,Low,Initial Site Mobilization and Statutory Clearance Processing
West Bengal,PRJ0186,Unnamed Infrastructure Project,Road Transport & Highways,Central Executing Agency,Ministry of Road Transport and Highways,100.0,100.0,0.0,0.0,0,36,40.0,Approved,Awarded,Low,25.0,Low,Initial Site Mobilization and Statutory Clearance Processing
Bihar,PRJ0187,Unnamed Infrastructure Project,Road Transport & Highways,Central Executing Agency,Ministry of Road Transport and Highways,100.0,100.0,0.0,0.0,0,36,40.0,Approved,Awarded,Low,25.0,Low,Initial Site Mobilization and Statutory Clearance Processing
Kerala,PRJ0188,Unnamed Infrastructure Project,Road Transport & Highways,Central Executing Agency,Ministry of Road Transport and Highways,100.0,100.0,0.0,0.0,0,36,40.0,Approved,Awarded,Low,25.0,Low,Initial Site Mobilization and Statutory Clearance Processing
Assam,PRJ0189,Unnamed Infrastructure Project,Road Transport & Highways,Central Executing Agency,Ministry of Road Transport and Highways,100.0,100.0,0.0,0.0,0,36,40.0,Approved,Awarded,Low,25.0,Low,Initial Site Mobilization and Statutory Clearance Processing
Telangana,PRJ0190,Unnamed Infrastructure Project,Road Transport & Highways,Central Executing Agency,Ministry of Road Transport and Highways,100.0,100.0,0.0,0.0,0,36,40.0,Approved,Awarded,Low,25.0,Low,Initial Site Mobilization and Statutory Clearance Processing
Chhattisgarh,PRJ0191,Unnamed Infrastructure Project,Road Transport & Highways,Central Executing Agency,Ministry of Road Transport and Highways,100.0,100.0,0.0,0.0,0,36,40.0,Approved,Awarded,Low,25.0,Low,Initial Site Mobilization and Statutory Clearance Processing
Jharkhand,PRJ0192,Unnamed Infrastructure Project,Road Transport & Highways,Central Executing Agency,Ministry of Road Transport and Highways,100.0,100.0,0.0,0.0,0,36,40.0,Approved,Awarded,Low,25.0,Low,Initial Site Mobilization and Statutory Clearance Processing
Madhya Pradesh,PRJ0193,Unnamed Infrastructure Project,Road Transport & Highways,Central Executing Agency,Ministry of Road Transport and Highways,100.0,100.0,0.0,0.0,0,36,40.0,Approved,Awarded,Low,25.0,Low,Initial Site Mobilization and Statutory Clearance Processing
Maharashtra,PRJ0194,Unnamed Infrastructure Project,Road Transport & Highways,Central Executing Agency,Ministry of Road Transport and Highways,100.0,100.0,0.0,0.0,0,36,40.0,Approved,Awarded,Low,25.0,Low,Initial Site Mobilization and Statutory Clearance Processing
Uttar Pradesh,PRJ0195,Unnamed Infrastructure Project,Road Transport & Highways,Central Executing Agency,Ministry of Road Transport and Highways,100.0,100.0,0.0,0.0,0,36,40.0,Approved,Awarded,Low,25.0,Low,Initial Site Mobilization and Statutory Clearance Processing
Tamil Nadu,PRJ0196,Unnamed Infrastructure Project,Road Transport & Highways,Central Executing Agency,Ministry of Road Transport and Highways,100.0,100.0,0.0,0.0,0,36,40.0,Approved,Awarded,Low,25.0,Low,Initial Site Mobilization and Statutory Clearance Processing
Gujarat,PRJ0197,Unnamed Infrastructure Project,Road Transport & Highways,Central Executing Agency,Ministry of Road Transport and Highways,100.0,100.0,0.0,0.0,0,36,40.0,Approved,Awarded,Low,25.0,Low,Initial Site Mobilization and Statutory Clearance Processing
Rajasthan,PRJ0198,Unnamed Infrastructure Project,Road Transport & Highways,Central Executing Agency,Ministry of Road Transport and Highways,100.0,100.0,0.0,0.0,0,36,40.0,Approved,Awarded,Low,25.0,Low,Initial Site Mobilization and Statutory Clearance Processing
Karnataka,PRJ0199,Unnamed Infrastructure Project,Road Transport & Highways,Central Executing Agency,Ministry of Road Transport and Highways,100.0,100.0,0.0,0.0,0,36,40.0,Approved,Awarded,Low,25.0,Low,Initial Site Mobilization and Statutory Clearance Processing
West Bengal,PRJ0200,Unnamed Infrastructure Project,Road Transport & Highways,Central Executing Agency,Ministry of Road Transport and Highways,100.0,100.0,0.0,0.0,0,36,40.0,Approved,Awarded,Low,25.0,Low,Initial Site Mobilization and Statutory Clearance Processing
Andhra Pradesh,PRJ0201,Unnamed Infrastructure Project,Road Transport & Highways,Central Executing Agency,Ministry of Road Transport and Highways,100.0,100.0,0.0,0.0,0,36,40.0,Approved,Awarded,Low,25.0,Low,Initial Site Mobilization and Statutory Clearance Processing
Madhya Pradesh,PRJ0202,Unnamed Infrastructure Project,Road Transport & Highways,Central Executing Agency,Ministry of Road Transport and Highways,100.0,100.0,0.0,0.0,0,36,40.0,Approved,Awarded,Low,25.0,Low,Initial Site Mobilization and Statutory Clearance Processing
Bihar,PRJ0203,Unnamed Infrastructure Project,Road Transport & Highways,Central Executing Agency,Ministry of Road Transport and Highways,100.0,100.0,0.0,0.0,0,36,40.0,Approved,Awarded,Low,25.0,Low,Initial Site Mobilization and Statutory Clearance Processing
Madhya Pradesh,PRJ0204,Unnamed Infrastructure Project,Road Transport & Highways,Central Executing Agency,Ministry of Road Transport and Highways,100.0,100.0,0.0,0.0,0,36,40.0,Approved,Awarded,Low,25.0,Low,Initial Site Mobilization and Statutory Clearance Processing
Assam,PRJ0205,Unnamed Infrastructure Project,Road Transport & Highways,Central Executing Agency,Ministry of Road Transport and Highways,100.0,100.0,0.0,0.0,0,36,40.0,Approved,Awarded,Low,25.0,Low,Initial Site Mobilization and Statutory Clearance Processing
Telangana,PRJ0206,Unnamed Infrastructure Project,Road Transport & Highways,Central Executing Agency,Ministry of Road Transport and Highways,100.0,100.0,0.0,0.0,0,36,40.0,Approved,Awarded,Low,25.0,Low,Initial Site Mobilization and Statutory Clearance Processing
Chhattisgarh,PRJ0207,Unnamed Infrastructure Project,Road Transport & Highways,Central Executing Agency,Ministry of Road Transport and Highways,100.0,100.0,0.0,0.0,0,36,40.0,Approved,Awarded,Low,25.0,Low,Initial Site Mobilization and Statutory Clearance Processing
Odisha,PRJ0208,Unnamed Infrastructure Project,Road Transport & Highways,Central Executing Agency,Ministry of Road Transport and Highways,100.0,100.0,0.0,0.0,0,36,40.0,Approved,Awarded,Low,25.0,Low,Initial Site Mobilization and Statutory Clearance Processing
Madhya Pradesh,PRJ0209,Unnamed Infrastructure Project,Road Transport & Highways,Central Executing Agency,Ministry of Road Transport and Highways,100.0,100.0,0.0,0.0,0,36,40.0,Approved,Awarded,Low,25.0,Low,Initial Site Mobilization and Statutory Clearance Processing
Sikkim,PRJ0210,Unnamed Infrastructure Project,Road Transport & Highways,Central Executing Agency,Ministry of Road Transport and Highways,100.0,100.0,0.0,0.0,0,36,40.0,Approved,Awarded,Low,25.0,Low,Initial Site Mobilization and Statutory Clearance Processing
Telangana,PRJ0211,Unnamed Infrastructure Project,Road Transport & Highways,Central Executing Agency,Ministry of Road Transport and Highways,100.0,100.0,0.0,0.0,0,36,40.0,Approved,Awarded,Low,25.0,Low,Initial Site Mobilization and Statutory Clearance Processing
Tamil Nadu,PRJ0212,Unnamed Infrastructure Project,Road Transport & Highways,Central Executing Agency,Ministry of Road Transport and Highways,100.0,100.0,0.0,0.0,0,36,40.0,Approved,Awarded,Low,25.0,Low,Initial Site Mobilization and Statutory Clearance Processing
Maharashtra,PRJ0213,Unnamed Infrastructure Project,Road Transport & Highways,Central Executing Agency,Ministry of Road Transport and Highways,100.0,100.0,0.0,0.0,0,36,40.0,Approved,Awarded,Low,25.0,Low,Initial Site Mobilization and Statutory Clearance Processing
Gujarat,PRJ0214,Unnamed Infrastructure Project,Road Transport & Highways,Central Executing Agency,Ministry of Road Transport and Highways,100.0,100.0,0.0,0.0,0,36,40.0,Approved,Awarded,Low,25.0,Low,Initial Site Mobilization and Statutory Clearance Processing
Assam,PRJ0215,Unnamed Infrastructure Project,Road Transport & Highways,Central Executing Agency,Ministry of Road Transport and Highways,100.0,100.0,0.0,0.0,0,36,40.0,Approved,Awarded,Low,25.0,Low,Initial Site Mobilization and Statutory Clearance Processing
Uttar Pradesh,PRJ0216,Unnamed Infrastructure Project,Road Transport & Highways,Central Executing Agency,Ministry of Road Transport and Highways,100.0,100.0,0.0,0.0,0,36,40.0,Approved,Awarded,Low,25.0,Low,Initial Site Mobilization and Statutory Clearance Processing
Uttar Pradesh,PRJ0217,Unnamed Infrastructure Project,Road Transport & Highways,Central Executing Agency,Ministry of Road Transport and Highways,100.0,100.0,0.0,0.0,0,36,40.0,Approved,Awarded,Low,25.0,Low,Initial Site Mobilization and Statutory Clearance Processing
Tamil Nadu,PRJ0218,Unnamed Infrastructure Project,Road Transport & Highways,Central Executing Agency,Ministry of Road Transport and Highways,100.0,100.0,0.0,0.0,0,36,40.0,Approved,Awarded,Low,25.0,Low,Initial Site Mobilization and Statutory Clearance Processing
Bihar,PRJ0219,Unnamed Infrastructure Project,Road Transport & Highways,Central Executing Agency,Ministry of Road Transport and Highways,100.0,100.0,0.0,0.0,0,36,40.0,Approved,Awarded,Low,25.0,Low,Initial Site Mobilization and Statutory Clearance Processing
Kerala,PRJ0220,Unnamed Infrastructure Project,Road Transport & Highways,Central Executing Agency,Ministry of Road Transport and Highways,100.0,100.0,0.0,0.0,0,36,40.0,Approved,Awarded,Low,25.0,Low,Initial Site Mobilization and Statutory Clearance Processing
Assam,PRJ0221,Unnamed Infrastructure Project,Road Transport & Highways,Central Executing Agency,Ministry of Road Transport and Highways,100.0,100.0,0.0,0.0,0,36,40.0,Approved,Awarded,Low,25.0,Low,Initial Site Mobilization and Statutory Clearance Processing
Rajasthan,PRJ0222,Unnamed Infrastructure Project,Road Transport & Highways,Central Executing Agency,Ministry of Road Transport and Highways,100.0,100.0,0.0,0.0,0,36,40.0,Approved,Awarded,Low,25.0,Low,Initial Site Mobilization and Statutory Clearance Processing
Chhattisgarh,PRJ0223,Unnamed Infrastructure Project,Road Transport & Highways,Central Executing Agency,Ministry of Road Transport and Highways,100.0,100.0,0.0,0.0,0,36,40.0,Approved,Awarded,Low,25.0,Low,Initial Site Mobilization and Statutory Clearance Processing
Assam,PRJ0224,Unnamed Infrastructure Project,Road Transport & Highways,Central Executing Agency,Ministry of Road Transport and Highways,100.0,100.0,0.0,0.0,0,36,40.0,Approved,Awarded,Low,25.0,Low,Initial Site Mobilization and Statutory Clearance Processing
Madhya Pradesh,PRJ0225,Unnamed Infrastructure Project,Road Transport & Highways,Central Executing Agency,Ministry of Road Transport and Highways,100.0,100.0,0.0,0.0,0,36,40.0,Approved,Awarded,Low,25.0,Low,Initial Site Mobilization and Statutory Clearance Processing
Bihar,PRJ0226,Unnamed Infrastructure Project,Road Transport & Highways,Central Executing Agency,Ministry of Road Transport and Highways,100.0,100.0,0.0,0.0,0,36,40.0,Approved,Awarded,Low,25.0,Low,Initial Site Mobilization and Statutory Clearance Processing
Jammu & Kashmir,PRJ0227,Unnamed Infrastructure Project,Road Transport & Highways,Central Executing Agency,Ministry of Road Transport and Highways,100.0,100.0,0.0,0.0,0,36,40.0,Approved,Awarded,Low,25.0,Low,Initial Site Mobilization and Statutory Clearance Processing
Haryana,PRJ0228,Unnamed Infrastructure Project,Road Transport & Highways,Central Executing Agency,Ministry of Road Transport and Highways,100.0,100.0,0.0,0.0,0,36,40.0,Approved,Awarded,Low,25.0,Low,Initial Site Mobilization and Statutory Clearance Processing
Gujarat,PRJ0229,Unnamed Infrastructure Project,Road Transport & Highways,Central Executing Agency,Ministry of Road Transport and Highways,100.0,100.0,0.0,0.0,0,36,40.0,Approved,Awarded,Low,25.0,Low,Initial Site Mobilization and Statutory Clearance Processing
Tamil Nadu,PRJ0230,Unnamed Infrastructure Project,Road Transport & Highways,Central Executing Agency,Ministry of Road Transport and Highways,100.0,100.0,0.0,0.0,0,36,40.0,Approved,Awarded,Low,25.0,Low,Initial Site Mobilization and Statutory Clearance Processing
Karnataka,PRJ0231,Unnamed Infrastructure Project,Road Transport & Highways,Central Executing Agency,Ministry of Road Transport and Highways,100.0,100.0,0.0,0.0,0,36,40.0,Approved,Awarded,Low,25.0,Low,Initial Site Mobilization and Statutory Clearance Processing
Odisha,PRJ0232,Unnamed Infrastructure Project,Road Transport & Highways,Central Executing Agency,Ministry of Road Transport and Highways,100.0,100.0,0.0,0.0,0,36,40.0,Approved,Awarded,Low,25.0,Low,Initial Site Mobilization and Statutory Clearance Processing
Andhra Pradesh,PRJ0233,Unnamed Infrastructure Project,Road Transport & Highways,Central Executing Agency,Ministry of Road Transport and Highways,100.0,100.0,0.0,0.0,0,36,40.0,Approved,Awarded,Low,25.0,Low,Initial Site Mobilization and Statutory Clearance Processing
West Bengal,PRJ0234,Unnamed Infrastructure Project,Road Transport & Highways,Central Executing Agency,Ministry of Road Transport and Highways,100.0,100.0,0.0,0.0,0,36,40.0,Approved,Awarded,Low,25.0,Low,Initial Site Mobilization and Statutory Clearance Processing
Bihar,PRJ0235,Unnamed Infrastructure Project,Road Transport & Highways,Central Executing Agency,Ministry of Road Transport and Highways,100.0,100.0,0.0,0.0,0,36,40.0,Approved,Awarded,Low,25.0,Low,Initial Site Mobilization and Statutory Clearance Processing
Kerala,PRJ0236,Unnamed Infrastructure Project,Road Transport & Highways,Central Executing Agency,Ministry of Road Transport and Highways,100.0,100.0,0.0,0.0,0,36,40.0,Approved,Awarded,Low,25.0,Low,Initial Site Mobilization and Statutory Clearance Processing
Assam,PRJ0237,Unnamed Infrastructure Project,Road Transport & Highways,Central Executing Agency,Ministry of Road Transport and Highways,100.0,100.0,0.0,0.0,0,36,40.0,Approved,Awarded,Low,25.0,Low,Initial Site Mobilization and Statutory Clearance Processing
Telangana,PRJ0238,Unnamed Infrastructure Project,Road Transport & Highways,Central Executing Agency,Ministry of Road Transport and Highways,100.0,100.0,0.0,0.0,0,36,40.0,Approved,Awarded,Low,25.0,Low,Initial Site Mobilization and Statutory Clearance Processing
Chhattisgarh,PRJ0239,Unnamed Infrastructure Project,Road Transport & Highways,Central Executing Agency,Ministry of Road Transport and Highways,100.0,100.0,0.0,0.0,0,36,40.0,Approved,Awarded,Low,25.0,Low,Initial Site Mobilization and Statutory Clearance Processing
Jharkhand,PRJ0240,Unnamed Infrastructure Project,Road Transport & Highways,Central Executing Agency,Ministry of Road Transport and Highways,100.0,100.0,0.0,0.0,0,36,40.0,Approved,Awarded,Low,25.0,Low,Initial Site Mobilization and Statutory Clearance Processing
Madhya Pradesh,PRJ0241,Unnamed Infrastructure Project,Road Transport & Highways,Central Executing Agency,Ministry of Road Transport and Highways,100.0,100.0,0.0,0.0,0,36,40.0,Approved,Awarded,Low,25.0,Low,Initial Site Mobilization and Statutory Clearance Processing
Chhattisgarh,PRJ0242,Unnamed Infrastructure Project,Road Transport & Highways,Central Executing Agency,Ministry of Road Transport and Highways,100.0,100.0,0.0,0.0,0,36,40.0,Approved,Awarded,Low,25.0,Low,Initial Site Mobilization and Statutory Clearance Processing
Ladakh,PRJ0243,Unnamed Infrastructure Project,Road Transport & Highways,Central Executing Agency,Ministry of Road Transport and Highways,100.0,100.0,0.0,0.0,0,36,40.0,Approved,Awarded,Low,25.0,Low,Initial Site Mobilization and Statutory Clearance Processing
Tamil Nadu,PRJ0244,Unnamed Infrastructure Project,Road Transport & Highways,Central Executing Agency,Ministry of Road Transport and Highways,100.0,100.0,0.0,0.0,0,36,40.0,Approved,Awarded,Low,25.0,Low,Initial Site Mobilization and Statutory Clearance Processing
Gujarat,PRJ0245,Unnamed Infrastructure Project,Road Transport & Highways,Central Executing Agency,Ministry of Road Transport and Highways,100.0,100.0,0.0,0.0,0,36,40.0,Approved,Awarded,Low,25.0,Low,Initial Site Mobilization and Statutory Clearance Processing
Rajasthan,PRJ0246,Unnamed Infrastructure Project,Road Transport & Highways,Central Executing Agency,Ministry of Road Transport and Highways,100.0,100.0,0.0,0.0,0,36,40.0,Approved,Awarded,Low,25.0,Low,Initial Site Mobilization and Statutory Clearance Processing
Karnataka,PRJ0247,Unnamed Infrastructure Project,Road Transport & Highways,Central Executing Agency,Ministry of Road Transport and Highways,100.0,100.0,0.0,0.0,0,36,40.0,Approved,Awarded,Low,25.0,Low,Initial Site Mobilization and Statutory Clearance Processing
Odisha,PRJ0248,Unnamed Infrastructure Project,Road Transport & Highways,Central Executing Agency,Ministry of Road Transport and Highways,100.0,100.0,0.0,0.0,0,36,40.0,Approved,Awarded,Low,25.0,Low,Initial Site Mobilization and Statutory Clearance Processing
Andhra Pradesh,PRJ0249,Unnamed Infrastructure Project,Road Transport & Highways,Central Executing Agency,Ministry of Road Transport and Highways,100.0,100.0,0.0,0.0,0,36,40.0,Approved,Awarded,Low,25.0,Low,Initial Site Mobilization and Statutory Clearance Processing
West Bengal,PRJ0250,Unnamed Infrastructure Project,Road Transport & Highways,Central Executing Agency,Ministry of Road Transport and Highways,100.0,100.0,0.0,0.0,0,36,40.0,Approved,Awarded,Low,25.0,Low,Initial Site Mobilization and Statutory Clearance Processing
Bihar,PRJ0251,Unnamed Infrastructure Project,Road Transport & Highways,Central Executing Agency,Ministry of Road Transport and Highways,100.0,100.0,0.0,0.0,0,36,40.0,Approved,Awarded,Low,25.0,Low,Initial Site Mobilization and Statutory Clearance Processing
Kerala,PRJ0252,Unnamed Infrastructure Project,Road Transport & Highways,Central Executing Agency,Ministry of Road Transport and Highways,100.0,100.0,0.0,0.0,0,36,40.0,Approved,Awarded,Low,25.0,Low,Initial Site Mobilization and Statutory Clearance Processing
Assam,PRJ0253,Unnamed Infrastructure Project,Road Transport & Highways,Central Executing Agency,Ministry of Road Transport and Highways,100.0,100.0,0.0,0.0,0,36,40.0,Approved,Awarded,Low,25.0,Low,Initial Site Mobilization and Statutory Clearance Processing
Telangana,PRJ0254,Unnamed Infrastructure Project,Road Transport & Highways,Central Executing Agency,Ministry of Road Transport and Highways,100.0,100.0,0.0,0.0,0,36,40.0,Approved,Awarded,Low,25.0,Low,Initial Site Mobilization and Statutory Clearance Processing
Chhattisgarh,PRJ0255,Unnamed Infrastructure Project,Road Transport & Highways,Central Executing Agency,Ministry of Road Transport and Highways,100.0,100.0,0.0,0.0,0,36,40.0,Approved,Awarded,Low,25.0,Low,Initial Site Mobilization and Statutory Clearance Processing
Jharkhand,PRJ0256,Unnamed Infrastructure Project,Road Transport & Highways,Central Executing Agency,Ministry of Road Transport and Highways,100.0,100.0,0.0,0.0,0,36,40.0,Approved,Awarded,Low,25.0,Low,Initial Site Mobilization and Statutory Clearance Processing
Madhya Pradesh,PRJ0257,Unnamed Infrastructure Project,Road Transport & Highways,Central Executing Agency,Ministry of Road Transport and Highways,100.0,100.0,0.0,0.0,0,36,40.0,Approved,Awarded,Low,25.0,Low,Initial Site Mobilization and Statutory Clearance Processing
Delhi,PRJ0258,Unnamed Infrastructure Project,Road Transport & Highways,Central Executing Agency,Ministry of Road Transport and Highways,100.0,100.0,0.0,0.0,0,36,40.0,Approved,Awarded,Low,25.0,Low,Initial Site Mobilization and Statutory Clearance Processing
Delhi,PRJ0259,Unnamed Infrastructure Project,Road Transport & Highways,Central Executing Agency,Ministry of Road Transport and Highways,100.0,100.0,0.0,0.0,0,36,40.0,Approved,Awarded,Low,25.0,Low,Initial Site Mobilization and Statutory Clearance Processing
Tamil Nadu,PRJ0260,Unnamed Infrastructure Project,Road Transport & Highways,Central Executing Agency,Ministry of Road Transport and Highways,100.0,100.0,0.0,0.0,0,36,40.0,Approved,Awarded,Low,25.0,Low,Initial Site Mobilization and Statutory Clearance Processing
Karnataka,PRJ0261,Unnamed Infrastructure Project,Road Transport & Highways,Central Executing Agency,Ministry of Road Transport and Highways,100.0,100.0,0.0,0.0,0,36,40.0,Approved,Awarded,Low,25.0,Low,Initial Site Mobilization and Statutory Clearance Processing
Odisha,PRJ0262,Unnamed Infrastructure Project,Road Transport & Highways,Central Executing Agency,Ministry of Road Transport and Highways,100.0,100.0,0.0,0.0,0,36,40.0,Approved,Awarded,Low,25.0,Low,Initial Site Mobilization and Statutory Clearance Processing
Karnataka,PRJ0263,Unnamed Infrastructure Project,Road Transport & Highways,Central Executing Agency,Ministry of Road Transport and Highways,100.0,100.0,0.0,0.0,0,36,40.0,Approved,Awarded,Low,25.0,Low,Initial Site Mobilization and Statutory Clearance Processing
Maharashtra,PRJ0264,Unnamed Infrastructure Project,Road Transport & Highways,Central Executing Agency,Ministry of Road Transport and Highways,100.0,100.0,0.0,0.0,0,36,40.0,Approved,Awarded,Low,25.0,Low,Initial Site Mobilization and Statutory Clearance Processing
Uttarakhand,PRJ0265,Unnamed Infrastructure Project,Road Transport & Highways,Central Executing Agency,Ministry of Road Transport and Highways,100.0,100.0,0.0,0.0,0,36,40.0,Approved,Awarded,Low,25.0,Low,Initial Site Mobilization and Statutory Clearance Processing
Andhra Pradesh,PRJ0266,Unnamed Infrastructure Project,Road Transport & Highways,Central Executing Agency,Ministry of Road Transport and Highways,100.0,100.0,0.0,0.0,0,36,40.0,Approved,Awarded,Low,25.0,Low,Initial Site Mobilization and Statutory Clearance Processing
Gujarat,PRJ0267,Unnamed Infrastructure Project,Road Transport & Highways,Central Executing Agency,Ministry of Road Transport and Highways,100.0,100.0,0.0,0.0,0,36,40.0,Approved,Awarded,Low,25.0,Low,Initial Site Mobilization and Statutory Clearance Processing
Maharashtra,PRJ0268,Unnamed Infrastructure Project,Road Transport & Highways,Central Executing Agency,Ministry of Road Transport and Highways,100.0,100.0,0.0,0.0,0,36,40.0,Approved,Awarded,Low,25.0,Low,Initial Site Mobilization and Statutory Clearance Processing
Assam,PRJ0269,Unnamed Infrastructure Project,Road Transport & Highways,Central Executing Agency,Ministry of Road Transport and Highways,100.0,100.0,0.0,0.0,0,36,40.0,Approved,Awarded,Low,25.0,Low,Initial Site Mobilization and Statutory Clearance Processing
Haryana,PRJ0270,Unnamed Infrastructure Project,Road Transport & Highways,Central Executing Agency,Ministry of Road Transport and Highways,100.0,100.0,0.0,0.0,0,36,40.0,Approved,Awarded,Low,25.0,Low,Initial Site Mobilization and Statutory Clearance Processing
Odisha,PRJ0271,Unnamed Infrastructure Project,Road Transport & Highways,Central Executing Agency,Ministry of Road Transport and Highways,100.0,100.0,0.0,0.0,0,36,40.0,Approved,Awarded,Low,25.0,Low,Initial Site Mobilization and Statutory Clearance Processing
Odisha,PRJ0272,Unnamed Infrastructure Project,Road Transport & Highways,Central Executing Agency,Ministry of Road Transport and Highways,100.0,100.0,0.0,0.0,0,36,40.0,Approved,Awarded,Low,25.0,Low,Initial Site Mobilization and Statutory Clearance Processing
Madhya Pradesh,PRJ0273,Unnamed Infrastructure Project,Road Transport & Highways,Central Executing Agency,Ministry of Road Transport and Highways,100.0,100.0,0.0,0.0,0,36,40.0,Approved,Awarded,Low,25.0,Low,Initial Site Mobilization and Statutory Clearance Processing
Odisha,PRJ0274,Unnamed Infrastructure Project,Road Transport & Highways,Central Executing Agency,Ministry of Road Transport and Highways,100.0,100.0,0.0,0.0,0,36,40.0,Approved,Awarded,Low,25.0,Low,Initial Site Mobilization and Statutory Clearance Processing
Odisha,PRJ0275,Unnamed Infrastructure Project,Road Transport & Highways,Central Executing Agency,Ministry of Road Transport and Highways,100.0,100.0,0.0,0.0,0,36,40.0,Approved,Awarded,Low,25.0,Low,Initial Site Mobilization and Statutory Clearance Processing
Chhattisgarh,PRJ0276,Unnamed Infrastructure Project,Road Transport & Highways,Central Executing Agency,Ministry of Road Transport and Highways,100.0,100.0,0.0,0.0,0,36,40.0,Approved,Awarded,Low,25.0,Low,Initial Site Mobilization and Statutory Clearance Processing
Gujarat,PRJ0277,Unnamed Infrastructure Project,Road Transport & Highways,Central Executing Agency,Ministry of Road Transport and Highways,100.0,100.0,0.0,0.0,0,36,40.0,Approved,Awarded,Low,25.0,Low,Initial Site Mobilization and Statutory Clearance Processing
Rajasthan,PRJ0278,Unnamed Infrastructure Project,Road Transport & Highways,Central Executing Agency,Ministry of Road Transport and Highways,100.0,100.0,0.0,0.0,0,36,40.0,Approved,Awarded,Low,25.0,Low,Initial Site Mobilization and Statutory Clearance Processing
Telangana,PRJ0279,Unnamed Infrastructure Project,Road Transport & Highways,Central Executing Agency,Ministry of Road Transport and Highways,100.0,100.0,0.0,0.0,0,36,40.0,Approved,Awarded,Low,25.0,Low,Initial Site Mobilization and Statutory Clearance Processing
Odisha,PRJ0280,Unnamed Infrastructure Project,Road Transport & Highways,Central Executing Agency,Ministry of Road Transport and Highways,100.0,100.0,0.0,0.0,0,36,40.0,Approved,Awarded,Low,25.0,Low,Initial Site Mobilization and Statutory Clearance Processing
Andhra Pradesh,PRJ0281,Unnamed Infrastructure Project,Road Transport & Highways,Central Executing Agency,Ministry of Road Transport and Highways,100.0,100.0,0.0,0.0,0,36,40.0,Approved,Awarded,Low,25.0,Low,Initial Site Mobilization and Statutory Clearance Processing
West Bengal,PRJ0282,Unnamed Infrastructure Project,Road Transport & Highways,Central Executing Agency,Ministry of Road Transport and Highways,100.0,100.0,0.0,0.0,0,36,40.0,Approved,Awarded,Low,25.0,Low,Initial Site Mobilization and Statutory Clearance Processing
Assam,PRJ0283,Unnamed Infrastructure Project,Road Transport & Highways,Central Executing Agency,Ministry of Road Transport and Highways,100.0,100.0,0.0,0.0,0,36,40.0,Approved,Awarded,Low,25.0,Low,Initial Site Mobilization and Statutory Clearance Processing
Kerala,PRJ0284,Unnamed Infrastructure Project,Road Transport & Highways,Central Executing Agency,Ministry of Road Transport and Highways,100.0,100.0,0.0,0.0,0,36,40.0,Approved,Awarded,Low,25.0,Low,Initial Site Mobilization and Statutory Clearance Processing
Assam,PRJ0285,Unnamed Infrastructure Project,Road Transport & Highways,Central Executing Agency,Ministry of Road Transport and Highways,100.0,100.0,0.0,0.0,0,36,40.0,Approved,Awarded,Low,25.0,Low,Initial Site Mobilization and Statutory Clearance Processing
Uttar Pradesh,PRJ0286,Unnamed Infrastructure Project,Road Transport & Highways,Central Executing Agency,Ministry of Road Transport and Highways,100.0,100.0,0.0,0.0,0,36,40.0,Approved,Awarded,Low,25.0,Low,Initial Site Mobilization and Statutory Clearance Processing
Chhattisgarh,PRJ0287,Unnamed Infrastructure Project,Road Transport & Highways,Central Executing Agency,Ministry of Road Transport and Highways,100.0,100.0,0.0,0.0,0,36,40.0,Approved,Awarded,Low,25.0,Low,Initial Site Mobilization and Statutory Clearance Processing
Jharkhand,PRJ0288,Unnamed Infrastructure Project,Road Transport & Highways,Central Executing Agency,Ministry of Road Transport and Highways,100.0,100.0,0.0,0.0,0,36,40.0,Approved,Awarded,Low,25.0,Low,Initial Site Mobilization and Statutory Clearance Processing
Madhya Pradesh,PRJ0289,Unnamed Infrastructure Project,Road Transport & Highways,Central Executing Agency,Ministry of Road Transport and Highways,100.0,100.0,0.0,0.0,0,36,40.0,Approved,Awarded,Low,25.0,Low,Initial Site Mobilization and Statutory Clearance Processing
Tamil Nadu,PRJ0290,Unnamed Infrastructure Project,Road Transport & Highways,Central Executing Agency,Ministry of Road Transport and Highways,100.0,100.0,0.0,0.0,0,36,40.0,Approved,Awarded,Low,25.0,Low,Initial Site Mobilization and Statutory Clearance Processing
Gujarat,PRJ0291,Unnamed Infrastructure Project,Road Transport & Highways,Central Executing Agency,Ministry of Road Transport and Highways,100.0,100.0,0.0,0.0,0,36,40.0,Approved,Awarded,Low,25.0,Low,Initial Site Mobilization and Statutory Clearance Processing
Tamil Nadu,PRJ0292,Unnamed Infrastructure Project,Road Transport & Highways,Central Executing Agency,Ministry of Road Transport and Highways,100.0,100.0,0.0,0.0,0,36,40.0,Approved,Awarded,Low,25.0,Low,Initial Site Mobilization and Statutory Clearance Processing
Gujarat,PRJ0293,Unnamed Infrastructure Project,Road Transport & Highways,Central Executing Agency,Ministry of Road Transport and Highways,100.0,100.0,0.0,0.0,0,36,40.0,Approved,Awarded,Low,25.0,Low,Initial Site Mobilization and Statutory Clearance Processing
Maharashtra,PRJ0294,Unnamed Infrastructure Project,Road Transport & Highways,Central Executing Agency,Ministry of Road Transport and Highways,100.0,100.0,0.0,0.0,0,36,40.0,Approved,Awarded,Low,25.0,Low,Initial Site Mobilization and Statutory Clearance Processing
Karnataka,PRJ0295,Unnamed Infrastructure Project,Road Transport & Highways,Central Executing Agency,Ministry of Road Transport and Highways,100.0,100.0,0.0,0.0,0,36,40.0,Approved,Awarded,Low,25.0,Low,Initial Site Mobilization and Statutory Clearance Processing
Odisha,PRJ0296,Unnamed Infrastructure Project,Road Transport & Highways,Central Executing Agency,Ministry of Road Transport and Highways,100.0,100.0,0.0,0.0,0,36,40.0,Approved,Awarded,Low,25.0,Low,Initial Site Mobilization and Statutory Clearance Processing
Jammu & Kashmir,PRJ0297,Unnamed Infrastructure Project,Road Transport & Highways,Central Executing Agency,Ministry of Road Transport and Highways,100.0,100.0,0.0,0.0,0,36,40.0,Approved,Awarded,Low,25.0,Low,Initial Site Mobilization and Statutory Clearance Processing
West Bengal,PRJ0298,Unnamed Infrastructure Project,Road Transport & Highways,Central Executing Agency,Ministry of Road Transport and Highways,100.0,100.0,0.0,0.0,0,36,40.0,Approved,Awarded,Low,25.0,Low,Initial Site Mobilization and Statutory Clearance Processing
Bihar,PRJ0299,Unnamed Infrastructure Project,Road Transport & Highways,Central Executing Agency,Ministry of Road Transport and Highways,100.0,100.0,0.0,0.0,0,36,40.0,Approved,Awarded,Low,25.0,Low,Initial Site Mobilization and Statutory Clearance Processing
Bihar,PRJ0300,Unnamed Infrastructure Project,Road Transport & Highways,Central Executing Agency,Ministry of Road Transport and Highways,100.0,100.0,0.0,0.0,0,36,40.0,Approved,Awarded,Low,25.0,Low,Initial Site Mobilization and Statutory Clearance Processing
Assam,PRJ0301,Unnamed Infrastructure Project,Road Transport & Highways,Central Executing Agency,Ministry of Road Transport and Highways,100.0,100.0,0.0,0.0,0,36,40.0,Approved,Awarded,Low,25.0,Low,Initial Site Mobilization and Statutory Clearance Processing
Telangana,PRJ0302,Unnamed Infrastructure Project,Road Transport & Highways,Central Executing Agency,Ministry of Road Transport and Highways,100.0,100.0,0.0,0.0,0,36,40.0,Approved,Awarded,Low,25.0,Low,Initial Site Mobilization and Statutory Clearance Processing
Chhattisgarh,PRJ0303,Unnamed Infrastructure Project,Road Transport & Highways,Central Executing Agency,Ministry of Road Transport and Highways,100.0,100.0,0.0,0.0,0,36,40.0,Approved,Awarded,Low,25.0,Low,Initial Site Mobilization and Statutory Clearance Processing
Jharkhand,PRJ0304,Unnamed Infrastructure Project,Road Transport & Highways,Central Executing Agency,Ministry of Road Transport and Highways,100.0,100.0,0.0,0.0,0,36,40.0,Approved,Awarded,Low,25.0,Low,Initial Site Mobilization and Statutory Clearance Processing
Madhya Pradesh,PRJ0305,Unnamed Infrastructure Project,Road Transport & Highways,Central Executing Agency,Ministry of Road Transport and Highways,100.0,100.0,0.0,0.0,0,36,40.0,Approved,Awarded,Low,25.0,Low,Initial Site Mobilization and Statutory Clearance Processing
Maharashtra,PRJ0306,Unnamed Infrastructure Project,Road Transport & Highways,Central Executing Agency,Ministry of Road Transport and Highways,100.0,100.0,0.0,0.0,0,36,40.0,Approved,Awarded,Low,25.0,Low,Initial Site Mobilization and Statutory Clearance Processing
Uttar Pradesh,PRJ0307,Unnamed Infrastructure Project,Road Transport & Highways,Central Executing Agency,Ministry of Road Transport and Highways,100.0,100.0,0.0,0.0,0,36,40.0,Approved,Awarded,Low,25.0,Low,Initial Site Mobilization and Statutory Clearance Processing
Tamil Nadu,PRJ0308,Unnamed Infrastructure Project,Road Transport & Highways,Central Executing Agency,Ministry of Road Transport and Highways,100.0,100.0,0.0,0.0,0,36,40.0,Approved,Awarded,Low,25.0,Low,Initial Site Mobilization and Statutory Clearance Processing
Tripura,PRJ0309,Unnamed Infrastructure Project,Road Transport & Highways,Central Executing Agency,Ministry of Road Transport and Highways,100.0,100.0,0.0,0.0,0,36,40.0,Approved,Awarded,Low,25.0,Low,Initial Site Mobilization and Statutory Clearance Processing
Odisha,PRJ0310,Unnamed Infrastructure Project,Road Transport & Highways,Central Executing Agency,Ministry of Road Transport and Highways,100.0,100.0,0.0,0.0,0,36,40.0,Approved,Awarded,Low,25.0,Low,Initial Site Mobilization and Statutory Clearance Processing
Karnataka,PRJ0311,Unnamed Infrastructure Project,Road Transport & Highways,Central Executing Agency,Ministry of Road Transport and Highways,100.0,100.0,0.0,0.0,0,36,40.0,Approved,Awarded,Low,25.0,Low,Initial Site Mobilization and Statutory Clearance Processing
Odisha,PRJ0312,Unnamed Infrastructure Project,Road Transport & Highways,Central Executing Agency,Ministry of Road Transport and Highways,100.0,100.0,0.0,0.0,0,36,40.0,Approved,Awarded,Low,25.0,Low,Initial Site Mobilization and Statutory Clearance Processing
Karnataka,PRJ0313,Unnamed Infrastructure Project,Road Transport & Highways,Central Executing Agency,Ministry of Road Transport and Highways,100.0,100.0,0.0,0.0,0,36,40.0,Approved,Awarded,Low,25.0,Low,Initial Site Mobilization and Statutory Clearance Processing
West Bengal,PRJ0314,Unnamed Infrastructure Project,Road Transport & Highways,Central Executing Agency,Ministry of Road Transport and Highways,100.0,100.0,0.0,0.0,0,36,40.0,Approved,Awarded,Low,25.0,Low,Initial Site Mobilization and Statutory Clearance Processing
Bihar,PRJ0315,Unnamed Infrastructure Project,Road Transport & Highways,Central Executing Agency,Ministry of Road Transport and Highways,100.0,100.0,0.0,0.0,0,36,40.0,Approved,Awarded,Low,25.0,Low,Initial Site Mobilization and Statutory Clearance Processing
West Bengal,PRJ0316,Unnamed Infrastructure Project,Road Transport & Highways,Central Executing Agency,Ministry of Road Transport and Highways,100.0,100.0,0.0,0.0,0,36,40.0,Approved,Awarded,Low,25.0,Low,Initial Site Mobilization and Statutory Clearance Processing
West Bengal,PRJ0317,Unnamed Infrastructure Project,Road Transport & Highways,Central Executing Agency,Ministry of Road Transport and Highways,100.0,100.0,0.0,0.0,0,36,40.0,Approved,Awarded,Low,25.0,Low,Initial Site Mobilization and Statutory Clearance Processing
Madhya Pradesh,PRJ0318,Unnamed Infrastructure Project,Road Transport & Highways,Central Executing Agency,Ministry of Road Transport and Highways,100.0,100.0,0.0,0.0,0,36,40.0,Approved,Awarded,Low,25.0,Low,Initial Site Mobilization and Statutory Clearance Processing
Chhattisgarh,PRJ0319,Unnamed Infrastructure Project,Road Transport & Highways,Central Executing Agency,Ministry of Road Transport and Highways,100.0,100.0,0.0,0.0,0,36,40.0,Approved,Awarded,Low,25.0,Low,Initial Site Mobilization and Statutory Clearance Processing
Jammu & Kashmir,PRJ0320,Unnamed Infrastructure Project,Road Transport & Highways,Central Executing Agency,Ministry of Road Transport and Highways,100.0,100.0,0.0,0.0,0,36,40.0,Approved,Awarded,Low,25.0,Low,Initial Site Mobilization and Statutory Clearance Processing
West Bengal,PRJ0321,Unnamed Infrastructure Project,Road Transport & Highways,Central Executing Agency,Ministry of Road Transport and Highways,100.0,100.0,0.0,0.0,0,36,40.0,Approved,Awarded,Low,25.0,Low,Initial Site Mobilization and Statutory Clearance Processing
Maharashtra,PRJ0322,Unnamed Infrastructure Project,Road Transport & Highways,Central Executing Agency,Ministry of Road Transport and Highways,100.0,100.0,0.0,0.0,0,36,40.0,Approved,Awarded,Low,25.0,Low,Initial Site Mobilization and Statutory Clearance Processing
Uttar Pradesh,PRJ0323,Unnamed Infrastructure Project,Road Transport & Highways,Central Executing Agency,Ministry of Road Transport and Highways,100.0,100.0,0.0,0.0,0,36,40.0,Approved,Awarded,Low,25.0,Low,Initial Site Mobilization and Statutory Clearance Processing
Tamil Nadu,PRJ0324,Unnamed Infrastructure Project,Road Transport & Highways,Central Executing Agency,Ministry of Road Transport and Highways,100.0,100.0,0.0,0.0,0,36,40.0,Approved,Awarded,Low,25.0,Low,Initial Site Mobilization and Statutory Clearance Processing
Gujarat,PRJ0325,Unnamed Infrastructure Project,Road Transport & Highways,Central Executing Agency,Ministry of Road Transport and Highways,100.0,100.0,0.0,0.0,0,36,40.0,Approved,Awarded,Low,25.0,Low,Initial Site Mobilization and Statutory Clearance Processing
Rajasthan,PRJ0326,Unnamed Infrastructure Project,Road Transport & Highways,Central Executing Agency,Ministry of Road Transport and Highways,100.0,100.0,0.0,0.0,0,36,40.0,Approved,Awarded,Low,25.0,Low,Initial Site Mobilization and Statutory Clearance Processing
Gujarat,PRJ0327,Unnamed Infrastructure Project,Road Transport & Highways,Central Executing Agency,Ministry of Road Transport and Highways,100.0,100.0,0.0,0.0,0,36,40.0,Approved,Awarded,Low,25.0,Low,Initial Site Mobilization and Statutory Clearance Processing
Odisha,PRJ0328,Unnamed Infrastructure Project,Road Transport & Highways,Central Executing Agency,Ministry of Road Transport and Highways,100.0,100.0,0.0,0.0,0,36,40.0,Approved,Awarded,Low,25.0,Low,Initial Site Mobilization and Statutory Clearance Processing
Andhra Pradesh,PRJ0329,Unnamed Infrastructure Project,Road Transport & Highways,Central Executing Agency,Ministry of Road Transport and Highways,100.0,100.0,0.0,0.0,0,36,40.0,Approved,Awarded,Low,25.0,Low,Initial Site Mobilization and Statutory Clearance Processing
Gujarat,PRJ0330,Unnamed Infrastructure Project,Road Transport & Highways,Central Executing Agency,Ministry of Road Transport and Highways,100.0,100.0,0.0,0.0,0,36,40.0,Approved,Awarded,Low,25.0,Low,Initial Site Mobilization and Statutory Clearance Processing
Uttar Pradesh,PRJ0331,Unnamed Infrastructure Project,Road Transport & Highways,Central Executing Agency,Ministry of Road Transport and Highways,100.0,100.0,0.0,0.0,0,36,40.0,Approved,Awarded,Low,25.0,Low,Initial Site Mobilization and Statutory Clearance Processing
Kerala,PRJ0332,Unnamed Infrastructure Project,Road Transport & Highways,Central Executing Agency,Ministry of Road Transport and Highways,100.0,100.0,0.0,0.0,0,36,40.0,Approved,Awarded,Low,25.0,Low,Initial Site Mobilization and Statutory Clearance Processing
Karnataka,PRJ0333,Unnamed Infrastructure Project,Road Transport & Highways,Central Executing Agency,Ministry of Road Transport and Highways,100.0,100.0,0.0,0.0,0,36,40.0,Approved,Awarded,Low,25.0,Low,Initial Site Mobilization and Statutory Clearance Processing
Jharkhand,PRJ0334,Unnamed Infrastructure Project,Road Transport & Highways,Central Executing Agency,Ministry of Road Transport and Highways,100.0,100.0,0.0,0.0,0,36,40.0,Approved,Awarded,Low,25.0,Low,Initial Site Mobilization and Statutory Clearance Processing
Tamil Nadu,PRJ0335,Unnamed Infrastructure Project,Road Transport & Highways,Central Executing Agency,Ministry of Road Transport and Highways,100.0,100.0,0.0,0.0,0,36,40.0,Approved,Awarded,Low,25.0,Low,Initial Site Mobilization and Statutory Clearance Processing
Maharashtra,PRJ0336,Unnamed Infrastructure Project,Road Transport & Highways,Central Executing Agency,Ministry of Road Transport and Highways,100.0,100.0,0.0,0.0,0,36,40.0,Approved,Awarded,Low,25.0,Low,Initial Site Mobilization and Statutory Clearance Processing
Maharashtra,PRJ0337,Unnamed Infrastructure Project,Road Transport & Highways,Central Executing Agency,Ministry of Road Transport and Highways,100.0,100.0,0.0,0.0,0,36,40.0,Approved,Awarded,Low,25.0,Low,Initial Site Mobilization and Statutory Clearance Processing
Jammu & Kashmir,PRJ0338,Unnamed Infrastructure Project,Road Transport & Highways,Central Executing Agency,Ministry of Road Transport and Highways,100.0,100.0,0.0,0.0,0,36,40.0,Approved,Awarded,Low,25.0,Low,Initial Site Mobilization and Statutory Clearance Processing
Uttar Pradesh,PRJ0339,Unnamed Infrastructure Project,Road Transport & Highways,Central Executing Agency,Ministry of Road Transport and Highways,100.0,100.0,0.0,0.0,0,36,40.0,Approved,Awarded,Low,25.0,Low,Initial Site Mobilization and Statutory Clearance Processing
Tamil Nadu,PRJ0340,Unnamed Infrastructure Project,Road Transport & Highways,Central Executing Agency,Ministry of Road Transport and Highways,100.0,100.0,0.0,0.0,0,36,40.0,Approved,Awarded,Low,25.0,Low,Initial Site Mobilization and Statutory Clearance Processing
Gujarat,PRJ0341,Unnamed Infrastructure Project,Road Transport & Highways,Central Executing Agency,Ministry of Road Transport and Highways,100.0,100.0,0.0,0.0,0,36,40.0,Approved,Awarded,Low,25.0,Low,Initial Site Mobilization and Statutory Clearance Processing
Rajasthan,PRJ0342,Unnamed Infrastructure Project,Road Transport & Highways,Central Executing Agency,Ministry of Road Transport and Highways,100.0,100.0,0.0,0.0,0,36,40.0,Approved,Awarded,Low,25.0,Low,Initial Site Mobilization and Statutory Clearance Processing
Maharashtra,PRJ0343,Unnamed Infrastructure Project,Road Transport & Highways,Central Executing Agency,Ministry of Road Transport and Highways,100.0,100.0,0.0,0.0,0,36,40.0,Approved,Awarded,Low,25.0,Low,Initial Site Mobilization and Statutory Clearance Processing
Maharashtra,PRJ0344,Unnamed Infrastructure Project,Road Transport & Highways,Central Executing Agency,Ministry of Road Transport and Highways,100.0,100.0,0.0,0.0,0,36,40.0,Approved,Awarded,Low,25.0,Low,Initial Site Mobilization and Statutory Clearance Processing
Gujarat,PRJ0345,Unnamed Infrastructure Project,Road Transport & Highways,Central Executing Agency,Ministry of Road Transport and Highways,100.0,100.0,0.0,0.0,0,36,40.0,Approved,Awarded,Low,25.0,Low,Initial Site Mobilization and Statutory Clearance Processing
West Bengal,PRJ0346,Unnamed Infrastructure Project,Road Transport & Highways,Central Executing Agency,Ministry of Road Transport and Highways,100.0,100.0,0.0,0.0,0,36,40.0,Approved,Awarded,Low,25.0,Low,Initial Site Mobilization and Statutory Clearance Processing
Bihar,PRJ0347,Unnamed Infrastructure Project,Road Transport & Highways,Central Executing Agency,Ministry of Road Transport and Highways,100.0,100.0,0.0,0.0,0,36,40.0,Approved,Awarded,Low,25.0,Low,Initial Site Mobilization and Statutory Clearance Processing
Kerala,PRJ0348,Unnamed Infrastructure Project,Road Transport & Highways,Central Executing Agency,Ministry of Road Transport and Highways,100.0,100.0,0.0,0.0,0,36,40.0,Approved,Awarded,Low,25.0,Low,Initial Site Mobilization and Statutory Clearance Processing
Assam,PRJ0349,Unnamed Infrastructure Project,Road Transport & Highways,Central Executing Agency,Ministry of Road Transport and Highways,100.0,100.0,0.0,0.0,0,36,40.0,Approved,Awarded,Low,25.0,Low,Initial Site Mobilization and Statutory Clearance Processing
Telangana,PRJ0350,Unnamed Infrastructure Project,Road Transport & Highways,Central Executing Agency,Ministry of Road Transport and Highways,100.0,100.0,0.0,0.0,0,36,40.0,Approved,Awarded,Low,25.0,Low,Initial Site Mobilization and Statutory Clearance Processing
Chhattisgarh,PRJ0351,Unnamed Infrastructure Project,Road Transport & Highways,Central Executing Agency,Ministry of Road Transport and Highways,100.0,100.0,0.0,0.0,0,36,40.0,Approved,Awarded,Low,25.0,Low,Initial Site Mobilization and Statutory Clearance Processing
Karnataka,PRJ0352,Unnamed Infrastructure Project,Road Transport & Highways,Central Executing Agency,Ministry of Road Transport and Highways,100.0,100.0,0.0,0.0,0,36,40.0,Approved,Awarded,Low,25.0,Low,Initial Site Mobilization and Statutory Clearance Processing
Madhya Pradesh,PRJ0353,Unnamed Infrastructure Project,Road Transport & Highways,Central Executing Agency,Ministry of Road Transport and Highways,100.0,100.0,0.0,0.0,0,36,40.0,Approved,Awarded,Low,25.0,Low,Initial Site Mobilization and Statutory Clearance Processing
Maharashtra,PRJ0354,Unnamed Infrastructure Project,Road Transport & Highways,Central Executing Agency,Ministry of Road Transport and Highways,100.0,100.0,0.0,0.0,0,36,40.0,Approved,Awarded,Low,25.0,Low,Initial Site Mobilization and Statutory Clearance Processing
Uttar Pradesh,PRJ0355,Unnamed Infrastructure Project,Road Transport & Highways,Central Executing Agency,Ministry of Road Transport and Highways,100.0,100.0,0.0,0.0,0,36,40.0,Approved,Awarded,Low,25.0,Low,Initial Site Mobilization and Statutory Clearance Processing
Tamil Nadu,PRJ0356,Unnamed Infrastructure Project,Road Transport & Highways,Central Executing Agency,Ministry of Road Transport and Highways,100.0,100.0,0.0,0.0,0,36,40.0,Approved,Awarded,Low,25.0,Low,Initial Site Mobilization and Statutory Clearance Processing
Gujarat,PRJ0357,Unnamed Infrastructure Project,Road Transport & Highways,Central Executing Agency,Ministry of Road Transport and Highways,100.0,100.0,0.0,0.0,0,36,40.0,Approved,Awarded,Low,25.0,Low,Initial Site Mobilization and Statutory Clearance Processing
Rajasthan,PRJ0358,Unnamed Infrastructure Project,Road Transport & Highways,Central Executing Agency,Ministry of Road Transport and Highways,100.0,100.0,0.0,0.0,0,36,40.0,Approved,Awarded,Low,25.0,Low,Initial Site Mobilization and Statutory Clearance Processing
Karnataka,PRJ0359,Unnamed Infrastructure Project,Road Transport & Highways,Central Executing Agency,Ministry of Road Transport and Highways,100.0,100.0,0.0,0.0,0,36,40.0,Approved,Awarded,Low,25.0,Low,Initial Site Mobilization and Statutory Clearance Processing
Odisha,PRJ0360,Unnamed Infrastructure Project,Road Transport & Highways,Central Executing Agency,Ministry of Road Transport and Highways,100.0,100.0,0.0,0.0,0,36,40.0,Approved,Awarded,Low,25.0,Low,Initial Site Mobilization and Statutory Clearance Processing
Andhra Pradesh,PRJ0361,Unnamed Infrastructure Project,Road Transport & Highways,Central Executing Agency,Ministry of Road Transport and Highways,100.0,100.0,0.0,0.0,0,36,40.0,Approved,Awarded,Low,25.0,Low,Initial Site Mobilization and Statutory Clearance Processing
Karnataka,PRJ0362,Unnamed Infrastructure Project,Road Transport & Highways,Central Executing Agency,Ministry of Road Transport and Highways,100.0,100.0,0.0,0.0,0,36,40.0,Approved,Awarded,Low,25.0,Low,Initial Site Mobilization and Statutory Clearance Processing
Bihar,PRJ0363,Unnamed Infrastructure Project,Road Transport & Highways,Central Executing Agency,Ministry of Road Transport and Highways,100.0,100.0,0.0,0.0,0,36,40.0,Approved,Awarded,Low,25.0,Low,Initial Site Mobilization and Statutory Clearance Processing
Kerala,PRJ0364,Unnamed Infrastructure Project,Road Transport & Highways,Central Executing Agency,Ministry of Road Transport and Highways,100.0,100.0,0.0,0.0,0,36,40.0,Approved,Awarded,Low,25.0,Low,Initial Site Mobilization and Statutory Clearance Processing
West Bengal,PRJ0365,Unnamed Infrastructure Project,Road Transport & Highways,Central Executing Agency,Ministry of Road Transport and Highways,100.0,100.0,0.0,0.0,0,36,40.0,Approved,Awarded,Low,25.0,Low,Initial Site Mobilization and Statutory Clearance Processing
West Bengal,PRJ0366,Unnamed Infrastructure Project,Road Transport & Highways,Central Executing Agency,Ministry of Road Transport and Highways,100.0,100.0,0.0,0.0,0,36,40.0,Approved,Awarded,Low,25.0,Low,Initial Site Mobilization and Statutory Clearance Processing
Chhattisgarh,PRJ0367,Unnamed Infrastructure Project,Road Transport & Highways,Central Executing Agency,Ministry of Road Transport and Highways,100.0,100.0,0.0,0.0,0,36,40.0,Approved,Awarded,Low,25.0,Low,Initial Site Mobilization and Statutory Clearance Processing
Chhattisgarh,PRJ0368,Unnamed Infrastructure Project,Road Transport & Highways,Central Executing Agency,Ministry of Road Transport and Highways,100.0,100.0,0.0,0.0,0,36,40.0,Approved,Awarded,Low,25.0,Low,Initial Site Mobilization and Statutory Clearance Processing
Madhya Pradesh,PRJ0369,Unnamed Infrastructure Project,Road Transport & Highways,Central Executing Agency,Ministry of Road Transport and Highways,100.0,100.0,0.0,0.0,0,36,40.0,Approved,Awarded,Low,25.0,Low,Initial Site Mobilization and Statutory Clearance Processing
Andhra Pradesh,PRJ0370,Unnamed Infrastructure Project,Road Transport & Highways,Central Executing Agency,Ministry of Road Transport and Highways,100.0,100.0,0.0,0.0,0,36,40.0,Approved,Awarded,Low,25.0,Low,Initial Site Mobilization and Statutory Clearance Processing
Uttar Pradesh,PRJ0371,Unnamed Infrastructure Project,Road Transport & Highways,Central Executing Agency,Ministry of Road Transport and Highways,100.0,100.0,0.0,0.0,0,36,40.0,Approved,Awarded,Low,25.0,Low,Initial Site Mobilization and Statutory Clearance Processing
Tamil Nadu,PRJ0372,Unnamed Infrastructure Project,Road Transport & Highways,Central Executing Agency,Ministry of Road Transport and Highways,100.0,100.0,0.0,0.0,0,36,40.0,Approved,Awarded,Low,25.0,Low,Initial Site Mobilization and Statutory Clearance Processing
Gujarat,PRJ0373,Unnamed Infrastructure Project,Road Transport & Highways,Central Executing Agency,Ministry of Road Transport and Highways,100.0,100.0,0.0,0.0,0,36,40.0,Approved,Awarded,Low,25.0,Low,Initial Site Mobilization and Statutory Clearance Processing
Rajasthan,PRJ0374,Unnamed Infrastructure Project,Road Transport & Highways,Central Executing Agency,Ministry of Road Transport and Highways,100.0,100.0,0.0,0.0,0,36,40.0,Approved,Awarded,Low,25.0,Low,Initial Site Mobilization and Statutory Clearance Processing
Karnataka,PRJ0375,Unnamed Infrastructure Project,Road Transport & Highways,Central Executing Agency,Ministry of Road Transport and Highways,100.0,100.0,0.0,0.0,0,36,40.0,Approved,Awarded,Low,25.0,Low,Initial Site Mobilization and Statutory Clearance Processing
Chhattisgarh,PRJ0376,Unnamed Infrastructure Project,Road Transport & Highways,Central Executing Agency,Ministry of Road Transport and Highways,100.0,100.0,0.0,0.0,0,36,40.0,Approved,Awarded,Low,25.0,Low,Initial Site Mobilization and Statutory Clearance Processing
Andhra Pradesh,PRJ0377,Unnamed Infrastructure Project,Road Transport & Highways,Central Executing Agency,Ministry of Road Transport and Highways,100.0,100.0,0.0,0.0,0,36,40.0,Approved,Awarded,Low,25.0,Low,Initial Site Mobilization and Statutory Clearance Processing
West Bengal,PRJ0378,Unnamed Infrastructure Project,Road Transport & Highways,Central Executing Agency,Ministry of Road Transport and Highways,100.0,100.0,0.0,0.0,0,36,40.0,Approved,Awarded,Low,25.0,Low,Initial Site Mobilization and Statutory Clearance Processing
Uttar Pradesh,PRJ0379,Unnamed Infrastructure Project,Road Transport & Highways,Central Executing Agency,Ministry of Road Transport and Highways,100.0,100.0,0.0,0.0,0,36,40.0,Approved,Awarded,Low,25.0,Low,Initial Site Mobilization and Statutory Clearance Processing
Kerala,PRJ0380,Unnamed Infrastructure Project,Road Transport & Highways,Central Executing Agency,Ministry of Road Transport and Highways,100.0,100.0,0.0,0.0,0,36,40.0,Approved,Awarded,Low,25.0,Low,Initial Site Mobilization and Statutory Clearance Processing
Rajasthan,PRJ0381,Unnamed Infrastructure Project,Road Transport & Highways,Central Executing Agency,Ministry of Road Transport and Highways,100.0,100.0,0.0,0.0,0,36,40.0,Approved,Awarded,Low,25.0,Low,Initial Site Mobilization and Statutory Clearance Processing
Telangana,PRJ0382,Unnamed Infrastructure Project,Road Transport & Highways,Central Executing Agency,Ministry of Road Transport and Highways,100.0,100.0,0.0,0.0,0,36,40.0,Approved,Awarded,Low,25.0,Low,Initial Site Mobilization and Statutory Clearance Processing
Chhattisgarh,PRJ0383,Unnamed Infrastructure Project,Road Transport & Highways,Central Executing Agency,Ministry of Road Transport and Highways,100.0,100.0,0.0,0.0,0,36,40.0,Approved,Awarded,Low,25.0,Low,Initial Site Mobilization and Statutory Clearance Processing
Jharkhand,PRJ0384,Unnamed Infrastructure Project,Road Transport & Highways,Central Executing Agency,Ministry of Road Transport and Highways,100.0,100.0,0.0,0.0,0,36,40.0,Approved,Awarded,Low,25.0,Low,Initial Site Mobilization and Statutory Clearance Processing
Madhya Pradesh,PRJ0385,Unnamed Infrastructure Project,Road Transport & Highways,Central Executing Agency,Ministry of Road Transport and Highways,100.0,100.0,0.0,0.0,0,36,40.0,Approved,Awarded,Low,25.0,Low,Initial Site Mobilization and Statutory Clearance Processing
Maharashtra,PRJ0386,Unnamed Infrastructure Project,Road Transport & Highways,Central Executing Agency,Ministry of Road Transport and Highways,100.0,100.0,0.0,0.0,0,36,40.0,Approved,Awarded,Low,25.0,Low,Initial Site Mobilization and Statutory Clearance Processing
Uttar Pradesh,PRJ0387,Unnamed Infrastructure Project,Road Transport & Highways,Central Executing Agency,Ministry of Road Transport and Highways,100.0,100.0,0.0,0.0,0,36,40.0,Approved,Awarded,Low,25.0,Low,Initial Site Mobilization and Statutory Clearance Processing
Tamil Nadu,PRJ0388,Unnamed Infrastructure Project,Road Transport & Highways,Central Executing Agency,Ministry of Road Transport and Highways,100.0,100.0,0.0,0.0,0,36,40.0,Approved,Awarded,Low,25.0,Low,Initial Site Mobilization and Statutory Clearance Processing
Gujarat,PRJ0389,Unnamed Infrastructure Project,Road Transport & Highways,Central Executing Agency,Ministry of Road Transport and Highways,100.0,100.0,0.0,0.0,0,36,40.0,Approved,Awarded,Low,25.0,Low,Initial Site Mobilization and Statutory Clearance Processing
Karnataka,PRJ0390,Unnamed Infrastructure Project,Road Transport & Highways,Central Executing Agency,Ministry of Road Transport and Highways,100.0,100.0,0.0,0.0,0,36,40.0,Approved,Awarded,Low,25.0,Low,Initial Site Mobilization and Statutory Clearance Processing
Karnataka,PRJ0391,Unnamed Infrastructure Project,Road Transport & Highways,Central Executing Agency,Ministry of Road Transport and Highways,100.0,100.0,0.0,0.0,0,36,40.0,Approved,Awarded,Low,25.0,Low,Initial Site Mobilization and Statutory Clearance Processing
Odisha,PRJ0392,Unnamed Infrastructure Project,Road Transport & Highways,Central Executing Agency,Ministry of Road Transport and Highways,100.0,100.0,0.0,0.0,0,36,40.0,Approved,Awarded,Low,25.0,Low,Initial Site Mobilization and Statutory Clearance Processing
Andhra Pradesh,PRJ0393,Unnamed Infrastructure Project,Road Transport & Highways,Central Executing Agency,Ministry of Road Transport and Highways,100.0,100.0,0.0,0.0,0,36,40.0,Approved,Awarded,Low,25.0,Low,Initial Site Mobilization and Statutory Clearance Processing
West Bengal,PRJ0394,Unnamed Infrastructure Project,Road Transport & Highways,Central Executing Agency,Ministry of Road Transport and Highways,100.0,100.0,0.0,0.0,0,36,40.0,Approved,Awarded,Low,25.0,Low,Initial Site Mobilization and Statutory Clearance Processing
Madhya Pradesh,PRJ0395,Unnamed Infrastructure Project,Road Transport & Highways,Central Executing Agency,Ministry of Road Transport and Highways,100.0,100.0,0.0,0.0,0,36,40.0,Approved,Awarded,Low,25.0,Low,Initial Site Mobilization and Statutory Clearance Processing
Kerala,PRJ0396,Unnamed Infrastructure Project,Road Transport & Highways,Central Executing Agency,Ministry of Road Transport and Highways,100.0,100.0,0.0,0.0,0,36,40.0,Approved,Awarded,Low,25.0,Low,Initial Site Mobilization and Statutory Clearance Processing
Assam,PRJ0397,Unnamed Infrastructure Project,Road Transport & Highways,Central Executing Agency,Ministry of Road Transport and Highways,100.0,100.0,0.0,0.0,0,36,40.0,Approved,Awarded,Low,25.0,Low,Initial Site Mobilization and Statutory Clearance Processing
Telangana,PRJ0398,Unnamed Infrastructure Project,Road Transport & Highways,Central Executing Agency,Ministry of Road Transport and Highways,100.0,100.0,0.0,0.0,0,36,40.0,Approved,Awarded,Low,25.0,Low,Initial Site Mobilization and Statutory Clearance Processing
Chhattisgarh,PRJ0399,Unnamed Infrastructure Project,Road Transport & Highways,Central Executing Agency,Ministry of Road Transport and Highways,100.0,100.0,0.0,0.0,0,36,40.0,Approved,Awarded,Low,25.0,Low,Initial Site Mobilization and Statutory Clearance Processing
Jharkhand,PRJ0400,Unnamed Infrastructure Project,Road Transport & Highways,Central Executing Agency,Ministry of Road Transport and Highways,100.0,100.0,0.0,0.0,0,36,40.0,Approved,Awarded,Low,25.0,Low,Initial Site Mobilization and Statutory Clearance Processing
Madhya Pradesh,PRJ0401,Unnamed Infrastructure Project,Road Transport & Highways,Central Executing Agency,Ministry of Road Transport and Highways,100.0,100.0,0.0,0.0,0,36,40.0,Approved,Awarded,Low,25.0,Low,Initial Site Mobilization and Statutory Clearance Processing
Odisha,PRJ0402,Unnamed Infrastructure Project,Road Transport & Highways,Central Executing Agency,Ministry of Road Transport and Highways,100.0,100.0,0.0,0.0,0,36,40.0,Approved,Awarded,Low,25.0,Low,Initial Site Mobilization and Statutory Clearance Processing
Uttar Pradesh,PRJ0403,Unnamed Infrastructure Project,Road Transport & Highways,Central Executing Agency,Ministry of Road Transport and Highways,100.0,100.0,0.0,0.0,0,36,40.0,Approved,Awarded,Low,25.0,Low,Initial Site Mobilization and Statutory Clearance Processing
Tamil Nadu,PRJ0404,Unnamed Infrastructure Project,Road Transport & Highways,Central Executing Agency,Ministry of Road Transport and Highways,100.0,100.0,0.0,0.0,0,36,40.0,Approved,Awarded,Low,25.0,Low,Initial Site Mobilization and Statutory Clearance Processing
Gujarat,PRJ0405,Unnamed Infrastructure Project,Road Transport & Highways,Central Executing Agency,Ministry of Road Transport and Highways,100.0,100.0,0.0,0.0,0,36,40.0,Approved,Awarded,Low,25.0,Low,Initial Site Mobilization and Statutory Clearance Processing
Rajasthan,PRJ0406,Unnamed Infrastructure Project,Road Transport & Highways,Central Executing Agency,Ministry of Road Transport and Highways,100.0,100.0,0.0,0.0,0,36,40.0,Approved,Awarded,Low,25.0,Low,Initial Site Mobilization and Statutory Clearance Processing
Punjab,PRJ0407,Unnamed Infrastructure Project,Road Transport & Highways,Central Executing Agency,Ministry of Road Transport and Highways,100.0,100.0,0.0,0.0,0,36,40.0,Approved,Awarded,Low,25.0,Low,Initial Site Mobilization and Statutory Clearance Processing
Odisha,PRJ0408,Unnamed Infrastructure Project,Road Transport & Highways,Central Executing Agency,Ministry of Road Transport and Highways,100.0,100.0,0.0,0.0,0,36,40.0,Approved,Awarded,Low,25.0,Low,Initial Site Mobilization and Statutory Clearance Processing
Andhra Pradesh,PRJ0409,Unnamed Infrastructure Project,Road Transport & Highways,Central Executing Agency,Ministry of Road Transport and Highways,100.0,100.0,0.0,0.0,0,36,40.0,Approved,Awarded,Low,25.0,Low,Initial Site Mobilization and Statutory Clearance Processing
West Bengal,PRJ0410,Unnamed Infrastructure Project,Road Transport & Highways,Central Executing Agency,Ministry of Road Transport and Highways,100.0,100.0,0.0,0.0,0,36,40.0,Approved,Awarded,Low,25.0,Low,Initial Site Mobilization and Statutory Clearance Processing
Bihar,PRJ0411,Unnamed Infrastructure Project,Road Transport & Highways,Central Executing Agency,Ministry of Road Transport and Highways,100.0,100.0,0.0,0.0,0,36,40.0,Approved,Awarded,Low,25.0,Low,Initial Site Mobilization and Statutory Clearance Processing
Kerala,PRJ0412,Unnamed Infrastructure Project,Road Transport & Highways,Central Executing Agency,Ministry of Road Transport and Highways,100.0,100.0,0.0,0.0,0,36,40.0,Approved,Awarded,Low,25.0,Low,Initial Site Mobilization and Statutory Clearance Processing
Assam,PRJ0413,Unnamed Infrastructure Project,Road Transport & Highways,Central Executing Agency,Ministry of Road Transport and Highways,100.0,100.0,0.0,0.0,0,36,40.0,Approved,Awarded,Low,25.0,Low,Initial Site Mobilization and Statutory Clearance Processing
Odisha,PRJ0414,Unnamed Infrastructure Project,Road Transport & Highways,Central Executing Agency,Ministry of Road Transport and Highways,100.0,100.0,0.0,0.0,0,36,40.0,Approved,Awarded,Low,25.0,Low,Initial Site Mobilization and Statutory Clearance Processing
Chhattisgarh,PRJ0415,Unnamed Infrastructure Project,Road Transport & Highways,Central Executing Agency,Ministry of Road Transport and Highways,100.0,100.0,0.0,0.0,0,36,40.0,Approved,Awarded,Low,25.0,Low,Initial Site Mobilization and Statutory Clearance Processing
Madhya Pradesh,PRJ0416,Unnamed Infrastructure Project,Road Transport & Highways,Central Executing Agency,Ministry of Road Transport and Highways,100.0,100.0,0.0,0.0,0,36,40.0,Approved,Awarded,Low,25.0,Low,Initial Site Mobilization and Statutory Clearance Processing
Madhya Pradesh,PRJ0417,Unnamed Infrastructure Project,Road Transport & Highways,Central Executing Agency,Ministry of Road Transport and Highways,100.0,100.0,0.0,0.0,0,36,40.0,Approved,Awarded,Low,25.0,Low,Initial Site Mobilization and Statutory Clearance Processing
Maharashtra,PRJ0418,Unnamed Infrastructure Project,Road Transport & Highways,Central Executing Agency,Ministry of Road Transport and Highways,100.0,100.0,0.0,0.0,0,36,40.0,Approved,Awarded,Low,25.0,Low,Initial Site Mobilization and Statutory Clearance Processing
Uttar Pradesh,PRJ0419,Unnamed Infrastructure Project,Road Transport & Highways,Central Executing Agency,Ministry of Road Transport and Highways,100.0,100.0,0.0,0.0,0,36,40.0,Approved,Awarded,Low,25.0,Low,Initial Site Mobilization and Statutory Clearance Processing
Tamil Nadu,PRJ0420,Unnamed Infrastructure Project,Road Transport & Highways,Central Executing Agency,Ministry of Road Transport and Highways,100.0,100.0,0.0,0.0,0,36,40.0,Approved,Awarded,Low,25.0,Low,Initial Site Mobilization and Statutory Clearance Processing
Gujarat,PRJ0421,Unnamed Infrastructure Project,Road Transport & Highways,Central Executing Agency,Ministry of Road Transport and Highways,100.0,100.0,0.0,0.0,0,36,40.0,Approved,Awarded,Low,25.0,Low,Initial Site Mobilization and Statutory Clearance Processing
Rajasthan,PRJ0422,Unnamed Infrastructure Project,Road Transport & Highways,Central Executing Agency,Ministry of Road Transport and Highways,100.0,100.0,0.0,0.0,0,36,40.0,Approved,Awarded,Low,25.0,Low,Initial Site Mobilization and Statutory Clearance Processing
Karnataka,PRJ0423,Unnamed Infrastructure Project,Road Transport & Highways,Central Executing Agency,Ministry of Road Transport and Highways,100.0,100.0,0.0,0.0,0,36,40.0,Approved,Awarded,Low,25.0,Low,Initial Site Mobilization and Statutory Clearance Processing
Odisha,PRJ0424,Unnamed Infrastructure Project,Road Transport & Highways,Central Executing Agency,Ministry of Road Transport and Highways,100.0,100.0,0.0,0.0,0,36,40.0,Approved,Awarded,Low,25.0,Low,Initial Site Mobilization and Statutory Clearance Processing
Andhra Pradesh,PRJ0425,Unnamed Infrastructure Project,Road Transport & Highways,Central Executing Agency,Ministry of Road Transport and Highways,100.0,100.0,0.0,0.0,0,36,40.0,Approved,Awarded,Low,25.0,Low,Initial Site Mobilization and Statutory Clearance Processing
Odisha,PRJ0426,Unnamed Infrastructure Project,Road Transport & Highways,Central Executing Agency,Ministry of Road Transport and Highways,100.0,100.0,0.0,0.0,0,36,40.0,Approved,Awarded,Low,25.0,Low,Initial Site Mobilization and Statutory Clearance Processing
Bihar,PRJ0427,Unnamed Infrastructure Project,Road Transport & Highways,Central Executing Agency,Ministry of Road Transport and Highways,100.0,100.0,0.0,0.0,0,36,40.0,Approved,Awarded,Low,25.0,Low,Initial Site Mobilization and Statutory Clearance Processing
Kerala,PRJ0428,Unnamed Infrastructure Project,Road Transport & Highways,Central Executing Agency,Ministry of Road Transport and Highways,100.0,100.0,0.0,0.0,0,36,40.0,Approved,Awarded,Low,25.0,Low,Initial Site Mobilization and Statutory Clearance Processing
Assam,PRJ0429,Unnamed Infrastructure Project,Road Transport & Highways,Central Executing Agency,Ministry of Road Transport and Highways,100.0,100.0,0.0,0.0,0,36,40.0,Approved,Awarded,Low,25.0,Low,Initial Site Mobilization and Statutory Clearance Processing
Bihar,PRJ0430,Unnamed Infrastructure Project,Road Transport & Highways,Central Executing Agency,Ministry of Road Transport and Highways,100.0,100.0,0.0,0.0,0,36,40.0,Approved,Awarded,Low,25.0,Low,Initial Site Mobilization and Statutory Clearance Processing
Chhattisgarh,PRJ0431,Unnamed Infrastructure Project,Road Transport & Highways,Central Executing Agency,Ministry of Road Transport and Highways,100.0,100.0,0.0,0.0,0,36,40.0,Approved,Awarded,Low,25.0,Low,Initial Site Mobilization and Statutory Clearance Processing
Odisha,PRJ0432,Unnamed Infrastructure Project,Road Transport & Highways,Central Executing Agency,Ministry of Road Transport and Highways,100.0,100.0,0.0,0.0,0,36,40.0,Approved,Awarded,Low,25.0,Low,Initial Site Mobilization and Statutory Clearance Processing
Madhya Pradesh,PRJ0433,Unnamed Infrastructure Project,Road Transport & Highways,Central Executing Agency,Ministry of Road Transport and Highways,100.0,100.0,0.0,0.0,0,36,40.0,Approved,Awarded,Low,25.0,Low,Initial Site Mobilization and Statutory Clearance Processing
Chhattisgarh,PRJ0434,Unnamed Infrastructure Project,Road Transport & Highways,Central Executing Agency,Ministry of Road Transport and Highways,100.0,100.0,0.0,0.0,0,36,40.0,Approved,Awarded,Low,25.0,Low,Initial Site Mobilization and Statutory Clearance Processing
Uttar Pradesh,PRJ0435,Unnamed Infrastructure Project,Road Transport & Highways,Central Executing Agency,Ministry of Road Transport and Highways,100.0,100.0,0.0,0.0,0,36,40.0,Approved,Awarded,Low,25.0,Low,Initial Site Mobilization and Statutory Clearance Processing
Tamil Nadu,PRJ0436,Unnamed Infrastructure Project,Road Transport & Highways,Central Executing Agency,Ministry of Road Transport and Highways,100.0,100.0,0.0,0.0,0,36,40.0,Approved,Awarded,Low,25.0,Low,Initial Site Mobilization and Statutory Clearance Processing
Uttar Pradesh,PRJ0437,Unnamed Infrastructure Project,Road Transport & Highways,Central Executing Agency,Ministry of Road Transport and Highways,100.0,100.0,0.0,0.0,0,36,40.0,Approved,Awarded,Low,25.0,Low,Initial Site Mobilization and Statutory Clearance Processing
Rajasthan,PRJ0438,Unnamed Infrastructure Project,Road Transport & Highways,Central Executing Agency,Ministry of Road Transport and Highways,100.0,100.0,0.0,0.0,0,36,40.0,Approved,Awarded,Low,25.0,Low,Initial Site Mobilization and Statutory Clearance Processing
Karnataka,PRJ0439,Unnamed Infrastructure Project,Road Transport & Highways,Central Executing Agency,Ministry of Road Transport and Highways,100.0,100.0,0.0,0.0,0,36,40.0,Approved,Awarded,Low,25.0,Low,Initial Site Mobilization and Statutory Clearance Processing
Madhya Pradesh,PRJ0440,Unnamed Infrastructure Project,Road Transport & Highways,Central Executing Agency,Ministry of Road Transport and Highways,100.0,100.0,0.0,0.0,0,36,40.0,Approved,Awarded,Low,25.0,Low,Initial Site Mobilization and Statutory Clearance Processing
Andhra Pradesh,PRJ0441,Unnamed Infrastructure Project,Road Transport & Highways,Central Executing Agency,Ministry of Road Transport and Highways,100.0,100.0,0.0,0.0,0,36,40.0,Approved,Awarded,Low,25.0,Low,Initial Site Mobilization and Statutory Clearance Processing
Karnataka,PRJ0442,Unnamed Infrastructure Project,Road Transport & Highways,Central Executing Agency,Ministry of Road Transport and Highways,100.0,100.0,0.0,0.0,0,36,40.0,Approved,Awarded,Low,25.0,Low,Initial Site Mobilization and Statutory Clearance Processing
Maharashtra,PRJ0443,Unnamed Infrastructure Project,Road Transport & Highways,Central Executing Agency,Ministry of Road Transport and Highways,100.0,100.0,0.0,0.0,0,36,40.0,Approved,Awarded,Low,25.0,Low,Initial Site Mobilization and Statutory Clearance Processing
Kerala,PRJ0444,Unnamed Infrastructure Project,Road Transport & Highways,Central Executing Agency,Ministry of Road Transport and Highways,100.0,100.0,0.0,0.0,0,36,40.0,Approved,Awarded,Low,25.0,Low,Initial Site Mobilization and Statutory Clearance Processing
Assam,PRJ0445,Unnamed Infrastructure Project,Road Transport & Highways,Central Executing Agency,Ministry of Road Transport and Highways,100.0,100.0,0.0,0.0,0,36,40.0,Approved,Awarded,Low,25.0,Low,Initial Site Mobilization and Statutory Clearance Processing
Odisha,PRJ0446,Unnamed Infrastructure Project,Road Transport & Highways,Central Executing Agency,Ministry of Road Transport and Highways,100.0,100.0,0.0,0.0,0,36,40.0,Approved,Awarded,Low,25.0,Low,Initial Site Mobilization and Statutory Clearance Processing
Chhattisgarh,PRJ0447,Unnamed Infrastructure Project,Road Transport & Highways,Central Executing Agency,Ministry of Road Transport and Highways,100.0,100.0,0.0,0.0,0,36,40.0,Approved,Awarded,Low,25.0,Low,Initial Site Mobilization and Statutory Clearance Processing
Jharkhand,PRJ0448,Unnamed Infrastructure Project,Road Transport & Highways,Central Executing Agency,Ministry of Road Transport and Highways,100.0,100.0,0.0,0.0,0,36,40.0,Approved,Awarded,Low,25.0,Low,Initial Site Mobilization and Statutory Clearance Processing
Madhya Pradesh,PRJ0449,Unnamed Infrastructure Project,Road Transport & Highways,Central Executing Agency,Ministry of Road Transport and Highways,100.0,100.0,0.0,0.0,0,36,40.0,Approved,Awarded,Low,25.0,Low,Initial Site Mobilization and Statutory Clearance Processing
Maharashtra,PRJ0450,Unnamed Infrastructure Project,Road Transport & Highways,Central Executing Agency,Ministry of Road Transport and Highways,100.0,100.0,0.0,0.0,0,36,40.0,Approved,Awarded,Low,25.0,Low,Initial Site Mobilization and Statutory Clearance Processing
Uttar Pradesh,PRJ0451,Unnamed Infrastructure Project,Road Transport & Highways,Central Executing Agency,Ministry of Road Transport and Highways,100.0,100.0,0.0,0.0,0,36,40.0,Approved,Awarded,Low,25.0,Low,Initial Site Mobilization and Statutory Clearance Processing
Odisha,PRJ0452,Unnamed Infrastructure Project,Road Transport & Highways,Central Executing Agency,Ministry of Road Transport and Highways,100.0,100.0,0.0,0.0,0,36,40.0,Approved,Awarded,Low,25.0,Low,Initial Site Mobilization and Statutory Clearance Processing
Odisha,PRJ0453,Unnamed Infrastructure Project,Road Transport & Highways,Central Executing Agency,Ministry of Road Transport and Highways,100.0,100.0,0.0,0.0,0,36,40.0,Approved,Awarded,Low,25.0,Low,Initial Site Mobilization and Statutory Clearance Processing
Manipur,PRJ0454,Unnamed Infrastructure Project,Road Transport & Highways,Central Executing Agency,Ministry of Road Transport and Highways,100.0,100.0,0.0,0.0,0,36,40.0,Approved,Awarded,Low,25.0,Low,Initial Site Mobilization and Statutory Clearance Processing
Karnataka,PRJ0455,Unnamed Infrastructure Project,Road Transport & Highways,Central Executing Agency,Ministry of Road Transport and Highways,100.0,100.0,0.0,0.0,0,36,40.0,Approved,Awarded,Low,25.0,Low,Initial Site Mobilization and Statutory Clearance Processing
Odisha,PRJ0456,Unnamed Infrastructure Project,Road Transport & Highways,Central Executing Agency,Ministry of Road Transport and Highways,100.0,100.0,0.0,0.0,0,36,40.0,Approved,Awarded,Low,25.0,Low,Initial Site Mobilization and Statutory Clearance Processing
Andhra Pradesh,PRJ0457,Unnamed Infrastructure Project,Road Transport & Highways,Central Executing Agency,Ministry of Road Transport and Highways,100.0,100.0,0.0,0.0,0,36,40.0,Approved,Awarded,Low,25.0,Low,Initial Site Mobilization and Statutory Clearance Processing
West Bengal,PRJ0458,Unnamed Infrastructure Project,Road Transport & Highways,Central Executing Agency,Ministry of Road Transport and Highways,100.0,100.0,0.0,0.0,0,36,40.0,Approved,Awarded,Low,25.0,Low,Initial Site Mobilization and Statutory Clearance Processing
Bihar,PRJ0459,Unnamed Infrastructure Project,Road Transport & Highways,Central Executing Agency,Ministry of Road Transport and Highways,100.0,100.0,0.0,0.0,0,36,40.0,Approved,Awarded,Low,25.0,Low,Initial Site Mobilization and Statutory Clearance Processing
Madhya Pradesh,PRJ0460,Unnamed Infrastructure Project,Road Transport & Highways,Central Executing Agency,Ministry of Road Transport and Highways,100.0,100.0,0.0,0.0,0,36,40.0,Approved,Awarded,Low,25.0,Low,Initial Site Mobilization and Statutory Clearance Processing
Assam,PRJ0461,Unnamed Infrastructure Project,Road Transport & Highways,Central Executing Agency,Ministry of Road Transport and Highways,100.0,100.0,0.0,0.0,0,36,40.0,Approved,Awarded,Low,25.0,Low,Initial Site Mobilization and Statutory Clearance Processing
Telangana,PRJ0462,Unnamed Infrastructure Project,Road Transport & Highways,Central Executing Agency,Ministry of Road Transport and Highways,100.0,100.0,0.0,0.0,0,36,40.0,Approved,Awarded,Low,25.0,Low,Initial Site Mobilization and Statutory Clearance Processing
Chhattisgarh,PRJ0463,Unnamed Infrastructure Project,Road Transport & Highways,Central Executing Agency,Ministry of Road Transport and Highways,100.0,100.0,0.0,0.0,0,36,40.0,Approved,Awarded,Low,25.0,Low,Initial Site Mobilization and Statutory Clearance Processing
Jharkhand,PRJ0464,Unnamed Infrastructure Project,Road Transport & Highways,Central Executing Agency,Ministry of Road Transport and Highways,100.0,100.0,0.0,0.0,0,36,40.0,Approved,Awarded,Low,25.0,Low,Initial Site Mobilization and Statutory Clearance Processing
Madhya Pradesh,PRJ0465,Unnamed Infrastructure Project,Road Transport & Highways,Central Executing Agency,Ministry of Road Transport and Highways,100.0,100.0,0.0,0.0,0,36,40.0,Approved,Awarded,Low,25.0,Low,Initial Site Mobilization and Statutory Clearance Processing
Maharashtra,PRJ0466,Unnamed Infrastructure Project,Road Transport & Highways,Central Executing Agency,Ministry of Road Transport and Highways,100.0,100.0,0.0,0.0,0,36,40.0,Approved,Awarded,Low,25.0,Low,Initial Site Mobilization and Statutory Clearance Processing
Uttar Pradesh,PRJ0467,Unnamed Infrastructure Project,Road Transport & Highways,Central Executing Agency,Ministry of Road Transport and Highways,100.0,100.0,0.0,0.0,0,36,40.0,Approved,Awarded,Low,25.0,Low,Initial Site Mobilization and Statutory Clearance Processing
Tamil Nadu,PRJ0468,Unnamed Infrastructure Project,Road Transport & Highways,Central Executing Agency,Ministry of Road Transport and Highways,100.0,100.0,0.0,0.0,0,36,40.0,Approved,Awarded,Low,25.0,Low,Initial Site Mobilization and Statutory Clearance Processing
Gujarat,PRJ0469,Unnamed Infrastructure Project,Road Transport & Highways,Central Executing Agency,Ministry of Road Transport and Highways,100.0,100.0,0.0,0.0,0,36,40.0,Approved,Awarded,Low,25.0,Low,Initial Site Mobilization and Statutory Clearance Processing
Rajasthan,PRJ0470,Unnamed Infrastructure Project,Road Transport & Highways,Central Executing Agency,Ministry of Road Transport and Highways,100.0,100.0,0.0,0.0,0,36,40.0,Approved,Awarded,Low,25.0,Low,Initial Site Mobilization and Statutory Clearance Processing
Karnataka,PRJ0471,Unnamed Infrastructure Project,Road Transport & Highways,Central Executing Agency,Ministry of Road Transport and Highways,100.0,100.0,0.0,0.0,0,36,40.0,Approved,Awarded,Low,25.0,Low,Initial Site Mobilization and Statutory Clearance Processing
Andhra Pradesh,PRJ0472,Unnamed Infrastructure Project,Road Transport & Highways,Central Executing Agency,Ministry of Road Transport and Highways,100.0,100.0,0.0,0.0,0,36,40.0,Approved,Awarded,Low,25.0,Low,Initial Site Mobilization and Statutory Clearance Processing
Andhra Pradesh,PRJ0473,Unnamed Infrastructure Project,Road Transport & Highways,Central Executing Agency,Ministry of Road Transport and Highways,100.0,100.0,0.0,0.0,0,36,40.0,Approved,Awarded,Low,25.0,Low,Initial Site Mobilization and Statutory Clearance Processing
West Bengal,PRJ0474,Unnamed Infrastructure Project,Road Transport & Highways,Central Executing Agency,Ministry of Road Transport and Highways,100.0,100.0,0.0,0.0,0,36,40.0,Approved,Awarded,Low,25.0,Low,Initial Site Mobilization and Statutory Clearance Processing
Madhya Pradesh,PRJ0475,Unnamed Infrastructure Project,Road Transport & Highways,Central Executing Agency,Ministry of Road Transport and Highways,100.0,100.0,0.0,0.0,0,36,40.0,Approved,Awarded,Low,25.0,Low,Initial Site Mobilization and Statutory Clearance Processing
Jharkhand,PRJ0476,Unnamed Infrastructure Project,Road Transport & Highways,Central Executing Agency,Ministry of Road Transport and Highways,100.0,100.0,0.0,0.0,0,36,40.0,Approved,Awarded,Low,25.0,Low,Initial Site Mobilization and Statutory Clearance Processing
Punjab,PRJ0477,Unnamed Infrastructure Project,Road Transport & Highways,Central Executing Agency,Ministry of Road Transport and Highways,100.0,100.0,0.0,0.0,0,36,40.0,Approved,Awarded,Low,25.0,Low,Initial Site Mobilization and Statutory Clearance Processing
Punjab,PRJ0478,Unnamed Infrastructure Project,Road Transport & Highways,Central Executing Agency,Ministry of Road Transport and Highways,100.0,100.0,0.0,0.0,0,36,40.0,Approved,Awarded,Low,25.0,Low,Initial Site Mobilization and Statutory Clearance Processing
Chhattisgarh,PRJ0479,Unnamed Infrastructure Project,Road Transport & Highways,Central Executing Agency,Ministry of Road Transport and Highways,100.0,100.0,0.0,0.0,0,36,40.0,Approved,Awarded,Low,25.0,Low,Initial Site Mobilization and Statutory Clearance Processing
Jharkhand,PRJ0480,Unnamed Infrastructure Project,Road Transport & Highways,Central Executing Agency,Ministry of Road Transport and Highways,100.0,100.0,0.0,0.0,0,36,40.0,Approved,Awarded,Low,25.0,Low,Initial Site Mobilization and Statutory Clearance Processing
Tamil Nadu,PRJ0481,Unnamed Infrastructure Project,Road Transport & Highways,Central Executing Agency,Ministry of Road Transport and Highways,100.0,100.0,0.0,0.0,0,36,40.0,Approved,Awarded,Low,25.0,Low,Initial Site Mobilization and Statutory Clearance Processing
Bihar,PRJ0482,Unnamed Infrastructure Project,Road Transport & Highways,Central Executing Agency,Ministry of Road Transport and Highways,100.0,100.0,0.0,0.0,0,36,40.0,Approved,Awarded,Low,25.0,Low,Initial Site Mobilization and Statutory Clearance Processing
Uttar Pradesh,PRJ0483,Unnamed Infrastructure Project,Road Transport & Highways,Central Executing Agency,Ministry of Road Transport and Highways,100.0,100.0,0.0,0.0,0,36,40.0,Approved,Awarded,Low,25.0,Low,Initial Site Mobilization and Statutory Clearance Processing
Tamil Nadu,PRJ0484,Unnamed Infrastructure Project,Road Transport & Highways,Central Executing Agency,Ministry of Road Transport and Highways,100.0,100.0,0.0,0.0,0,36,40.0,Approved,Awarded,Low,25.0,Low,Initial Site Mobilization and Statutory Clearance Processing
Gujarat,PRJ0485,Unnamed Infrastructure Project,Road Transport & Highways,Central Executing Agency,Ministry of Road Transport and Highways,100.0,100.0,0.0,0.0,0,36,40.0,Approved,Awarded,Low,25.0,Low,Initial Site Mobilization and Statutory Clearance Processing
Rajasthan,PRJ0486,Unnamed Infrastructure Project,Road Transport & Highways,Central Executing Agency,Ministry of Road Transport and Highways,100.0,100.0,0.0,0.0,0,36,40.0,Approved,Awarded,Low,25.0,Low,Initial Site Mobilization and Statutory Clearance Processing
Karnataka,PRJ0487,Unnamed Infrastructure Project,Road Transport & Highways,Central Executing Agency,Ministry of Road Transport and Highways,100.0,100.0,0.0,0.0,0,36,40.0,Approved,Awarded,Low,25.0,Low,Initial Site Mobilization and Statutory Clearance Processing
Maharashtra,PRJ0488,Unnamed Infrastructure Project,Road Transport & Highways,Central Executing Agency,Ministry of Road Transport and Highways,100.0,100.0,0.0,0.0,0,36,40.0,Approved,Awarded,Low,25.0,Low,Initial Site Mobilization and Statutory Clearance Processing
Andhra Pradesh,PRJ0489,Unnamed Infrastructure Project,Road Transport & Highways,Central Executing Agency,Ministry of Road Transport and Highways,100.0,100.0,0.0,0.0,0,36,40.0,Approved,Awarded,Low,25.0,Low,Initial Site Mobilization and Statutory Clearance Processing
Bihar,PRJ0490,Unnamed Infrastructure Project,Road Transport & Highways,Central Executing Agency,Ministry of Road Transport and Highways,100.0,100.0,0.0,0.0,0,36,40.0,Approved,Awarded,Low,25.0,Low,Initial Site Mobilization and Statutory Clearance Processing
Bihar,PRJ0491,Unnamed Infrastructure Project,Road Transport & Highways,Central Executing Agency,Ministry of Road Transport and Highways,100.0,100.0,0.0,0.0,0,36,40.0,Approved,Awarded,Low,25.0,Low,Initial Site Mobilization and Statutory Clearance Processing
Kerala,PRJ0492,Unnamed Infrastructure Project,Road Transport & Highways,Central Executing Agency,Ministry of Road Transport and Highways,100.0,100.0,0.0,0.0,0,36,40.0,Approved,Awarded,Low,25.0,Low,Initial Site Mobilization and Statutory Clearance Processing
Assam,PRJ0493,Unnamed Infrastructure Project,Road Transport & Highways,Central Executing Agency,Ministry of Road Transport and Highways,100.0,100.0,0.0,0.0,0,36,40.0,Approved,Awarded,Low,25.0,Low,Initial Site Mobilization and Statutory Clearance Processing
Telangana,PRJ0494,Unnamed Infrastructure Project,Road Transport & Highways,Central Executing Agency,Ministry of Road Transport and Highways,100.0,100.0,0.0,0.0,0,36,40.0,Approved,Awarded,Low,25.0,Low,Initial Site Mobilization and Statutory Clearance Processing
Bihar,PRJ0495,Unnamed Infrastructure Project,Road Transport & Highways,Central Executing Agency,Ministry of Road Transport and Highways,100.0,100.0,0.0,0.0,0,36,40.0,Approved,Awarded,Low,25.0,Low,Initial Site Mobilization and Statutory Clearance Processing
Jharkhand,PRJ0496,Unnamed Infrastructure Project,Road Transport & Highways,Central Executing Agency,Ministry of Road Transport and Highways,100.0,100.0,0.0,0.0,0,36,40.0,Approved,Awarded,Low,25.0,Low,Initial Site Mobilization and Statutory Clearance Processing
Uttar Pradesh,PRJ0497,Unnamed Infrastructure Project,Road Transport & Highways,Central Executing Agency,Ministry of Road Transport and Highways,100.0,100.0,0.0,0.0,0,36,40.0,Approved,Awarded,Low,25.0,Low,Initial Site Mobilization and Statutory Clearance Processing
Maharashtra,PRJ0498,Unnamed Infrastructure Project,Road Transport & Highways,Central Executing Agency,Ministry of Road Transport and Highways,100.0,100.0,0.0,0.0,0,36,40.0,Approved,Awarded,Low,25.0,Low,Initial Site Mobilization and Statutory Clearance Processing
Gujarat,PRJ0499,Unnamed Infrastructure Project,Road Transport & Highways,Central Executing Agency,Ministry of Road Transport and Highways,100.0,100.0,0.0,0.0,0,36,40.0,Approved,Awarded,Low,25.0,Low,Initial Site Mobilization and Statutory Clearance Processing
Goa,PRJ0500,Unnamed Infrastructure Project,Road Transport & Highways,Central Executing Agency,Ministry of Road Transport and Highways,100.0,100.0,0.0,0.0,0,36,40.0,Approved,Awarded,Low,25.0,Low,Initial Site Mobilization and Statutory Clearance Processing
Gujarat,PRJ0501,Unnamed Infrastructure Project,Road Transport & Highways,Central Executing Agency,Ministry of Road Transport and Highways,100.0,100.0,0.0,0.0,0,36,40.0,Approved,Awarded,Low,25.0,Low,Initial Site Mobilization and Statutory Clearance Processing
Rajasthan,PRJ0502,Unnamed Infrastructure Project,Road Transport & Highways,Central Executing Agency,Ministry of Road Transport and Highways,100.0,100.0,0.0,0.0,0,36,40.0,Approved,Awarded,Low,25.0,Low,Initial Site Mobilization and Statutory Clearance Processing
Karnataka,PRJ0503,Unnamed Infrastructure Project,Road Transport & Highways,Central Executing Agency,Ministry of Road Transport and Highways,100.0,100.0,0.0,0.0,0,36,40.0,Approved,Awarded,Low,25.0,Low,Initial Site Mobilization and Statutory Clearance Processing
Odisha,PRJ0504,Unnamed Infrastructure Project,Road Transport & Highways,Central Executing Agency,Ministry of Road Transport and Highways,100.0,100.0,0.0,0.0,0,36,40.0,Approved,Awarded,Low,25.0,Low,Initial Site Mobilization and Statutory Clearance Processing
Andhra Pradesh,PRJ0505,Unnamed Infrastructure Project,Road Transport & Highways,Central Executing Agency,Ministry of Road Transport and Highways,100.0,100.0,0.0,0.0,0,36,40.0,Approved,Awarded,Low,25.0,Low,Initial Site Mobilization and Statutory Clearance Processing
West Bengal,PRJ0506,Unnamed Infrastructure Project,Road Transport & Highways,Central Executing Agency,Ministry of Road Transport and Highways,100.0,100.0,0.0,0.0,0,36,40.0,Approved,Awarded,Low,25.0,Low,Initial Site Mobilization and Statutory Clearance Processing
Bihar,PRJ0507,Unnamed Infrastructure Project,Road Transport & Highways,Central Executing Agency,Ministry of Road Transport and Highways,100.0,100.0,0.0,0.0,0,36,40.0,Approved,Awarded,Low,25.0,Low,Initial Site Mobilization and Statutory Clearance Processing
Kerala,PRJ0508,Unnamed Infrastructure Project,Road Transport & Highways,Central Executing Agency,Ministry of Road Transport and Highways,100.0,100.0,0.0,0.0,0,36,40.0,Approved,Awarded,Low,25.0,Low,Initial Site Mobilization and Statutory Clearance Processing
Assam,PRJ0509,Unnamed Infrastructure Project,Road Transport & Highways,Central Executing Agency,Ministry of Road Transport and Highways,100.0,100.0,0.0,0.0,0,36,40.0,Approved,Awarded,Low,25.0,Low,Initial Site Mobilization and Statutory Clearance Processing
Telangana,PRJ0510,Unnamed Infrastructure Project,Road Transport & Highways,Central Executing Agency,Ministry of Road Transport and Highways,100.0,100.0,0.0,0.0,0,36,40.0,Approved,Awarded,Low,25.0,Low,Initial Site Mobilization and Statutory Clearance Processing
Chhattisgarh,PRJ0511,Unnamed Infrastructure Project,Road Transport & Highways,Central Executing Agency,Ministry of Road Transport and Highways,100.0,100.0,0.0,0.0,0,36,40.0,Approved,Awarded,Low,25.0,Low,Initial Site Mobilization and Statutory Clearance Processing
Odisha,PRJ0512,Unnamed Infrastructure Project,Road Transport & Highways,Central Executing Agency,Ministry of Road Transport and Highways,100.0,100.0,0.0,0.0,0,36,40.0,Approved,Awarded,Low,25.0,Low,Initial Site Mobilization and Statutory Clearance Processing
Madhya Pradesh,PRJ0513,Unnamed Infrastructure Project,Road Transport & Highways,Central Executing Agency,Ministry of Road Transport and Highways,100.0,100.0,0.0,0.0,0,36,40.0,Approved,Awarded,Low,25.0,Low,Initial Site Mobilization and Statutory Clearance Processing
Maharashtra,PRJ0514,Unnamed Infrastructure Project,Road Transport & Highways,Central Executing Agency,Ministry of Road Transport and Highways,100.0,100.0,0.0,0.0,0,36,40.0,Approved,Awarded,Low,25.0,Low,Initial Site Mobilization and Statutory Clearance Processing
Delhi,PRJ0515,Unnamed Infrastructure Project,Road Transport & Highways,Central Executing Agency,Ministry of Road Transport and Highways,100.0,100.0,0.0,0.0,0,36,40.0,Approved,Awarded,Low,25.0,Low,Initial Site Mobilization and Statutory Clearance Processing
Gujarat,PRJ0516,Unnamed Infrastructure Project,Road Transport & Highways,Central Executing Agency,Ministry of Road Transport and Highways,100.0,100.0,0.0,0.0,0,36,40.0,Approved,Awarded,Low,25.0,Low,Initial Site Mobilization and Statutory Clearance Processing
Maharashtra,PRJ0517,Unnamed Infrastructure Project,Road Transport & Highways,Central Executing Agency,Ministry of Road Transport and Highways,100.0,100.0,0.0,0.0,0,36,40.0,Approved,Awarded,Low,25.0,Low,Initial Site Mobilization and Statutory Clearance Processing
Madhya Pradesh,PRJ0518,Unnamed Infrastructure Project,Road Transport & Highways,Central Executing Agency,Ministry of Road Transport and Highways,100.0,100.0,0.0,0.0,0,36,40.0,Approved,Awarded,Low,25.0,Low,Initial Site Mobilization and Statutory Clearance Processing
Karnataka,PRJ0519,Unnamed Infrastructure Project,Road Transport & Highways,Central Executing Agency,Ministry of Road Transport and Highways,100.0,100.0,0.0,0.0,0,36,40.0,Approved,Awarded,Low,25.0,Low,Initial Site Mobilization and Statutory Clearance Processing
Madhya Pradesh,PRJ0520,Unnamed Infrastructure Project,Road Transport & Highways,Central Executing Agency,Ministry of Road Transport and Highways,100.0,100.0,0.0,0.0,0,36,40.0,Approved,Awarded,Low,25.0,Low,Initial Site Mobilization and Statutory Clearance Processing
Andhra Pradesh,PRJ0521,Unnamed Infrastructure Project,Road Transport & Highways,Central Executing Agency,Ministry of Road Transport and Highways,100.0,100.0,0.0,0.0,0,36,40.0,Approved,Awarded,Low,25.0,Low,Initial Site Mobilization and Statutory Clearance Processing
Tamil Nadu,PRJ0522,Unnamed Infrastructure Project,Road Transport & Highways,Central Executing Agency,Ministry of Road Transport and Highways,100.0,100.0,0.0,0.0,0,36,40.0,Approved,Awarded,Low,25.0,Low,Initial Site Mobilization and Statutory Clearance Processing
Bihar,PRJ0523,Unnamed Infrastructure Project,Road Transport & Highways,Central Executing Agency,Ministry of Road Transport and Highways,100.0,100.0,0.0,0.0,0,36,40.0,Approved,Awarded,Low,25.0,Low,Initial Site Mobilization and Statutory Clearance Processing
Kerala,PRJ0524,Unnamed Infrastructure Project,Road Transport & Highways,Central Executing Agency,Ministry of Road Transport and Highways,100.0,100.0,0.0,0.0,0,36,40.0,Approved,Awarded,Low,25.0,Low,Initial Site Mobilization and Statutory Clearance Processing
Odisha,PRJ0525,Unnamed Infrastructure Project,Road Transport & Highways,Central Executing Agency,Ministry of Road Transport and Highways,100.0,100.0,0.0,0.0,0,36,40.0,Approved,Awarded,Low,25.0,Low,Initial Site Mobilization and Statutory Clearance Processing
Telangana,PRJ0526,Unnamed Infrastructure Project,Road Transport & Highways,Central Executing Agency,Ministry of Road Transport and Highways,100.0,100.0,0.0,0.0,0,36,40.0,Approved,Awarded,Low,25.0,Low,Initial Site Mobilization and Statutory Clearance Processing
Chhattisgarh,PRJ0527,Unnamed Infrastructure Project,Road Transport & Highways,Central Executing Agency,Ministry of Road Transport and Highways,100.0,100.0,0.0,0.0,0,36,40.0,Approved,Awarded,Low,25.0,Low,Initial Site Mobilization and Statutory Clearance Processing
Jharkhand,PRJ0528,Unnamed Infrastructure Project,Road Transport & Highways,Central Executing Agency,Ministry of Road Transport and Highways,100.0,100.0,0.0,0.0,0,36,40.0,Approved,Awarded,Low,25.0,Low,Initial Site Mobilization and Statutory Clearance Processing
Madhya Pradesh,PRJ0529,Unnamed Infrastructure Project,Road Transport & Highways,Central Executing Agency,Ministry of Road Transport and Highways,100.0,100.0,0.0,0.0,0,36,40.0,Approved,Awarded,Low,25.0,Low,Initial Site Mobilization and Statutory Clearance Processing
Maharashtra,PRJ0530,Unnamed Infrastructure Project,Road Transport & Highways,Central Executing Agency,Ministry of Road Transport and Highways,100.0,100.0,0.0,0.0,0,36,40.0,Approved,Awarded,Low,25.0,Low,Initial Site Mobilization and Statutory Clearance Processing
Bihar,PRJ0531,Unnamed Infrastructure Project,Road Transport & Highways,Central Executing Agency,Ministry of Road Transport and Highways,100.0,100.0,0.0,0.0,0,36,40.0,Approved,Awarded,Low,25.0,Low,Initial Site Mobilization and Statutory Clearance Processing
Tamil Nadu,PRJ0532,Unnamed Infrastructure Project,Road Transport & Highways,Central Executing Agency,Ministry of Road Transport and Highways,100.0,100.0,0.0,0.0,0,36,40.0,Approved,Awarded,Low,25.0,Low,Initial Site Mobilization and Statutory Clearance Processing
Gujarat,PRJ0533,Unnamed Infrastructure Project,Road Transport & Highways,Central Executing Agency,Ministry of Road Transport and Highways,100.0,100.0,0.0,0.0,0,36,40.0,Approved,Awarded,Low,25.0,Low,Initial Site Mobilization and Statutory Clearance Processing
Madhya Pradesh,PRJ0534,Unnamed Infrastructure Project,Road Transport & Highways,Central Executing Agency,Ministry of Road Transport and Highways,100.0,100.0,0.0,0.0,0,36,40.0,Approved,Awarded,Low,25.0,Low,Initial Site Mobilization and Statutory Clearance Processing
Karnataka,PRJ0535,Unnamed Infrastructure Project,Road Transport & Highways,Central Executing Agency,Ministry of Road Transport and Highways,100.0,100.0,0.0,0.0,0,36,40.0,Approved,Awarded,Low,25.0,Low,Initial Site Mobilization and Statutory Clearance Processing
Odisha,PRJ0536,Unnamed Infrastructure Project,Road Transport & Highways,Central Executing Agency,Ministry of Road Transport and Highways,100.0,100.0,0.0,0.0,0,36,40.0,Approved,Awarded,Low,25.0,Low,Initial Site Mobilization and Statutory Clearance Processing
Andhra Pradesh,PRJ0537,Unnamed Infrastructure Project,Road Transport & Highways,Central Executing Agency,Ministry of Road Transport and Highways,100.0,100.0,0.0,0.0,0,36,40.0,Approved,Awarded,Low,25.0,Low,Initial Site Mobilization and Statutory Clearance Processing
Maharashtra,PRJ0538,Unnamed Infrastructure Project,Road Transport & Highways,Central Executing Agency,Ministry of Road Transport and Highways,100.0,100.0,0.0,0.0,0,36,40.0,Approved,Awarded,Low,25.0,Low,Initial Site Mobilization and Statutory Clearance Processing
Bihar,PRJ0539,Unnamed Infrastructure Project,Road Transport & Highways,Central Executing Agency,Ministry of Road Transport and Highways,100.0,100.0,0.0,0.0,0,36,40.0,Approved,Awarded,Low,25.0,Low,Initial Site Mobilization and Statutory Clearance Processing
Kerala,PRJ0540,Unnamed Infrastructure Project,Road Transport & Highways,Central Executing Agency,Ministry of Road Transport and Highways,100.0,100.0,0.0,0.0,0,36,40.0,Approved,Awarded,Low,25.0,Low,Initial Site Mobilization and Statutory Clearance Processing
Andhra Pradesh,PRJ0541,Unnamed Infrastructure Project,Road Transport & Highways,Central Executing Agency,Ministry of Road Transport and Highways,100.0,100.0,0.0,0.0,0,36,40.0,Approved,Awarded,Low,25.0,Low,Initial Site Mobilization and Statutory Clearance Processing
Odisha,PRJ0542,Unnamed Infrastructure Project,Road Transport & Highways,Central Executing Agency,Ministry of Road Transport and Highways,100.0,100.0,0.0,0.0,0,36,40.0,Approved,Awarded,Low,25.0,Low,Initial Site Mobilization and Statutory Clearance Processing
Chhattisgarh,PRJ0543,Unnamed Infrastructure Project,Road Transport & Highways,Central Executing Agency,Ministry of Road Transport and Highways,100.0,100.0,0.0,0.0,0,36,40.0,Approved,Awarded,Low,25.0,Low,Initial Site Mobilization and Statutory Clearance Processing
Jharkhand,PRJ0544,Unnamed Infrastructure Project,Road Transport & Highways,Central Executing Agency,Ministry of Road Transport and Highways,100.0,100.0,0.0,0.0,0,36,40.0,Approved,Awarded,Low,25.0,Low,Initial Site Mobilization and Statutory Clearance Processing
Madhya Pradesh,PRJ0545,Unnamed Infrastructure Project,Road Transport & Highways,Central Executing Agency,Ministry of Road Transport and Highways,100.0,100.0,0.0,0.0,0,36,40.0,Approved,Awarded,Low,25.0,Low,Initial Site Mobilization and Statutory Clearance Processing
Maharashtra,PRJ0546,Unnamed Infrastructure Project,Road Transport & Highways,Central Executing Agency,Ministry of Road Transport and Highways,100.0,100.0,0.0,0.0,0,36,40.0,Approved,Awarded,Low,25.0,Low,Initial Site Mobilization and Statutory Clearance Processing
Madhya Pradesh,PRJ0547,Unnamed Infrastructure Project,Road Transport & Highways,Central Executing Agency,Ministry of Road Transport and Highways,100.0,100.0,0.0,0.0,0,36,40.0,Approved,Awarded,Low,25.0,Low,Initial Site Mobilization and Statutory Clearance Processing
Andhra Pradesh,PRJ0548,Unnamed Infrastructure Project,Road Transport & Highways,Central Executing Agency,Ministry of Road Transport and Highways,100.0,100.0,0.0,0.0,0,36,40.0,Approved,Awarded,Low,25.0,Low,Initial Site Mobilization and Statutory Clearance Processing
Gujarat,PRJ0549,Unnamed Infrastructure Project,Road Transport & Highways,Central Executing Agency,Ministry of Road Transport and Highways,100.0,100.0,0.0,0.0,0,36,40.0,Approved,Awarded,Low,25.0,Low,Initial Site Mobilization and Statutory Clearance Processing
Rajasthan,PRJ0550,Unnamed Infrastructure Project,Road Transport & Highways,Central Executing Agency,Ministry of Road Transport and Highways,100.0,100.0,0.0,0.0,0,36,40.0,Approved,Awarded,Low,25.0,Low,Initial Site Mobilization and Statutory Clearance Processing
Uttar Pradesh,PRJ0551,Unnamed Infrastructure Project,Road Transport & Highways,Central Executing Agency,Ministry of Road Transport and Highways,100.0,100.0,0.0,0.0,0,36,40.0,Approved,Awarded,Low,25.0,Low,Initial Site Mobilization and Statutory Clearance Processing
Odisha,PRJ0552,Unnamed Infrastructure Project,Road Transport & Highways,Central Executing Agency,Ministry of Road Transport and Highways,100.0,100.0,0.0,0.0,0,36,40.0,Approved,Awarded,Low,25.0,Low,Initial Site Mobilization and Statutory Clearance Processing
Andhra Pradesh,PRJ0553,Unnamed Infrastructure Project,Road Transport & Highways,Central Executing Agency,Ministry of Road Transport and Highways,100.0,100.0,0.0,0.0,0,36,40.0,Approved,Awarded,Low,25.0,Low,Initial Site Mobilization and Statutory Clearance Processing
West Bengal,PRJ0554,Unnamed Infrastructure Project,Road Transport & Highways,Central Executing Agency,Ministry of Road Transport and Highways,100.0,100.0,0.0,0.0,0,36,40.0,Approved,Awarded,Low,25.0,Low,Initial Site Mobilization and Statutory Clearance Processing
Maharashtra,PRJ0555,Unnamed Infrastructure Project,Road Transport & Highways,Central Executing Agency,Ministry of Road Transport and Highways,100.0,100.0,0.0,0.0,0,36,40.0,Approved,Awarded,Low,25.0,Low,Initial Site Mobilization and Statutory Clearance Processing
Kerala,PRJ0556,Unnamed Infrastructure Project,Road Transport & Highways,Central Executing Agency,Ministry of Road Transport and Highways,100.0,100.0,0.0,0.0,0,36,40.0,Approved,Awarded,Low,25.0,Low,Initial Site Mobilization and Statutory Clearance Processing
Maharashtra,PRJ0557,Unnamed Infrastructure Project,Road Transport & Highways,Central Executing Agency,Ministry of Road Transport and Highways,100.0,100.0,0.0,0.0,0,36,40.0,Approved,Awarded,Low,25.0,Low,Initial Site Mobilization and Statutory Clearance Processing
Telangana,PRJ0558,Unnamed Infrastructure Project,Road Transport & Highways,Central Executing Agency,Ministry of Road Transport and Highways,100.0,100.0,0.0,0.0,0,36,40.0,Approved,Awarded,Low,25.0,Low,Initial Site Mobilization and Statutory Clearance Processing
Chhattisgarh,PRJ0559,Unnamed Infrastructure Project,Road Transport & Highways,Central Executing Agency,Ministry of Road Transport and Highways,100.0,100.0,0.0,0.0,0,36,40.0,Approved,Awarded,Low,25.0,Low,Initial Site Mobilization and Statutory Clearance Processing
Jharkhand,PRJ0560,Unnamed Infrastructure Project,Road Transport & Highways,Central Executing Agency,Ministry of Road Transport and Highways,100.0,100.0,0.0,0.0,0,36,40.0,Approved,Awarded,Low,25.0,Low,Initial Site Mobilization and Statutory Clearance Processing
Rajasthan,PRJ0561,Unnamed Infrastructure Project,Road Transport & Highways,Central Executing Agency,Ministry of Road Transport and Highways,100.0,100.0,0.0,0.0,0,36,40.0,Approved,Awarded,Low,25.0,Low,Initial Site Mobilization and Statutory Clearance Processing
Kerala,PRJ0562,Unnamed Infrastructure Project,Road Transport & Highways,Central Executing Agency,Ministry of Road Transport and Highways,100.0,100.0,0.0,0.0,0,36,40.0,Approved,Awarded,Low,25.0,Low,Initial Site Mobilization and Statutory Clearance Processing
Maharashtra,PRJ0563,Unnamed Infrastructure Project,Road Transport & Highways,Central Executing Agency,Ministry of Road Transport and Highways,100.0,100.0,0.0,0.0,0,36,40.0,Approved,Awarded,Low,25.0,Low,Initial Site Mobilization and Statutory Clearance Processing
Bihar,PRJ0564,Unnamed Infrastructure Project,Road Transport & Highways,Central Executing Agency,Ministry of Road Transport and Highways,100.0,100.0,0.0,0.0,0,36,40.0,Approved,Awarded,Low,25.0,Low,Initial Site Mobilization and Statutory Clearance Processing
Uttar Pradesh,PRJ0565,Unnamed Infrastructure Project,Road Transport & Highways,Central Executing Agency,Ministry of Road Transport and Highways,100.0,100.0,0.0,0.0,0,36,40.0,Approved,Awarded,Low,25.0,Low,Initial Site Mobilization and Statutory Clearance Processing
Rajasthan,PRJ0566,Unnamed Infrastructure Project,Road Transport & Highways,Central Executing Agency,Ministry of Road Transport and Highways,100.0,100.0,0.0,0.0,0,36,40.0,Approved,Awarded,Low,25.0,Low,Initial Site Mobilization and Statutory Clearance Processing
Karnataka,PRJ0567,Unnamed Infrastructure Project,Road Transport & Highways,Central Executing Agency,Ministry of Road Transport and Highways,100.0,100.0,0.0,0.0,0,36,40.0,Approved,Awarded,Low,25.0,Low,Initial Site Mobilization and Statutory Clearance Processing
Odisha,PRJ0568,Unnamed Infrastructure Project,Road Transport & Highways,Central Executing Agency,Ministry of Road Transport and Highways,100.0,100.0,0.0,0.0,0,36,40.0,Approved,Awarded,Low,25.0,Low,Initial Site Mobilization and Statutory Clearance Processing
Andhra Pradesh,PRJ0569,Unnamed Infrastructure Project,Road Transport & Highways,Central Executing Agency,Ministry of Road Transport and Highways,100.0,100.0,0.0,0.0,0,36,40.0,Approved,Awarded,Low,25.0,Low,Initial Site Mobilization and Statutory Clearance Processing
West Bengal,PRJ0570,Unnamed Infrastructure Project,Road Transport & Highways,Central Executing Agency,Ministry of Road Transport and Highways,100.0,100.0,0.0,0.0,0,36,40.0,Approved,Awarded,Low,25.0,Low,Initial Site Mobilization and Statutory Clearance Processing
Bihar,PRJ0571,Unnamed Infrastructure Project,Road Transport & Highways,Central Executing Agency,Ministry of Road Transport and Highways,100.0,100.0,0.0,0.0,0,36,40.0,Approved,Awarded,Low,25.0,Low,Initial Site Mobilization and Statutory Clearance Processing
Kerala,PRJ0572,Unnamed Infrastructure Project,Road Transport & Highways,Central Executing Agency,Ministry of Road Transport and Highways,100.0,100.0,0.0,0.0,0,36,40.0,Approved,Awarded,Low,25.0,Low,Initial Site Mobilization and Statutory Clearance Processing
Delhi,PRJ0573,Unnamed Infrastructure Project,Road Transport & Highways,Central Executing Agency,Ministry of Road Transport and Highways,100.0,100.0,0.0,0.0,0,36,40.0,Approved,Awarded,Low,25.0,Low,Initial Site Mobilization and Statutory Clearance Processing
Telangana,PRJ0574,Unnamed Infrastructure Project,Road Transport & Highways,Central Executing Agency,Ministry of Road Transport and Highways,100.0,100.0,0.0,0.0,0,36,40.0,Approved,Awarded,Low,25.0,Low,Initial Site Mobilization and Statutory Clearance Processing
Chhattisgarh,PRJ0575,Unnamed Infrastructure Project,Road Transport & Highways,Central Executing Agency,Ministry of Road Transport and Highways,100.0,100.0,0.0,0.0,0,36,40.0,Approved,Awarded,Low,25.0,Low,Initial Site Mobilization and Statutory Clearance Processing
Jharkhand,PRJ0576,Unnamed Infrastructure Project,Road Transport & Highways,Central Executing Agency,Ministry of Road Transport and Highways,100.0,100.0,0.0,0.0,0,36,40.0,Approved,Awarded,Low,25.0,Low,Initial Site Mobilization and Statutory Clearance Processing
Madhya Pradesh,PRJ0577,Unnamed Infrastructure Project,Road Transport & Highways,Central Executing Agency,Ministry of Road Transport and Highways,100.0,100.0,0.0,0.0,0,36,40.0,Approved,Awarded,Low,25.0,Low,Initial Site Mobilization and Statutory Clearance Processing
Jammu & Kashmir,PRJ0578,Unnamed Infrastructure Project,Road Transport & Highways,Central Executing Agency,Ministry of Road Transport and Highways,100.0,100.0,0.0,0.0,0,36,40.0,Approved,Awarded,Low,25.0,Low,Initial Site Mobilization and Statutory Clearance Processing
Uttar Pradesh,PRJ0579,Unnamed Infrastructure Project,Road Transport & Highways,Central Executing Agency,Ministry of Road Transport and Highways,100.0,100.0,0.0,0.0,0,36,40.0,Approved,Awarded,Low,25.0,Low,Initial Site Mobilization and Statutory Clearance Processing
Tamil Nadu,PRJ0580,Unnamed Infrastructure Project,Road Transport & Highways,Central Executing Agency,Ministry of Road Transport and Highways,100.0,100.0,0.0,0.0,0,36,40.0,Approved,Awarded,Low,25.0,Low,Initial Site Mobilization and Statutory Clearance Processing
Gujarat,PRJ0581,Unnamed Infrastructure Project,Road Transport & Highways,Central Executing Agency,Ministry of Road Transport and Highways,100.0,100.0,0.0,0.0,0,36,40.0,Approved,Awarded,Low,25.0,Low,Initial Site Mobilization and Statutory Clearance Processing
Rajasthan,PRJ0582,Unnamed Infrastructure Project,Road Transport & Highways,Central Executing Agency,Ministry of Road Transport and Highways,100.0,100.0,0.0,0.0,0,36,40.0,Approved,Awarded,Low,25.0,Low,Initial Site Mobilization and Statutory Clearance Processing
Karnataka,PRJ0583,Unnamed Infrastructure Project,Road Transport & Highways,Central Executing Agency,Ministry of Road Transport and Highways,100.0,100.0,0.0,0.0,0,36,40.0,Approved,Awarded,Low,25.0,Low,Initial Site Mobilization and Statutory Clearance Processing
Odisha,PRJ0584,Unnamed Infrastructure Project,Road Transport & Highways,Central Executing Agency,Ministry of Road Transport and Highways,100.0,100.0,0.0,0.0,0,36,40.0,Approved,Awarded,Low,25.0,Low,Initial Site Mobilization and Statutory Clearance Processing
Andhra Pradesh,PRJ0585,Unnamed Infrastructure Project,Road Transport & Highways,Central Executing Agency,Ministry of Road Transport and Highways,100.0,100.0,0.0,0.0,0,36,40.0,Approved,Awarded,Low,25.0,Low,Initial Site Mobilization and Statutory Clearance Processing
West Bengal,PRJ0586,Unnamed Infrastructure Project,Road Transport & Highways,Central Executing Agency,Ministry of Road Transport and Highways,100.0,100.0,0.0,0.0,0,36,40.0,Approved,Awarded,Low,25.0,Low,Initial Site Mobilization and Statutory Clearance Processing
Madhya Pradesh,PRJ0587,Unnamed Infrastructure Project,Road Transport & Highways,Central Executing Agency,Ministry of Road Transport and Highways,100.0,100.0,0.0,0.0,0,36,40.0,Approved,Awarded,Low,25.0,Low,Initial Site Mobilization and Statutory Clearance Processing
Kerala,PRJ0588,Unnamed Infrastructure Project,Road Transport & Highways,Central Executing Agency,Ministry of Road Transport and Highways,100.0,100.0,0.0,0.0,0,36,40.0,Approved,Awarded,Low,25.0,Low,Initial Site Mobilization and Statutory Clearance Processing
Assam,PRJ0589,Unnamed Infrastructure Project,Road Transport & Highways,Central Executing Agency,Ministry of Road Transport and Highways,100.0,100.0,0.0,0.0,0,36,40.0,Approved,Awarded,Low,25.0,Low,Initial Site Mobilization and Statutory Clearance Processing
Andhra Pradesh,PRJ0590,Unnamed Infrastructure Project,Road Transport & Highways,Central Executing Agency,Ministry of Road Transport and Highways,100.0,100.0,0.0,0.0,0,36,40.0,Approved,Awarded,Low,25.0,Low,Initial Site Mobilization and Statutory Clearance Processing
Uttar Pradesh,PRJ0591,Unnamed Infrastructure Project,Road Transport & Highways,Central Executing Agency,Ministry of Road Transport and Highways,100.0,100.0,0.0,0.0,0,36,40.0,Approved,Awarded,Low,25.0,Low,Initial Site Mobilization and Statutory Clearance Processing
Uttar Pradesh,PRJ0592,Unnamed Infrastructure Project,Road Transport & Highways,Central Executing Agency,Ministry of Road Transport and Highways,100.0,100.0,0.0,0.0,0,36,40.0,Approved,Awarded,Low,25.0,Low,Initial Site Mobilization and Statutory Clearance Processing
Madhya Pradesh,PRJ0593,Unnamed Infrastructure Project,Road Transport & Highways,Central Executing Agency,Ministry of Road Transport and Highways,100.0,100.0,0.0,0.0,0,36,40.0,Approved,Awarded,Low,25.0,Low,Initial Site Mobilization and Statutory Clearance Processing
Maharashtra,PRJ0594,Unnamed Infrastructure Project,Road Transport & Highways,Central Executing Agency,Ministry of Road Transport and Highways,100.0,100.0,0.0,0.0,0,36,40.0,Approved,Awarded,Low,25.0,Low,Initial Site Mobilization and Statutory Clearance Processing
Uttar Pradesh,PRJ0595,Unnamed Infrastructure Project,Road Transport & Highways,Central Executing Agency,Ministry of Road Transport and Highways,100.0,100.0,0.0,0.0,0,36,40.0,Approved,Awarded,Low,25.0,Low,Initial Site Mobilization and Statutory Clearance Processing
Tamil Nadu,PRJ0596,Unnamed Infrastructure Project,Road Transport & Highways,Central Executing Agency,Ministry of Road Transport and Highways,100.0,100.0,0.0,0.0,0,36,40.0,Approved,Awarded,Low,25.0,Low,Initial Site Mobilization and Statutory Clearance Processing
Gujarat,PRJ0597,Unnamed Infrastructure Project,Road Transport & Highways,Central Executing Agency,Ministry of Road Transport and Highways,100.0,100.0,0.0,0.0,0,36,40.0,Approved,Awarded,Low,25.0,Low,Initial Site Mobilization and Statutory Clearance Processing
Rajasthan,PRJ0598,Unnamed Infrastructure Project,Road Transport & Highways,Central Executing Agency,Ministry of Road Transport and Highways,100.0,100.0,0.0,0.0,0,36,40.0,Approved,Awarded,Low,25.0,Low,Initial Site Mobilization and Statutory Clearance Processing
Karnataka,PRJ0599,Unnamed Infrastructure Project,Road Transport & Highways,Central Executing Agency,Ministry of Road Transport and Highways,100.0,100.0,0.0,0.0,0,36,40.0,Approved,Awarded,Low,25.0,Low,Initial Site Mobilization and Statutory Clearance Processing
Odisha,PRJ0600,Unnamed Infrastructure Project,Road Transport & Highways,Central Executing Agency,Ministry of Road Transport and Highways,100.0,100.0,0.0,0.0,0,36,40.0,Approved,Awarded,Low,25.0,Low,Initial Site Mobilization and Statutory Clearance Processing
Andhra Pradesh,PRJ0601,Unnamed Infrastructure Project,Road Transport & Highways,Central Executing Agency,Ministry of Road Transport and Highways,100.0,100.0,0.0,0.0,0,36,40.0,Approved,Awarded,Low,25.0,Low,Initial Site Mobilization and Statutory Clearance Processing
West Bengal,PRJ0602,Unnamed Infrastructure Project,Road Transport & Highways,Central Executing Agency,Ministry of Road Transport and Highways,100.0,100.0,0.0,0.0,0,36,40.0,Approved,Awarded,Low,25.0,Low,Initial Site Mobilization and Statutory Clearance Processing
Chhattisgarh,PRJ0603,Unnamed Infrastructure Project,Road Transport & Highways,Central Executing Agency,Ministry of Road Transport and Highways,100.0,100.0,0.0,0.0,0,36,40.0,Approved,Awarded,Low,25.0,Low,Initial Site Mobilization and Statutory Clearance Processing
Kerala,PRJ0604,Unnamed Infrastructure Project,Road Transport & Highways,Central Executing Agency,Ministry of Road Transport and Highways,100.0,100.0,0.0,0.0,0,36,40.0,Approved,Awarded,Low,25.0,Low,Initial Site Mobilization and Statutory Clearance Processing
Assam,PRJ0605,Unnamed Infrastructure Project,Road Transport & Highways,Central Executing Agency,Ministry of Road Transport and Highways,100.0,100.0,0.0,0.0,0,36,40.0,Approved,Awarded,Low,25.0,Low,Initial Site Mobilization and Statutory Clearance Processing
Telangana,PRJ0606,Unnamed Infrastructure Project,Road Transport & Highways,Central Executing Agency,Ministry of Road Transport and Highways,100.0,100.0,0.0,0.0,0,36,40.0,Approved,Awarded,Low,25.0,Low,Initial Site Mobilization and Statutory Clearance Processing
Chhattisgarh,PRJ0607,Unnamed Infrastructure Project,Road Transport & Highways,Central Executing Agency,Ministry of Road Transport and Highways,100.0,100.0,0.0,0.0,0,36,40.0,Approved,Awarded,Low,25.0,Low,Initial Site Mobilization and Statutory Clearance Processing
Jharkhand,PRJ0608,Unnamed Infrastructure Project,Road Transport & Highways,Central Executing Agency,Ministry of Road Transport and Highways,100.0,100.0,0.0,0.0,0,36,40.0,Approved,Awarded,Low,25.0,Low,Initial Site Mobilization and Statutory Clearance Processing
Odisha,PRJ0609,Unnamed Infrastructure Project,Road Transport & Highways,Central Executing Agency,Ministry of Road Transport and Highways,100.0,100.0,0.0,0.0,0,36,40.0,Approved,Awarded,Low,25.0,Low,Initial Site Mobilization and Statutory Clearance Processing
Chhattisgarh,PRJ0610,Unnamed Infrastructure Project,Road Transport & Highways,Central Executing Agency,Ministry of Road Transport and Highways,100.0,100.0,0.0,0.0,0,36,40.0,Approved,Awarded,Low,25.0,Low,Initial Site Mobilization and Statutory Clearance Processing
Madhya Pradesh,PRJ0611,Unnamed Infrastructure Project,Road Transport & Highways,Central Executing Agency,Ministry of Road Transport and Highways,100.0,100.0,0.0,0.0,0,36,40.0,Approved,Awarded,Low,25.0,Low,Initial Site Mobilization and Statutory Clearance Processing
Madhya Pradesh,PRJ0612,Unnamed Infrastructure Project,Road Transport & Highways,Central Executing Agency,Ministry of Road Transport and Highways,100.0,100.0,0.0,0.0,0,36,40.0,Approved,Awarded,Low,25.0,Low,Initial Site Mobilization and Statutory Clearance Processing
Assam,PRJ0613,Unnamed Infrastructure Project,Road Transport & Highways,Central Executing Agency,Ministry of Road Transport and Highways,100.0,100.0,0.0,0.0,0,36,40.0,Approved,Awarded,Low,25.0,Low,Initial Site Mobilization and Statutory Clearance Processing
Assam,PRJ0614,Unnamed Infrastructure Project,Road Transport & Highways,Central Executing Agency,Ministry of Road Transport and Highways,100.0,100.0,0.0,0.0,0,36,40.0,Approved,Awarded,Low,25.0,Low,Initial Site Mobilization and Statutory Clearance Processing
Assam,PRJ0615,Unnamed Infrastructure Project,Road Transport & Highways,Central Executing Agency,Ministry of Road Transport and Highways,100.0,100.0,0.0,0.0,0,36,40.0,Approved,Awarded,Low,25.0,Low,Initial Site Mobilization and Statutory Clearance Processing
Odisha,PRJ0616,Unnamed Infrastructure Project,Road Transport & Highways,Central Executing Agency,Ministry of Road Transport and Highways,100.0,100.0,0.0,0.0,0,36,40.0,Approved,Awarded,Low,25.0,Low,Initial Site Mobilization and Statutory Clearance Processing
Andhra Pradesh,PRJ0617,Unnamed Infrastructure Project,Road Transport & Highways,Central Executing Agency,Ministry of Road Transport and Highways,100.0,100.0,0.0,0.0,0,36,40.0,Approved,Awarded,Low,25.0,Low,Initial Site Mobilization and Statutory Clearance Processing
West Bengal,PRJ0618,Unnamed Infrastructure Project,Road Transport & Highways,Central Executing Agency,Ministry of Road Transport and Highways,100.0,100.0,0.0,0.0,0,36,40.0,Approved,Awarded,Low,25.0,Low,Initial Site Mobilization and Statutory Clearance Processing
Assam,PRJ0619,Unnamed Infrastructure Project,Road Transport & Highways,Central Executing Agency,Ministry of Road Transport and Highways,100.0,100.0,0.0,0.0,0,36,40.0,Approved,Awarded,Low,25.0,Low,Initial Site Mobilization and Statutory Clearance Processing
Assam,PRJ0620,Unnamed Infrastructure Project,Road Transport & Highways,Central Executing Agency,Ministry of Road Transport and Highways,100.0,100.0,0.0,0.0,0,36,40.0,Approved,Awarded,Low,25.0,Low,Initial Site Mobilization and Statutory Clearance Processing
Assam,PRJ0621,Unnamed Infrastructure Project,Road Transport & Highways,Central Executing Agency,Ministry of Road Transport and Highways,100.0,100.0,0.0,0.0,0,36,40.0,Approved,Awarded,Low,25.0,Low,Initial Site Mobilization and Statutory Clearance Processing
Assam,PRJ0622,Unnamed Infrastructure Project,Road Transport & Highways,Central Executing Agency,Ministry of Road Transport and Highways,100.0,100.0,0.0,0.0,0,36,40.0,Approved,Awarded,Low,25.0,Low,Initial Site Mobilization and Statutory Clearance Processing
Chhattisgarh,PRJ0623,Unnamed Infrastructure Project,Road Transport & Highways,Central Executing Agency,Ministry of Road Transport and Highways,100.0,100.0,0.0,0.0,0,36,40.0,Approved,Awarded,Low,25.0,Low,Initial Site Mobilization and Statutory Clearance Processing
Assam,PRJ0624,Unnamed Infrastructure Project,Road Transport & Highways,Central Executing Agency,Ministry of Road Transport and Highways,100.0,100.0,0.0,0.0,0,36,40.0,Approved,Awarded,Low,25.0,Low,Initial Site Mobilization and Statutory Clearance Processing
Madhya Pradesh,PRJ0625,Unnamed Infrastructure Project,Road Transport & Highways,Central Executing Agency,Ministry of Road Transport and Highways,100.0,100.0,0.0,0.0,0,36,40.0,Approved,Awarded,Low,25.0,Low,Initial Site Mobilization and Statutory Clearance Processing
Assam,PRJ0626,Unnamed Infrastructure Project,Road Transport & Highways,Central Executing Agency,Ministry of Road Transport and Highways,100.0,100.0,0.0,0.0,0,36,40.0,Approved,Awarded,Low,25.0,Low,Initial Site Mobilization and Statutory Clearance Processing
Assam,PRJ0627,Unnamed Infrastructure Project,Road Transport & Highways,Central Executing Agency,Ministry of Road Transport and Highways,100.0,100.0,0.0,0.0,0,36,40.0,Approved,Awarded,Low,25.0,Low,Initial Site Mobilization and Statutory Clearance Processing
Tamil Nadu,PRJ0628,Unnamed Infrastructure Project,Road Transport & Highways,Central Executing Agency,Ministry of Road Transport and Highways,100.0,100.0,0.0,0.0,0,36,40.0,Approved,Awarded,Low,25.0,Low,Initial Site Mobilization and Statutory Clearance Processing
Gujarat,PRJ0629,Unnamed Infrastructure Project,Road Transport & Highways,Central Executing Agency,Ministry of Road Transport and Highways,100.0,100.0,0.0,0.0,0,36,40.0,Approved,Awarded,Low,25.0,Low,Initial Site Mobilization and Statutory Clearance Processing
Chhattisgarh,PRJ0630,Unnamed Infrastructure Project,Road Transport & Highways,Central Executing Agency,Ministry of Road Transport and Highways,100.0,100.0,0.0,0.0,0,36,40.0,Approved,Awarded,Low,25.0,Low,Initial Site Mobilization and Statutory Clearance Processing
Jammu & Kashmir,PRJ0631,Unnamed Infrastructure Project,Road Transport & Highways,Central Executing Agency,Ministry of Road Transport and Highways,100.0,100.0,0.0,0.0,0,36,40.0,Approved,Awarded,Low,25.0,Low,Initial Site Mobilization and Statutory Clearance Processing
Punjab,PRJ0632,Unnamed Infrastructure Project,Road Transport & Highways,Central Executing Agency,Ministry of Road Transport and Highways,100.0,100.0,0.0,0.0,0,36,40.0,Approved,Awarded,Low,25.0,Low,Initial Site Mobilization and Statutory Clearance Processing
Punjab,PRJ0633,Unnamed Infrastructure Project,Road Transport & Highways,Central Executing Agency,Ministry of Road Transport and Highways,100.0,100.0,0.0,0.0,0,36,40.0,Approved,Awarded,Low,25.0,Low,Initial Site Mobilization and Statutory Clearance Processing
Uttarakhand,PRJ0634,Unnamed Infrastructure Project,Road Transport & Highways,Central Executing Agency,Ministry of Road Transport and Highways,100.0,100.0,0.0,0.0,0,36,40.0,Approved,Awarded,Low,25.0,Low,Initial Site Mobilization and Statutory Clearance Processing
Maharashtra,PRJ0635,Unnamed Infrastructure Project,Road Transport & Highways,Central Executing Agency,Ministry of Road Transport and Highways,100.0,100.0,0.0,0.0,0,36,40.0,Approved,Awarded,Low,25.0,Low,Initial Site Mobilization and Statutory Clearance Processing
Kerala,PRJ0636,Unnamed Infrastructure Project,Road Transport & Highways,Central Executing Agency,Ministry of Road Transport and Highways,100.0,100.0,0.0,0.0,0,36,40.0,Approved,Awarded,Low,25.0,Low,Initial Site Mobilization and Statutory Clearance Processing
Uttar Pradesh,PRJ0637,Unnamed Infrastructure Project,Road Transport & Highways,Central Executing Agency,Ministry of Road Transport and Highways,100.0,100.0,0.0,0.0,0,36,40.0,Approved,Awarded,Low,25.0,Low,Initial Site Mobilization and Statutory Clearance Processing
Uttar Pradesh,PRJ0638,Unnamed Infrastructure Project,Road Transport & Highways,Central Executing Agency,Ministry of Road Transport and Highways,100.0,100.0,0.0,0.0,0,36,40.0,Approved,Awarded,Low,25.0,Low,Initial Site Mobilization and Statutory Clearance Processing
Chhattisgarh,PRJ0639,Unnamed Infrastructure Project,Road Transport & Highways,Central Executing Agency,Ministry of Road Transport and Highways,100.0,100.0,0.0,0.0,0,36,40.0,Approved,Awarded,Low,25.0,Low,Initial Site Mobilization and Statutory Clearance Processing
Jharkhand,PRJ0640,Unnamed Infrastructure Project,Road Transport & Highways,Central Executing Agency,Ministry of Road Transport and Highways,100.0,100.0,0.0,0.0,0,36,40.0,Approved,Awarded,Low,25.0,Low,Initial Site Mobilization and Statutory Clearance Processing
Telangana,PRJ0641,Unnamed Infrastructure Project,Road Transport & Highways,Central Executing Agency,Ministry of Road Transport and Highways,100.0,100.0,0.0,0.0,0,36,40.0,Approved,Awarded,Low,25.0,Low,Initial Site Mobilization and Statutory Clearance Processing
Andhra Pradesh,PRJ0642,Unnamed Infrastructure Project,Road Transport & Highways,Central Executing Agency,Ministry of Road Transport and Highways,100.0,100.0,0.0,0.0,0,36,40.0,Approved,Awarded,Low,25.0,Low,Initial Site Mobilization and Statutory Clearance Processing
Andhra Pradesh,PRJ0643,Unnamed Infrastructure Project,Road Transport & Highways,Central Executing Agency,Ministry of Road Transport and Highways,100.0,100.0,0.0,0.0,0,36,40.0,Approved,Awarded,Low,25.0,Low,Initial Site Mobilization and Statutory Clearance Processing
Andhra Pradesh,PRJ0644,Unnamed Infrastructure Project,Road Transport & Highways,Central Executing Agency,Ministry of Road Transport and Highways,100.0,100.0,0.0,0.0,0,36,40.0,Approved,Awarded,Low,25.0,Low,Initial Site Mobilization and Statutory Clearance Processing
Telangana,PRJ0645,Unnamed Infrastructure Project,Road Transport & Highways,Central Executing Agency,Ministry of Road Transport and Highways,100.0,100.0,0.0,0.0,0,36,40.0,Approved,Awarded,Low,25.0,Low,Initial Site Mobilization and Statutory Clearance Processing
Telangana,PRJ0646,Unnamed Infrastructure Project,Road Transport & Highways,Central Executing Agency,Ministry of Road Transport and Highways,100.0,100.0,0.0,0.0,0,36,40.0,Approved,Awarded,Low,25.0,Low,Initial Site Mobilization and Statutory Clearance Processing
Telangana,PRJ0647,Unnamed Infrastructure Project,Road Transport & Highways,Central Executing Agency,Ministry of Road Transport and Highways,100.0,100.0,0.0,0.0,0,36,40.0,Approved,Awarded,Low,25.0,Low,Initial Site Mobilization and Statutory Clearance Processing
Telangana,PRJ0648,Unnamed Infrastructure Project,Road Transport & Highways,Central Executing Agency,Ministry of Road Transport and Highways,100.0,100.0,0.0,0.0,0,36,40.0,Approved,Awarded,Low,25.0,Low,Initial Site Mobilization and Statutory Clearance Processing
Telangana,PRJ0649,Unnamed Infrastructure Project,Road Transport & Highways,Central Executing Agency,Ministry of Road Transport and Highways,100.0,100.0,0.0,0.0,0,36,40.0,Approved,Awarded,Low,25.0,Low,Initial Site Mobilization and Statutory Clearance Processing
Tamil Nadu,PRJ0650,Unnamed Infrastructure Project,Road Transport & Highways,Central Executing Agency,Ministry of Road Transport and Highways,100.0,100.0,0.0,0.0,0,36,40.0,Approved,Awarded,Low,25.0,Low,Initial Site Mobilization and Statutory Clearance Processing
Bihar,PRJ0651,Unnamed Infrastructure Project,Road Transport & Highways,Central Executing Agency,Ministry of Road Transport and Highways,100.0,100.0,0.0,0.0,0,36,40.0,Approved,Awarded,Low,25.0,Low,Initial Site Mobilization and Statutory Clearance Processing
Kerala,PRJ0652,Unnamed Infrastructure Project,Road Transport & Highways,Central Executing Agency,Ministry of Road Transport and Highways,100.0,100.0,0.0,0.0,0,36,40.0,Approved,Awarded,Low,25.0,Low,Initial Site Mobilization and Statutory Clearance Processing
Assam,PRJ0653,Unnamed Infrastructure Project,Road Transport & Highways,Central Executing Agency,Ministry of Road Transport and Highways,100.0,100.0,0.0,0.0,0,36,40.0,Approved,Awarded,Low,25.0,Low,Initial Site Mobilization and Statutory Clearance Processing
Bihar,PRJ0654,Unnamed Infrastructure Project,Road Transport & Highways,Central Executing Agency,Ministry of Road Transport and Highways,100.0,100.0,0.0,0.0,0,36,40.0,Approved,Awarded,Low,25.0,Low,Initial Site Mobilization and Statutory Clearance Processing
Jharkhand,PRJ0655,Unnamed Infrastructure Project,Road Transport & Highways,Central Executing Agency,Ministry of Road Transport and Highways,100.0,100.0,0.0,0.0,0,36,40.0,Approved,Awarded,Low,25.0,Low,Initial Site Mobilization and Statutory Clearance Processing
Jharkhand,PRJ0656,Unnamed Infrastructure Project,Road Transport & Highways,Central Executing Agency,Ministry of Road Transport and Highways,100.0,100.0,0.0,0.0,0,36,40.0,Approved,Awarded,Low,25.0,Low,Initial Site Mobilization and Statutory Clearance Processing
Tamil Nadu,PRJ0657,Unnamed Infrastructure Project,Road Transport & Highways,Central Executing Agency,Ministry of Road Transport and Highways,100.0,100.0,0.0,0.0,0,36,40.0,Approved,Awarded,Low,25.0,Low,Initial Site Mobilization and Statutory Clearance Processing
Maharashtra,PRJ0658,Unnamed Infrastructure Project,Road Transport & Highways,Central Executing Agency,Ministry of Road Transport and Highways,100.0,100.0,0.0,0.0,0,36,40.0,Approved,Awarded,Low,25.0,Low,Initial Site Mobilization and Statutory Clearance Processing
Madhya Pradesh,PRJ0659,Unnamed Infrastructure Project,Road Transport & Highways,Central Executing Agency,Ministry of Road Transport and Highways,100.0,100.0,0.0,0.0,0,36,40.0,Approved,Awarded,Low,25.0,Low,Initial Site Mobilization and Statutory Clearance Processing
Tamil Nadu,PRJ0660,Unnamed Infrastructure Project,Road Transport & Highways,Central Executing Agency,Ministry of Road Transport and Highways,100.0,100.0,0.0,0.0,0,36,40.0,Approved,Awarded,Low,25.0,Low,Initial Site Mobilization and Statutory Clearance Processing
Gujarat,PRJ0661,Unnamed Infrastructure Project,Road Transport & Highways,Central Executing Agency,Ministry of Road Transport and Highways,100.0,100.0,0.0,0.0,0,36,40.0,Approved,Awarded,Low,25.0,Low,Initial Site Mobilization and Statutory Clearance Processing
Rajasthan,PRJ0662,Unnamed Infrastructure Project,Road Transport & Highways,Central Executing Agency,Ministry of Road Transport and Highways,100.0,100.0,0.0,0.0,0,36,40.0,Approved,Awarded,Low,25.0,Low,Initial Site Mobilization and Statutory Clearance Processing
Karnataka,PRJ0663,Unnamed Infrastructure Project,Road Transport & Highways,Central Executing Agency,Ministry of Road Transport and Highways,100.0,100.0,0.0,0.0,0,36,40.0,Approved,Awarded,Low,25.0,Low,Initial Site Mobilization and Statutory Clearance Processing
Uttar Pradesh,PRJ0664,Unnamed Infrastructure Project,Road Transport & Highways,Central Executing Agency,Ministry of Road Transport and Highways,100.0,100.0,0.0,0.0,0,36,40.0,Approved,Awarded,Low,25.0,Low,Initial Site Mobilization and Statutory Clearance Processing
Andhra Pradesh,PRJ0665,Unnamed Infrastructure Project,Road Transport & Highways,Central Executing Agency,Ministry of Road Transport and Highways,100.0,100.0,0.0,0.0,0,36,40.0,Approved,Awarded,Low,25.0,Low,Initial Site Mobilization and Statutory Clearance Processing
West Bengal,PRJ0666,Unnamed Infrastructure Project,Road Transport & Highways,Central Executing Agency,Ministry of Road Transport and Highways,100.0,100.0,0.0,0.0,0,36,40.0,Approved,Awarded,Low,25.0,Low,Initial Site Mobilization and Statutory Clearance Processing
Bihar,PRJ0667,Unnamed Infrastructure Project,Road Transport & Highways,Central Executing Agency,Ministry of Road Transport and Highways,100.0,100.0,0.0,0.0,0,36,40.0,Approved,Awarded,Low,25.0,Low,Initial Site Mobilization and Statutory Clearance Processing
Kerala,PRJ0668,Unnamed Infrastructure Project,Road Transport & Highways,Central Executing Agency,Ministry of Road Transport and Highways,100.0,100.0,0.0,0.0,0,36,40.0,Approved,Awarded,Low,25.0,Low,Initial Site Mobilization and Statutory Clearance Processing
Bihar,PRJ0669,Unnamed Infrastructure Project,Road Transport & Highways,Central Executing Agency,Ministry of Road Transport and Highways,100.0,100.0,0.0,0.0,0,36,40.0,Approved,Awarded,Low,25.0,Low,Initial Site Mobilization and Statutory Clearance Processing
Telangana,PRJ0670,Unnamed Infrastructure Project,Road Transport & Highways,Central Executing Agency,Ministry of Road Transport and Highways,100.0,100.0,0.0,0.0,0,36,40.0,Approved,Awarded,Low,25.0,Low,Initial Site Mobilization and Statutory Clearance Processing
Chhattisgarh,PRJ0671,Unnamed Infrastructure Project,Road Transport & Highways,Central Executing Agency,Ministry of Road Transport and Highways,100.0,100.0,0.0,0.0,0,36,40.0,Approved,Awarded,Low,25.0,Low,Initial Site Mobilization and Statutory Clearance Processing
Uttar Pradesh,PRJ0672,Unnamed Infrastructure Project,Road Transport & Highways,Central Executing Agency,Ministry of Road Transport and Highways,100.0,100.0,0.0,0.0,0,36,40.0,Approved,Awarded,Low,25.0,Low,Initial Site Mobilization and Statutory Clearance Processing
Madhya Pradesh,PRJ0673,Unnamed Infrastructure Project,Road Transport & Highways,Central Executing Agency,Ministry of Road Transport and Highways,100.0,100.0,0.0,0.0,0,36,40.0,Approved,Awarded,Low,25.0,Low,Initial Site Mobilization and Statutory Clearance Processing
Maharashtra,PRJ0674,Unnamed Infrastructure Project,Road Transport & Highways,Central Executing Agency,Ministry of Road Transport and Highways,100.0,100.0,0.0,0.0,0,36,40.0,Approved,Awarded,Low,25.0,Low,Initial Site Mobilization and Statutory Clearance Processing
Uttar Pradesh,PRJ0675,Unnamed Infrastructure Project,Road Transport & Highways,Central Executing Agency,Ministry of Road Transport and Highways,100.0,100.0,0.0,0.0,0,36,40.0,Approved,Awarded,Low,25.0,Low,Initial Site Mobilization and Statutory Clearance Processing
Karnataka,PRJ0676,Unnamed Infrastructure Project,Road Transport & Highways,Central Executing Agency,Ministry of Road Transport and Highways,100.0,100.0,0.0,0.0,0,36,40.0,Approved,Awarded,Low,25.0,Low,Initial Site Mobilization and Statutory Clearance Processing
Madhya Pradesh,PRJ0677,Unnamed Infrastructure Project,Road Transport & Highways,Central Executing Agency,Ministry of Road Transport and Highways,100.0,100.0,0.0,0.0,0,36,40.0,Approved,Awarded,Low,25.0,Low,Initial Site Mobilization and Statutory Clearance Processing
Punjab,PRJ0678,Unnamed Infrastructure Project,Road Transport & Highways,Central Executing Agency,Ministry of Road Transport and Highways,100.0,100.0,0.0,0.0,0,36,40.0,Approved,Awarded,Low,25.0,Low,Initial Site Mobilization and Statutory Clearance Processing
Karnataka,PRJ0679,Unnamed Infrastructure Project,Road Transport & Highways,Central Executing Agency,Ministry of Road Transport and Highways,100.0,100.0,0.0,0.0,0,36,40.0,Approved,Awarded,Low,25.0,Low,Initial Site Mobilization and Statutory Clearance Processing
Odisha,PRJ0680,Unnamed Infrastructure Project,Road Transport & Highways,Central Executing Agency,Ministry of Road Transport and Highways,100.0,100.0,0.0,0.0,0,36,40.0,Approved,Awarded,Low,25.0,Low,Initial Site Mobilization and Statutory Clearance Processing
Andhra Pradesh,PRJ0681,Unnamed Infrastructure Project,Road Transport & Highways,Central Executing Agency,Ministry of Road Transport and Highways,100.0,100.0,0.0,0.0,0,36,40.0,Approved,Awarded,Low,25.0,Low,Initial Site Mobilization and Statutory Clearance Processing
West Bengal,PRJ0682,Unnamed Infrastructure Project,Road Transport & Highways,Central Executing Agency,Ministry of Road Transport and Highways,100.0,100.0,0.0,0.0,0,36,40.0,Approved,Awarded,Low,25.0,Low,Initial Site Mobilization and Statutory Clearance Processing
Punjab,PRJ0683,Unnamed Infrastructure Project,Road Transport & Highways,Central Executing Agency,Ministry of Road Transport and Highways,100.0,100.0,0.0,0.0,0,36,40.0,Approved,Awarded,Low,25.0,Low,Initial Site Mobilization and Statutory Clearance Processing
Kerala,PRJ0684,Unnamed Infrastructure Project,Road Transport & Highways,Central Executing Agency,Ministry of Road Transport and Highways,100.0,100.0,0.0,0.0,0,36,40.0,Approved,Awarded,Low,25.0,Low,Initial Site Mobilization and Statutory Clearance Processing
Assam,PRJ0685,Unnamed Infrastructure Project,Road Transport & Highways,Central Executing Agency,Ministry of Road Transport and Highways,100.0,100.0,0.0,0.0,0,36,40.0,Approved,Awarded,Low,25.0,Low,Initial Site Mobilization and Statutory Clearance Processing
Chhattisgarh,PRJ0686,Unnamed Infrastructure Project,Road Transport & Highways,Central Executing Agency,Ministry of Road Transport and Highways,100.0,100.0,0.0,0.0,0,36,40.0,Approved,Awarded,Low,25.0,Low,Initial Site Mobilization and Statutory Clearance Processing
Chhattisgarh,PRJ0687,Unnamed Infrastructure Project,Road Transport & Highways,Central Executing Agency,Ministry of Road Transport and Highways,100.0,100.0,0.0,0.0,0,36,40.0,Approved,Awarded,Low,25.0,Low,Initial Site Mobilization and Statutory Clearance Processing
Jharkhand,PRJ0688,Unnamed Infrastructure Project,Road Transport & Highways,Central Executing Agency,Ministry of Road Transport and Highways,100.0,100.0,0.0,0.0,0,36,40.0,Approved,Awarded,Low,25.0,Low,Initial Site Mobilization and Statutory Clearance Processing
Madhya Pradesh,PRJ0689,Unnamed Infrastructure Project,Road Transport & Highways,Central Executing Agency,Ministry of Road Transport and Highways,100.0,100.0,0.0,0.0,0,36,40.0,Approved,Awarded,Low,25.0,Low,Initial Site Mobilization and Statutory Clearance Processing
Maharashtra,PRJ0690,Unnamed Infrastructure Project,Road Transport & Highways,Central Executing Agency,Ministry of Road Transport and Highways,100.0,100.0,0.0,0.0,0,36,40.0,Approved,Awarded,Low,25.0,Low,Initial Site Mobilization and Statutory Clearance Processing
Uttar Pradesh,PRJ0691,Unnamed Infrastructure Project,Road Transport & Highways,Central Executing Agency,Ministry of Road Transport and Highways,100.0,100.0,0.0,0.0,0,36,40.0,Approved,Awarded,Low,25.0,Low,Initial Site Mobilization and Statutory Clearance Processing
Jammu & Kashmir,PRJ0692,Unnamed Infrastructure Project,Road Transport & Highways,Central Executing Agency,Ministry of Road Transport and Highways,100.0,100.0,0.0,0.0,0,36,40.0,Approved,Awarded,Low,25.0,Low,Initial Site Mobilization and Statutory Clearance Processing
Madhya Pradesh,PRJ0693,Unnamed Infrastructure Project,Road Transport & Highways,Central Executing Agency,Ministry of Road Transport and Highways,100.0,100.0,0.0,0.0,0,36,40.0,Approved,Awarded,Low,25.0,Low,Initial Site Mobilization and Statutory Clearance Processing
Rajasthan,PRJ0694,Unnamed Infrastructure Project,Road Transport & Highways,Central Executing Agency,Ministry of Road Transport and Highways,100.0,100.0,0.0,0.0,0,36,40.0,Approved,Awarded,Low,25.0,Low,Initial Site Mobilization and Statutory Clearance Processing
Karnataka,PRJ0695,Unnamed Infrastructure Project,Road Transport & Highways,Central Executing Agency,Ministry of Road Transport and Highways,100.0,100.0,0.0,0.0,0,36,40.0,Approved,Awarded,Low,25.0,Low,Initial Site Mobilization and Statutory Clearance Processing
Odisha,PRJ0696,Unnamed Infrastructure Project,Road Transport & Highways,Central Executing Agency,Ministry of Road Transport and Highways,100.0,100.0,0.0,0.0,0,36,40.0,Approved,Awarded,Low,25.0,Low,Initial Site Mobilization and Statutory Clearance Processing
Bihar,PRJ0697,Unnamed Infrastructure Project,Road Transport & Highways,Central Executing Agency,Ministry of Road Transport and Highways,100.0,100.0,0.0,0.0,0,36,40.0,Approved,Awarded,Low,25.0,Low,Initial Site Mobilization and Statutory Clearance Processing
Uttarakhand,PRJ0698,Unnamed Infrastructure Project,Road Transport & Highways,Central Executing Agency,Ministry of Road Transport and Highways,100.0,100.0,0.0,0.0,0,36,40.0,Approved,Awarded,Low,25.0,Low,Initial Site Mobilization and Statutory Clearance Processing
Uttarakhand,PRJ0699,Unnamed Infrastructure Project,Road Transport & Highways,Central Executing Agency,Ministry of Road Transport and Highways,100.0,100.0,0.0,0.0,0,36,40.0,Approved,Awarded,Low,25.0,Low,Initial Site Mobilization and Statutory Clearance Processing
Punjab,PRJ0700,Unnamed Infrastructure Project,Road Transport & Highways,Central Executing Agency,Ministry of Road Transport and Highways,100.0,100.0,0.0,0.0,0,36,40.0,Approved,Awarded,Low,25.0,Low,Initial Site Mobilization and Statutory Clearance Processing
Assam,PRJ0701,Unnamed Infrastructure Project,Road Transport & Highways,Central Executing Agency,Ministry of Road Transport and Highways,100.0,100.0,0.0,0.0,0,36,40.0,Approved,Awarded,Low,25.0,Low,Initial Site Mobilization and Statutory Clearance Processing
Madhya Pradesh,PRJ0702,Unnamed Infrastructure Project,Road Transport & Highways,Central Executing Agency,Ministry of Road Transport and Highways,100.0,100.0,0.0,0.0,0,36,40.0,Approved,Awarded,Low,25.0,Low,Initial Site Mobilization and Statutory Clearance Processing
Chhattisgarh,PRJ0703,Unnamed Infrastructure Project,Road Transport & Highways,Central Executing Agency,Ministry of Road Transport and Highways,100.0,100.0,0.0,0.0,0,36,40.0,Approved,Awarded,Low,25.0,Low,Initial Site Mobilization and Statutory Clearance Processing
Andhra Pradesh,PRJ0704,Unnamed Infrastructure Project,Road Transport & Highways,Central Executing Agency,Ministry of Road Transport and Highways,100.0,100.0,0.0,0.0,0,36,40.0,Approved,Awarded,Low,25.0,Low,Initial Site Mobilization and Statutory Clearance Processing
Telangana,PRJ0705,Unnamed Infrastructure Project,Road Transport & Highways,Central Executing Agency,Ministry of Road Transport and Highways,100.0,100.0,0.0,0.0,0,36,40.0,Approved,Awarded,Low,25.0,Low,Initial Site Mobilization and Statutory Clearance Processing
Rajasthan,PRJ0706,Unnamed Infrastructure Project,Road Transport & Highways,Central Executing Agency,Ministry of Road Transport and Highways,100.0,100.0,0.0,0.0,0,36,40.0,Approved,Awarded,Low,25.0,Low,Initial Site Mobilization and Statutory Clearance Processing
Uttar Pradesh,PRJ0707,Unnamed Infrastructure Project,Road Transport & Highways,Central Executing Agency,Ministry of Road Transport and Highways,100.0,100.0,0.0,0.0,0,36,40.0,Approved,Awarded,Low,25.0,Low,Initial Site Mobilization and Statutory Clearance Processing
Tamil Nadu,PRJ0708,Unnamed Infrastructure Project,Road Transport & Highways,Central Executing Agency,Ministry of Road Transport and Highways,100.0,100.0,0.0,0.0,0,36,40.0,Approved,Awarded,Low,25.0,Low,Initial Site Mobilization and Statutory Clearance Processing
Karnataka,PRJ0709,Unnamed Infrastructure Project,Road Transport & Highways,Central Executing Agency,Ministry of Road Transport and Highways,100.0,100.0,0.0,0.0,0,36,40.0,Approved,Awarded,Low,25.0,Low,Initial Site Mobilization and Statutory Clearance Processing
Jammu & Kashmir,PRJ0710,Unnamed Infrastructure Project,Road Transport & Highways,Central Executing Agency,Ministry of Road Transport and Highways,100.0,100.0,0.0,0.0,0,36,40.0,Approved,Awarded,Low,25.0,Low,Initial Site Mobilization and Statutory Clearance Processing
Karnataka,PRJ0711,Unnamed Infrastructure Project,Road Transport & Highways,Central Executing Agency,Ministry of Road Transport and Highways,100.0,100.0,0.0,0.0,0,36,40.0,Approved,Awarded,Low,25.0,Low,Initial Site Mobilization and Statutory Clearance Processing
Tamil Nadu,PRJ0712,Unnamed Infrastructure Project,Road Transport & Highways,Central Executing Agency,Ministry of Road Transport and Highways,100.0,100.0,0.0,0.0,0,36,40.0,Approved,Awarded,Low,25.0,Low,Initial Site Mobilization and Statutory Clearance Processing
Karnataka,PRJ0713,Unnamed Infrastructure Project,Road Transport & Highways,Central Executing Agency,Ministry of Road Transport and Highways,100.0,100.0,0.0,0.0,0,36,40.0,Approved,Awarded,Low,25.0,Low,Initial Site Mobilization and Statutory Clearance Processing
West Bengal,PRJ0714,Unnamed Infrastructure Project,Road Transport & Highways,Central Executing Agency,Ministry of Road Transport and Highways,100.0,100.0,0.0,0.0,0,36,40.0,Approved,Awarded,Low,25.0,Low,Initial Site Mobilization and Statutory Clearance Processing
Bihar,PRJ0715,Unnamed Infrastructure Project,Road Transport & Highways,Central Executing Agency,Ministry of Road Transport and Highways,100.0,100.0,0.0,0.0,0,36,40.0,Approved,Awarded,Low,25.0,Low,Initial Site Mobilization and Statutory Clearance Processing
Tamil Nadu,PRJ0716,Unnamed Infrastructure Project,Road Transport & Highways,Central Executing Agency,Ministry of Road Transport and Highways,100.0,100.0,0.0,0.0,0,36,40.0,Approved,Awarded,Low,25.0,Low,Initial Site Mobilization and Statutory Clearance Processing
Assam,PRJ0717,Unnamed Infrastructure Project,Road Transport & Highways,Central Executing Agency,Ministry of Road Transport and Highways,100.0,100.0,0.0,0.0,0,36,40.0,Approved,Awarded,Low,25.0,Low,Initial Site Mobilization and Statutory Clearance Processing
Telangana,PRJ0718,Unnamed Infrastructure Project,Road Transport & Highways,Central Executing Agency,Ministry of Road Transport and Highways,100.0,100.0,0.0,0.0,0,36,40.0,Approved,Awarded,Low,25.0,Low,Initial Site Mobilization and Statutory Clearance Processing
Chhattisgarh,PRJ0719,Unnamed Infrastructure Project,Road Transport & Highways,Central Executing Agency,Ministry of Road Transport and Highways,100.0,100.0,0.0,0.0,0,36,40.0,Approved,Awarded,Low,25.0,Low,Initial Site Mobilization and Statutory Clearance Processing
Jharkhand,PRJ0720,Unnamed Infrastructure Project,Road Transport & Highways,Central Executing Agency,Ministry of Road Transport and Highways,100.0,100.0,0.0,0.0,0,36,40.0,Approved,Awarded,Low,25.0,Low,Initial Site Mobilization and Statutory Clearance Processing
Madhya Pradesh,PRJ0721,Unnamed Infrastructure Project,Road Transport & Highways,Central Executing Agency,Ministry of Road Transport and Highways,100.0,100.0,0.0,0.0,0,36,40.0,Approved,Awarded,Low,25.0,Low,Initial Site Mobilization and Statutory Clearance Processing
Bihar,PRJ0722,Unnamed Infrastructure Project,Road Transport & Highways,Central Executing Agency,Ministry of Road Transport and Highways,100.0,100.0,0.0,0.0,0,36,40.0,Approved,Awarded,Low,25.0,Low,Initial Site Mobilization and Statutory Clearance Processing
Maharashtra,PRJ0723,Unnamed Infrastructure Project,Road Transport & Highways,Central Executing Agency,Ministry of Road Transport and Highways,100.0,100.0,0.0,0.0,0,36,40.0,Approved,Awarded,Low,25.0,Low,Initial Site Mobilization and Statutory Clearance Processing
Tamil Nadu,PRJ0724,Unnamed Infrastructure Project,Road Transport & Highways,Central Executing Agency,Ministry of Road Transport and Highways,100.0,100.0,0.0,0.0,0,36,40.0,Approved,Awarded,Low,25.0,Low,Initial Site Mobilization and Statutory Clearance Processing
Gujarat,PRJ0725,Unnamed Infrastructure Project,Road Transport & Highways,Central Executing Agency,Ministry of Road Transport and Highways,100.0,100.0,0.0,0.0,0,36,40.0,Approved,Awarded,Low,25.0,Low,Initial Site Mobilization and Statutory Clearance Processing
Rajasthan,PRJ0726,Unnamed Infrastructure Project,Road Transport & Highways,Central Executing Agency,Ministry of Road Transport and Highways,100.0,100.0,0.0,0.0,0,36,40.0,Approved,Awarded,Low,25.0,Low,Initial Site Mobilization and Statutory Clearance Processing
Jharkhand,PRJ0727,Unnamed Infrastructure Project,Road Transport & Highways,Central Executing Agency,Ministry of Road Transport and Highways,100.0,100.0,0.0,0.0,0,36,40.0,Approved,Awarded,Low,25.0,Low,Initial Site Mobilization and Statutory Clearance Processing
Odisha,PRJ0728,Unnamed Infrastructure Project,Road Transport & Highways,Central Executing Agency,Ministry of Road Transport and Highways,100.0,100.0,0.0,0.0,0,36,40.0,Approved,Awarded,Low,25.0,Low,Initial Site Mobilization and Statutory Clearance Processing
Andhra Pradesh,PRJ0729,Unnamed Infrastructure Project,Road Transport & Highways,Central Executing Agency,Ministry of Road Transport and Highways,100.0,100.0,0.0,0.0,0,36,40.0,Approved,Awarded,Low,25.0,Low,Initial Site Mobilization and Statutory Clearance Processing
West Bengal,PRJ0730,Unnamed Infrastructure Project,Road Transport & Highways,Central Executing Agency,Ministry of Road Transport and Highways,100.0,100.0,0.0,0.0,0,36,40.0,Approved,Awarded,Low,25.0,Low,Initial Site Mobilization and Statutory Clearance Processing
Bihar,PRJ0731,Unnamed Infrastructure Project,Road Transport & Highways,Central Executing Agency,Ministry of Road Transport and Highways,100.0,100.0,0.0,0.0,0,36,40.0,Approved,Awarded,Low,25.0,Low,Initial Site Mobilization and Statutory Clearance Processing
Kerala,PRJ0732,Unnamed Infrastructure Project,Road Transport & Highways,Central Executing Agency,Ministry of Road Transport and Highways,100.0,100.0,0.0,0.0,0,36,40.0,Approved,Awarded,Low,25.0,Low,Initial Site Mobilization and Statutory Clearance Processing
Assam,PRJ0733,Unnamed Infrastructure Project,Road Transport & Highways,Central Executing Agency,Ministry of Road Transport and Highways,100.0,100.0,0.0,0.0,0,36,40.0,Approved,Awarded,Low,25.0,Low,Initial Site Mobilization and Statutory Clearance Processing
Telangana,PRJ0734,Unnamed Infrastructure Project,Road Transport & Highways,Central Executing Agency,Ministry of Road Transport and Highways,100.0,100.0,0.0,0.0,0,36,40.0,Approved,Awarded,Low,25.0,Low,Initial Site Mobilization and Statutory Clearance Processing
Chhattisgarh,PRJ0735,Unnamed Infrastructure Project,Road Transport & Highways,Central Executing Agency,Ministry of Road Transport and Highways,100.0,100.0,0.0,0.0,0,36,40.0,Approved,Awarded,Low,25.0,Low,Initial Site Mobilization and Statutory Clearance Processing
Madhya Pradesh,PRJ0736,Unnamed Infrastructure Project,Road Transport & Highways,Central Executing Agency,Ministry of Road Transport and Highways,100.0,100.0,0.0,0.0,0,36,40.0,Approved,Awarded,Low,25.0,Low,Initial Site Mobilization and Statutory Clearance Processing
Karnataka,PRJ0737,Unnamed Infrastructure Project,Road Transport & Highways,Central Executing Agency,Ministry of Road Transport and Highways,100.0,100.0,0.0,0.0,0,36,40.0,Approved,Awarded,Low,25.0,Low,Initial Site Mobilization and Statutory Clearance Processing
Maharashtra,PRJ0738,Unnamed Infrastructure Project,Road Transport & Highways,Central Executing Agency,Ministry of Road Transport and Highways,100.0,100.0,0.0,0.0,0,36,40.0,Approved,Awarded,Low,25.0,Low,Initial Site Mobilization and Statutory Clearance Processing
Uttar Pradesh,PRJ0739,Unnamed Infrastructure Project,Road Transport & Highways,Central Executing Agency,Ministry of Road Transport and Highways,100.0,100.0,0.0,0.0,0,36,40.0,Approved,Awarded,Low,25.0,Low,Initial Site Mobilization and Statutory Clearance Processing
Uttar Pradesh,PRJ0740,Unnamed Infrastructure Project,Road Transport & Highways,Central Executing Agency,Ministry of Road Transport and Highways,100.0,100.0,0.0,0.0,0,36,40.0,Approved,Awarded,Low,25.0,Low,Initial Site Mobilization and Statutory Clearance Processing
Gujarat,PRJ0741,Unnamed Infrastructure Project,Road Transport & Highways,Central Executing Agency,Ministry of Road Transport and Highways,100.0,100.0,0.0,0.0,0,36,40.0,Approved,Awarded,Low,25.0,Low,Initial Site Mobilization and Statutory Clearance Processing
Rajasthan,PRJ0742,Unnamed Infrastructure Project,Road Transport & Highways,Central Executing Agency,Ministry of Road Transport and Highways,100.0,100.0,0.0,0.0,0,36,40.0,Approved,Awarded,Low,25.0,Low,Initial Site Mobilization and Statutory Clearance Processing
Jammu & Kashmir,PRJ0743,Unnamed Infrastructure Project,Road Transport & Highways,Central Executing Agency,Ministry of Road Transport and Highways,100.0,100.0,0.0,0.0,0,36,40.0,Approved,Awarded,Low,25.0,Low,Initial Site Mobilization and Statutory Clearance Processing
Odisha,PRJ0744,Unnamed Infrastructure Project,Road Transport & Highways,Central Executing Agency,Ministry of Road Transport and Highways,100.0,100.0,0.0,0.0,0,36,40.0,Approved,Awarded,Low,25.0,Low,Initial Site Mobilization and Statutory Clearance Processing
Andhra Pradesh,PRJ0745,Unnamed Infrastructure Project,Road Transport & Highways,Central Executing Agency,Ministry of Road Transport and Highways,100.0,100.0,0.0,0.0,0,36,40.0,Approved,Awarded,Low,25.0,Low,Initial Site Mobilization and Statutory Clearance Processing
West Bengal,PRJ0746,Unnamed Infrastructure Project,Road Transport & Highways,Central Executing Agency,Ministry of Road Transport and Highways,100.0,100.0,0.0,0.0,0,36,40.0,Approved,Awarded,Low,25.0,Low,Initial Site Mobilization and Statutory Clearance Processing
Bihar,PRJ0747,Unnamed Infrastructure Project,Road Transport & Highways,Central Executing Agency,Ministry of Road Transport and Highways,100.0,100.0,0.0,0.0,0,36,40.0,Approved,Awarded,Low,25.0,Low,Initial Site Mobilization and Statutory Clearance Processing
Kerala,PRJ0748,Unnamed Infrastructure Project,Road Transport & Highways,Central Executing Agency,Ministry of Road Transport and Highways,100.0,100.0,0.0,0.0,0,36,40.0,Approved,Awarded,Low,25.0,Low,Initial Site Mobilization and Statutory Clearance Processing
Assam,PRJ0749,Unnamed Infrastructure Project,Road Transport & Highways,Central Executing Agency,Ministry of Road Transport and Highways,100.0,100.0,0.0,0.0,0,36,40.0,Approved,Awarded,Low,25.0,Low,Initial Site Mobilization and Statutory Clearance Processing
Telangana,PRJ0750,Unnamed Infrastructure Project,Road Transport & Highways,Central Executing Agency,Ministry of Road Transport and Highways,100.0,100.0,0.0,0.0,0,36,40.0,Approved,Awarded,Low,25.0,Low,Initial Site Mobilization and Statutory Clearance Processing
Chhattisgarh,PRJ0751,Unnamed Infrastructure Project,Road Transport & Highways,Central Executing Agency,Ministry of Road Transport and Highways,100.0,100.0,0.0,0.0,0,36,40.0,Approved,Awarded,Low,25.0,Low,Initial Site Mobilization and Statutory Clearance Processing
Jharkhand,PRJ0752,Unnamed Infrastructure Project,Road Transport & Highways,Central Executing Agency,Ministry of Road Transport and Highways,100.0,100.0,0.0,0.0,0,36,40.0,Approved,Awarded,Low,25.0,Low,Initial Site Mobilization and Statutory Clearance Processing
Madhya Pradesh,PRJ0753,Unnamed Infrastructure Project,Road Transport & Highways,Central Executing Agency,Ministry of Road Transport and Highways,100.0,100.0,0.0,0.0,0,36,40.0,Approved,Awarded,Low,25.0,Low,Initial Site Mobilization and Statutory Clearance Processing
Maharashtra,PRJ0754,Unnamed Infrastructure Project,Road Transport & Highways,Central Executing Agency,Ministry of Road Transport and Highways,100.0,100.0,0.0,0.0,0,36,40.0,Approved,Awarded,Low,25.0,Low,Initial Site Mobilization and Statutory Clearance Processing
Uttar Pradesh,PRJ0755,Unnamed Infrastructure Project,Road Transport & Highways,Central Executing Agency,Ministry of Road Transport and Highways,100.0,100.0,0.0,0.0,0,36,40.0,Approved,Awarded,Low,25.0,Low,Initial Site Mobilization and Statutory Clearance Processing
Tamil Nadu,PRJ0756,Unnamed Infrastructure Project,Road Transport & Highways,Central Executing Agency,Ministry of Road Transport and Highways,100.0,100.0,0.0,0.0,0,36,40.0,Approved,Awarded,Low,25.0,Low,Initial Site Mobilization and Statutory Clearance Processing
Jammu & Kashmir,PRJ0757,Unnamed Infrastructure Project,Road Transport & Highways,Central Executing Agency,Ministry of Road Transport and Highways,100.0,100.0,0.0,0.0,0,36,40.0,Approved,Awarded,Low,25.0,Low,Initial Site Mobilization and Statutory Clearance Processing
Rajasthan,PRJ0758,Unnamed Infrastructure Project,Road Transport & Highways,Central Executing Agency,Ministry of Road Transport and Highways,100.0,100.0,0.0,0.0,0,36,40.0,Approved,Awarded,Low,25.0,Low,Initial Site Mobilization and Statutory Clearance Processing
Karnataka,PRJ0759,Unnamed Infrastructure Project,Road Transport & Highways,Central Executing Agency,Ministry of Road Transport and Highways,100.0,100.0,0.0,0.0,0,36,40.0,Approved,Awarded,Low,25.0,Low,Initial Site Mobilization and Statutory Clearance Processing
Odisha,PRJ0760,Unnamed Infrastructure Project,Road Transport & Highways,Central Executing Agency,Ministry of Road Transport and Highways,100.0,100.0,0.0,0.0,0,36,40.0,Approved,Awarded,Low,25.0,Low,Initial Site Mobilization and Statutory Clearance Processing
Jammu & Kashmir,PRJ0761,Unnamed Infrastructure Project,Road Transport & Highways,Central Executing Agency,Ministry of Road Transport and Highways,100.0,100.0,0.0,0.0,0,36,40.0,Approved,Awarded,Low,25.0,Low,Initial Site Mobilization and Statutory Clearance Processing
West Bengal,PRJ0762,Unnamed Infrastructure Project,Road Transport & Highways,Central Executing Agency,Ministry of Road Transport and Highways,100.0,100.0,0.0,0.0,0,36,40.0,Approved,Awarded,Low,25.0,Low,Initial Site Mobilization and Statutory Clearance Processing
Bihar,PRJ0763,Unnamed Infrastructure Project,Road Transport & Highways,Central Executing Agency,Ministry of Road Transport and Highways,100.0,100.0,0.0,0.0,0,36,40.0,Approved,Awarded,Low,25.0,Low,Initial Site Mobilization and Statutory Clearance Processing
Uttar Pradesh,PRJ0764,Unnamed Infrastructure Project,Road Transport & Highways,Central Executing Agency,Ministry of Road Transport and Highways,100.0,100.0,0.0,0.0,0,36,40.0,Approved,Awarded,Low,25.0,Low,Initial Site Mobilization and Statutory Clearance Processing
Uttar Pradesh,PRJ0765,Unnamed Infrastructure Project,Road Transport & Highways,Central Executing Agency,Ministry of Road Transport and Highways,100.0,100.0,0.0,0.0,0,36,40.0,Approved,Awarded,Low,25.0,Low,Initial Site Mobilization and Statutory Clearance Processing
Uttar Pradesh,PRJ0766,Unnamed Infrastructure Project,Road Transport & Highways,Central Executing Agency,Ministry of Road Transport and Highways,100.0,100.0,0.0,0.0,0,36,40.0,Approved,Awarded,Low,25.0,Low,Initial Site Mobilization and Statutory Clearance Processing
Tamil Nadu,PRJ0767,Unnamed Infrastructure Project,Road Transport & Highways,Central Executing Agency,Ministry of Road Transport and Highways,100.0,100.0,0.0,0.0,0,36,40.0,Approved,Awarded,Low,25.0,Low,Initial Site Mobilization and Statutory Clearance Processing
Telangana,PRJ0768,Unnamed Infrastructure Project,Road Transport & Highways,Central Executing Agency,Ministry of Road Transport and Highways,100.0,100.0,0.0,0.0,0,36,40.0,Approved,Awarded,Low,25.0,Low,Initial Site Mobilization and Statutory Clearance Processing
Madhya Pradesh,PRJ0769,Unnamed Infrastructure Project,Road Transport & Highways,Central Executing Agency,Ministry of Road Transport and Highways,100.0,100.0,0.0,0.0,0,36,40.0,Approved,Awarded,Low,25.0,Low,Initial Site Mobilization and Statutory Clearance Processing
Telangana,PRJ0770,Unnamed Infrastructure Project,Road Transport & Highways,Central Executing Agency,Ministry of Road Transport and Highways,100.0,100.0,0.0,0.0,0,36,40.0,Approved,Awarded,Low,25.0,Low,Initial Site Mobilization and Statutory Clearance Processing
Uttar Pradesh,PRJ0771,Unnamed Infrastructure Project,Road Transport & Highways,Central Executing Agency,Ministry of Road Transport and Highways,100.0,100.0,0.0,0.0,0,36,40.0,Approved,Awarded,Low,25.0,Low,Initial Site Mobilization and Statutory Clearance Processing
Tamil Nadu,PRJ0772,Unnamed Infrastructure Project,Road Transport & Highways,Central Executing Agency,Ministry of Road Transport and Highways,100.0,100.0,0.0,0.0,0,36,40.0,Approved,Awarded,Low,25.0,Low,Initial Site Mobilization and Statutory Clearance Processing
Gujarat,PRJ0773,Unnamed Infrastructure Project,Road Transport & Highways,Central Executing Agency,Ministry of Road Transport and Highways,100.0,100.0,0.0,0.0,0,36,40.0,Approved,Awarded,Low,25.0,Low,Initial Site Mobilization and Statutory Clearance Processing
Rajasthan,PRJ0774,Unnamed Infrastructure Project,Road Transport & Highways,Central Executing Agency,Ministry of Road Transport and Highways,100.0,100.0,0.0,0.0,0,36,40.0,Approved,Awarded,Low,25.0,Low,Initial Site Mobilization and Statutory Clearance Processing
Karnataka,PRJ0775,Unnamed Infrastructure Project,Road Transport & Highways,Central Executing Agency,Ministry of Road Transport and Highways,100.0,100.0,0.0,0.0,0,36,40.0,Approved,Awarded,Low,25.0,Low,Initial Site Mobilization and Statutory Clearance Processing
Odisha,PRJ0776,Unnamed Infrastructure Project,Road Transport & Highways,Central Executing Agency,Ministry of Road Transport and Highways,100.0,100.0,0.0,0.0,0,36,40.0,Approved,Awarded,Low,25.0,Low,Initial Site Mobilization and Statutory Clearance Processing
Andhra Pradesh,PRJ0777,Unnamed Infrastructure Project,Road Transport & Highways,Central Executing Agency,Ministry of Road Transport and Highways,100.0,100.0,0.0,0.0,0,36,40.0,Approved,Awarded,Low,25.0,Low,Initial Site Mobilization and Statutory Clearance Processing
West Bengal,PRJ0778,Unnamed Infrastructure Project,Road Transport & Highways,Central Executing Agency,Ministry of Road Transport and Highways,100.0,100.0,0.0,0.0,0,36,40.0,Approved,Awarded,Low,25.0,Low,Initial Site Mobilization and Statutory Clearance Processing
Bihar,PRJ0779,Unnamed Infrastructure Project,Road Transport & Highways,Central Executing Agency,Ministry of Road Transport and Highways,100.0,100.0,0.0,0.0,0,36,40.0,Approved,Awarded,Low,25.0,Low,Initial Site Mobilization and Statutory Clearance Processing
Kerala,PRJ0780,Unnamed Infrastructure Project,Road Transport & Highways,Central Executing Agency,Ministry of Road Transport and Highways,100.0,100.0,0.0,0.0,0,36,40.0,Approved,Awarded,Low,25.0,Low,Initial Site Mobilization and Statutory Clearance Processing
Assam,PRJ0781,Unnamed Infrastructure Project,Road Transport & Highways,Central Executing Agency,Ministry of Road Transport and Highways,100.0,100.0,0.0,0.0,0,36,40.0,Approved,Awarded,Low,25.0,Low,Initial Site Mobilization and Statutory Clearance Processing
Telangana,PRJ0782,Unnamed Infrastructure Project,Road Transport & Highways,Central Executing Agency,Ministry of Road Transport and Highways,100.0,100.0,0.0,0.0,0,36,40.0,Approved,Awarded,Low,25.0,Low,Initial Site Mobilization and Statutory Clearance Processing
Chhattisgarh,PRJ0783,Unnamed Infrastructure Project,Road Transport & Highways,Central Executing Agency,Ministry of Road Transport and Highways,100.0,100.0,0.0,0.0,0,36,40.0,Approved,Awarded,Low,25.0,Low,Initial Site Mobilization and Statutory Clearance Processing
Jharkhand,PRJ0784,Unnamed Infrastructure Project,Road Transport & Highways,Central Executing Agency,Ministry of Road Transport and Highways,100.0,100.0,0.0,0.0,0,36,40.0,Approved,Awarded,Low,25.0,Low,Initial Site Mobilization and Statutory Clearance Processing
Madhya Pradesh,PRJ0785,Unnamed Infrastructure Project,Road Transport & Highways,Central Executing Agency,Ministry of Road Transport and Highways,100.0,100.0,0.0,0.0,0,36,40.0,Approved,Awarded,Low,25.0,Low,Initial Site Mobilization and Statutory Clearance Processing
Maharashtra,PRJ0786,Unnamed Infrastructure Project,Road Transport & Highways,Central Executing Agency,Ministry of Road Transport and Highways,100.0,100.0,0.0,0.0,0,36,40.0,Approved,Awarded,Low,25.0,Low,Initial Site Mobilization and Statutory Clearance Processing
Uttar Pradesh,PRJ0787,Unnamed Infrastructure Project,Road Transport & Highways,Central Executing Agency,Ministry of Road Transport and Highways,100.0,100.0,0.0,0.0,0,36,40.0,Approved,Awarded,Low,25.0,Low,Initial Site Mobilization and Statutory Clearance Processing
Tamil Nadu,PRJ0788,Unnamed Infrastructure Project,Road Transport & Highways,Central Executing Agency,Ministry of Road Transport and Highways,100.0,100.0,0.0,0.0,0,36,40.0,Approved,Awarded,Low,25.0,Low,Initial Site Mobilization and Statutory Clearance Processing
Gujarat,PRJ0789,Unnamed Infrastructure Project,Road Transport & Highways,Central Executing Agency,Ministry of Road Transport and Highways,100.0,100.0,0.0,0.0,0,36,40.0,Approved,Awarded,Low,25.0,Low,Initial Site Mobilization and Statutory Clearance Processing
Rajasthan,PRJ0790,Unnamed Infrastructure Project,Road Transport & Highways,Central Executing Agency,Ministry of Road Transport and Highways,100.0,100.0,0.0,0.0,0,36,40.0,Approved,Awarded,Low,25.0,Low,Initial Site Mobilization and Statutory Clearance Processing
Karnataka,PRJ0791,Unnamed Infrastructure Project,Road Transport & Highways,Central Executing Agency,Ministry of Road Transport and Highways,100.0,100.0,0.0,0.0,0,36,40.0,Approved,Awarded,Low,25.0,Low,Initial Site Mobilization and Statutory Clearance Processing
Odisha,PRJ0792,Unnamed Infrastructure Project,Road Transport & Highways,Central Executing Agency,Ministry of Road Transport and Highways,100.0,100.0,0.0,0.0,0,36,40.0,Approved,Awarded,Low,25.0,Low,Initial Site Mobilization and Statutory Clearance Processing
Andhra Pradesh,PRJ0793,Unnamed Infrastructure Project,Road Transport & Highways,Central Executing Agency,Ministry of Road Transport and Highways,100.0,100.0,0.0,0.0,0,36,40.0,Approved,Awarded,Low,25.0,Low,Initial Site Mobilization and Statutory Clearance Processing
Punjab,PRJ0794,Unnamed Infrastructure Project,Road Transport & Highways,Central Executing Agency,Ministry of Road Transport and Highways,100.0,100.0,0.0,0.0,0,36,40.0,Approved,Awarded,Low,25.0,Low,Initial Site Mobilization and Statutory Clearance Processing
Delhi,PRJ0795,Unnamed Infrastructure Project,Road Transport & Highways,Central Executing Agency,Ministry of Road Transport and Highways,100.0,100.0,0.0,0.0,0,36,40.0,Approved,Awarded,Low,25.0,Low,Initial Site Mobilization and Statutory Clearance Processing
Uttarakhand,PRJ0796,Unnamed Infrastructure Project,Road Transport & Highways,Central Executing Agency,Ministry of Road Transport and Highways,100.0,100.0,0.0,0.0,0,36,40.0,Approved,Awarded,Low,25.0,Low,Initial Site Mobilization and Statutory Clearance Processing
Assam,PRJ0797,Unnamed Infrastructure Project,Road Transport & Highways,Central Executing Agency,Ministry of Road Transport and Highways,100.0,100.0,0.0,0.0,0,36,40.0,Approved,Awarded,Low,25.0,Low,Initial Site Mobilization and Statutory Clearance Processing
Telangana,PRJ0798,Unnamed Infrastructure Project,Road Transport & Highways,Central Executing Agency,Ministry of Road Transport and Highways,100.0,100.0,0.0,0.0,0,36,40.0,Approved,Awarded,Low,25.0,Low,Initial Site Mobilization and Statutory Clearance Processing
Punjab,PRJ0799,Unnamed Infrastructure Project,Road Transport & Highways,Central Executing Agency,Ministry of Road Transport and Highways,100.0,100.0,0.0,0.0,0,36,40.0,Approved,Awarded,Low,25.0,Low,Initial Site Mobilization and Statutory Clearance Processing
Punjab,PRJ0800,Unnamed Infrastructure Project,Road Transport & Highways,Central Executing Agency,Ministry of Road Transport and Highways,100.0,100.0,0.0,0.0,0,36,40.0,Approved,Awarded,Low,25.0,Low,Initial Site Mobilization and Statutory Clearance Processing
Punjab,PRJ0801,Unnamed Infrastructure Project,Road Transport & Highways,Central Executing Agency,Ministry of Road Transport and Highways,100.0,100.0,0.0,0.0,0,36,40.0,Approved,Awarded,Low,25.0,Low,Initial Site Mobilization and Statutory Clearance Processing
Bihar,PRJ0802,Unnamed Infrastructure Project,Road Transport & Highways,Central Executing Agency,Ministry of Road Transport and Highways,100.0,100.0,0.0,0.0,0,36,40.0,Approved,Awarded,Low,25.0,Low,Initial Site Mobilization and Statutory Clearance Processing
Uttar Pradesh,PRJ0803,Unnamed Infrastructure Project,Road Transport & Highways,Central Executing Agency,Ministry of Road Transport and Highways,100.0,100.0,0.0,0.0,0,36,40.0,Approved,Awarded,Low,25.0,Low,Initial Site Mobilization and Statutory Clearance Processing
Uttar Pradesh,PRJ0804,Unnamed Infrastructure Project,Road Transport & Highways,Central Executing Agency,Ministry of Road Transport and Highways,100.0,100.0,0.0,0.0,0,36,40.0,Approved,Awarded,Low,25.0,Low,Initial Site Mobilization and Statutory Clearance Processing
Gujarat,PRJ0805,Unnamed Infrastructure Project,Road Transport & Highways,Central Executing Agency,Ministry of Road Transport and Highways,100.0,100.0,0.0,0.0,0,36,40.0,Approved,Awarded,Low,25.0,Low,Initial Site Mobilization and Statutory Clearance Processing
Madhya Pradesh,PRJ0806,Unnamed Infrastructure Project,Road Transport & Highways,Central Executing Agency,Ministry of Road Transport and Highways,100.0,100.0,0.0,0.0,0,36,40.0,Approved,Awarded,Low,25.0,Low,Initial Site Mobilization and Statutory Clearance Processing
Karnataka,PRJ0807,Unnamed Infrastructure Project,Road Transport & Highways,Central Executing Agency,Ministry of Road Transport and Highways,100.0,100.0,0.0,0.0,0,36,40.0,Approved,Awarded,Low,25.0,Low,Initial Site Mobilization and Statutory Clearance Processing
Odisha,PRJ0808,Unnamed Infrastructure Project,Road Transport & Highways,Central Executing Agency,Ministry of Road Transport and Highways,100.0,100.0,0.0,0.0,0,36,40.0,Approved,Awarded,Low,25.0,Low,Initial Site Mobilization and Statutory Clearance Processing
Andhra Pradesh,PRJ0809,Unnamed Infrastructure Project,Road Transport & Highways,Central Executing Agency,Ministry of Road Transport and Highways,100.0,100.0,0.0,0.0,0,36,40.0,Approved,Awarded,Low,25.0,Low,Initial Site Mobilization and Statutory Clearance Processing
West Bengal,PRJ0810,Unnamed Infrastructure Project,Road Transport & Highways,Central Executing Agency,Ministry of Road Transport and Highways,100.0,100.0,0.0,0.0,0,36,40.0,Approved,Awarded,Low,25.0,Low,Initial Site Mobilization and Statutory Clearance Processing
Uttar Pradesh,PRJ0811,Unnamed Infrastructure Project,Road Transport & Highways,Central Executing Agency,Ministry of Road Transport and Highways,100.0,100.0,0.0,0.0,0,36,40.0,Approved,Awarded,Low,25.0,Low,Initial Site Mobilization and Statutory Clearance Processing
Uttar Pradesh,PRJ0812,Unnamed Infrastructure Project,Road Transport & Highways,Central Executing Agency,Ministry of Road Transport and Highways,100.0,100.0,0.0,0.0,0,36,40.0,Approved,Awarded,Low,25.0,Low,Initial Site Mobilization and Statutory Clearance Processing
Uttar Pradesh,PRJ0813,Unnamed Infrastructure Project,Road Transport & Highways,Central Executing Agency,Ministry of Road Transport and Highways,100.0,100.0,0.0,0.0,0,36,40.0,Approved,Awarded,Low,25.0,Low,Initial Site Mobilization and Statutory Clearance Processing
Uttar Pradesh,PRJ0814,Unnamed Infrastructure Project,Road Transport & Highways,Central Executing Agency,Ministry of Road Transport and Highways,100.0,100.0,0.0,0.0,0,36,40.0,Approved,Awarded,Low,25.0,Low,Initial Site Mobilization and Statutory Clearance Processing
Uttar Pradesh,PRJ0815,Unnamed Infrastructure Project,Road Transport & Highways,Central Executing Agency,Ministry of Road Transport and Highways,100.0,100.0,0.0,0.0,0,36,40.0,Approved,Awarded,Low,25.0,Low,Initial Site Mobilization and Statutory Clearance Processing
Uttar Pradesh,PRJ0816,Unnamed Infrastructure Project,Road Transport & Highways,Central Executing Agency,Ministry of Road Transport and Highways,100.0,100.0,0.0,0.0,0,36,40.0,Approved,Awarded,Low,25.0,Low,Initial Site Mobilization and Statutory Clearance Processing
Uttar Pradesh,PRJ0817,Unnamed Infrastructure Project,Road Transport & Highways,Central Executing Agency,Ministry of Road Transport and Highways,100.0,100.0,0.0,0.0,0,36,40.0,Approved,Awarded,Low,25.0,Low,Initial Site Mobilization and Statutory Clearance Processing
Uttar Pradesh,PRJ0818,Unnamed Infrastructure Project,Road Transport & Highways,Central Executing Agency,Ministry of Road Transport and Highways,100.0,100.0,0.0,0.0,0,36,40.0,Approved,Awarded,Low,25.0,Low,Initial Site Mobilization and Statutory Clearance Processing
Uttar Pradesh,PRJ0819,Unnamed Infrastructure Project,Road Transport & Highways,Central Executing Agency,Ministry of Road Transport and Highways,100.0,100.0,0.0,0.0,0,36,40.0,Approved,Awarded,Low,25.0,Low,Initial Site Mobilization and Statutory Clearance Processing
Tamil Nadu,PRJ0820,Unnamed Infrastructure Project,Road Transport & Highways,Central Executing Agency,Ministry of Road Transport and Highways,100.0,100.0,0.0,0.0,0,36,40.0,Approved,Awarded,Low,25.0,Low,Initial Site Mobilization and Statutory Clearance Processing
Gujarat,PRJ0821,Unnamed Infrastructure Project,Road Transport & Highways,Central Executing Agency,Ministry of Road Transport and Highways,100.0,100.0,0.0,0.0,0,36,40.0,Approved,Awarded,Low,25.0,Low,Initial Site Mobilization and Statutory Clearance Processing
Rajasthan,PRJ0822,Unnamed Infrastructure Project,Road Transport & Highways,Central Executing Agency,Ministry of Road Transport and Highways,100.0,100.0,0.0,0.0,0,36,40.0,Approved,Awarded,Low,25.0,Low,Initial Site Mobilization and Statutory Clearance Processing
Karnataka,PRJ0823,Unnamed Infrastructure Project,Road Transport & Highways,Central Executing Agency,Ministry of Road Transport and Highways,100.0,100.0,0.0,0.0,0,36,40.0,Approved,Awarded,Low,25.0,Low,Initial Site Mobilization and Statutory Clearance Processing
Punjab,PRJ0824,Unnamed Infrastructure Project,Road Transport & Highways,Central Executing Agency,Ministry of Road Transport and Highways,100.0,100.0,0.0,0.0,0,36,40.0,Approved,Awarded,Low,25.0,Low,Initial Site Mobilization and Statutory Clearance Processing
Andhra Pradesh,PRJ0825,Unnamed Infrastructure Project,Road Transport & Highways,Central Executing Agency,Ministry of Road Transport and Highways,100.0,100.0,0.0,0.0,0,36,40.0,Approved,Awarded,Low,25.0,Low,Initial Site Mobilization and Statutory Clearance Processing
Bihar,PRJ0826,Unnamed Infrastructure Project,Road Transport & Highways,Central Executing Agency,Ministry of Road Transport and Highways,100.0,100.0,0.0,0.0,0,36,40.0,Approved,Awarded,Low,25.0,Low,Initial Site Mobilization and Statutory Clearance Processing
Bihar,PRJ0827,Unnamed Infrastructure Project,Road Transport & Highways,Central Executing Agency,Ministry of Road Transport and Highways,100.0,100.0,0.0,0.0,0,36,40.0,Approved,Awarded,Low,25.0,Low,Initial Site Mobilization and Statutory Clearance Processing
Kerala,PRJ0828,Unnamed Infrastructure Project,Road Transport & Highways,Central Executing Agency,Ministry of Road Transport and Highways,100.0,100.0,0.0,0.0,0,36,40.0,Approved,Awarded,Low,25.0,Low,Initial Site Mobilization and Statutory Clearance Processing
Assam,PRJ0829,Unnamed Infrastructure Project,Road Transport & Highways,Central Executing Agency,Ministry of Road Transport and Highways,100.0,100.0,0.0,0.0,0,36,40.0,Approved,Awarded,Low,25.0,Low,Initial Site Mobilization and Statutory Clearance Processing
Telangana,PRJ0830,Unnamed Infrastructure Project,Road Transport & Highways,Central Executing Agency,Ministry of Road Transport and Highways,100.0,100.0,0.0,0.0,0,36,40.0,Approved,Awarded,Low,25.0,Low,Initial Site Mobilization and Statutory Clearance Processing
Chhattisgarh,PRJ0831,Unnamed Infrastructure Project,Road Transport & Highways,Central Executing Agency,Ministry of Road Transport and Highways,100.0,100.0,0.0,0.0,0,36,40.0,Approved,Awarded,Low,25.0,Low,Initial Site Mobilization and Statutory Clearance Processing
Jharkhand,PRJ0832,Unnamed Infrastructure Project,Road Transport & Highways,Central Executing Agency,Ministry of Road Transport and Highways,100.0,100.0,0.0,0.0,0,36,40.0,Approved,Awarded,Low,25.0,Low,Initial Site Mobilization and Statutory Clearance Processing
Punjab,PRJ0833,Unnamed Infrastructure Project,Road Transport & Highways,Central Executing Agency,Ministry of Road Transport and Highways,100.0,100.0,0.0,0.0,0,36,40.0,Approved,Awarded,Low,25.0,Low,Initial Site Mobilization and Statutory Clearance Processing
Maharashtra,PRJ0834,Unnamed Infrastructure Project,Road Transport & Highways,Central Executing Agency,Ministry of Road Transport and Highways,100.0,100.0,0.0,0.0,0,36,40.0,Approved,Awarded,Low,25.0,Low,Initial Site Mobilization and Statutory Clearance Processing
Uttar Pradesh,PRJ0835,Unnamed Infrastructure Project,Road Transport & Highways,Central Executing Agency,Ministry of Road Transport and Highways,100.0,100.0,0.0,0.0,0,36,40.0,Approved,Awarded,Low,25.0,Low,Initial Site Mobilization and Statutory Clearance Processing
Tamil Nadu,PRJ0836,Unnamed Infrastructure Project,Road Transport & Highways,Central Executing Agency,Ministry of Road Transport and Highways,100.0,100.0,0.0,0.0,0,36,40.0,Approved,Awarded,Low,25.0,Low,Initial Site Mobilization and Statutory Clearance Processing
Gujarat,PRJ0837,Unnamed Infrastructure Project,Road Transport & Highways,Central Executing Agency,Ministry of Road Transport and Highways,100.0,100.0,0.0,0.0,0,36,40.0,Approved,Awarded,Low,25.0,Low,Initial Site Mobilization and Statutory Clearance Processing
Rajasthan,PRJ0838,Unnamed Infrastructure Project,Road Transport & Highways,Central Executing Agency,Ministry of Road Transport and Highways,100.0,100.0,0.0,0.0,0,36,40.0,Approved,Awarded,Low,25.0,Low,Initial Site Mobilization and Statutory Clearance Processing
Karnataka,PRJ0839,Unnamed Infrastructure Project,Road Transport & Highways,Central Executing Agency,Ministry of Road Transport and Highways,100.0,100.0,0.0,0.0,0,36,40.0,Approved,Awarded,Low,25.0,Low,Initial Site Mobilization and Statutory Clearance Processing
Odisha,PRJ0840,Unnamed Infrastructure Project,Road Transport & Highways,Central Executing Agency,Ministry of Road Transport and Highways,100.0,100.0,0.0,0.0,0,36,40.0,Approved,Awarded,Low,25.0,Low,Initial Site Mobilization and Statutory Clearance Processing
Andhra Pradesh,PRJ0841,Unnamed Infrastructure Project,Road Transport & Highways,Central Executing Agency,Ministry of Road Transport and Highways,100.0,100.0,0.0,0.0,0,36,40.0,Approved,Awarded,Low,25.0,Low,Initial Site Mobilization and Statutory Clearance Processing
West Bengal,PRJ0842,Unnamed Infrastructure Project,Road Transport & Highways,Central Executing Agency,Ministry of Road Transport and Highways,100.0,100.0,0.0,0.0,0,36,40.0,Approved,Awarded,Low,25.0,Low,Initial Site Mobilization and Statutory Clearance Processing
Bihar,PRJ0843,Unnamed Infrastructure Project,Road Transport & Highways,Central Executing Agency,Ministry of Road Transport and Highways,100.0,100.0,0.0,0.0,0,36,40.0,Approved,Awarded,Low,25.0,Low,Initial Site Mobilization and Statutory Clearance Processing
Kerala,PRJ0844,Unnamed Infrastructure Project,Road Transport & Highways,Central Executing Agency,Ministry of Road Transport and Highways,100.0,100.0,0.0,0.0,0,36,40.0,Approved,Awarded,Low,25.0,Low,Initial Site Mobilization and Statutory Clearance Processing
Assam,PRJ0845,Unnamed Infrastructure Project,Road Transport & Highways,Central Executing Agency,Ministry of Road Transport and Highways,100.0,100.0,0.0,0.0,0,36,40.0,Approved,Awarded,Low,25.0,Low,Initial Site Mobilization and Statutory Clearance Processing
Telangana,PRJ0846,Unnamed Infrastructure Project,Road Transport & Highways,Central Executing Agency,Ministry of Road Transport and Highways,100.0,100.0,0.0,0.0,0,36,40.0,Approved,Awarded,Low,25.0,Low,Initial Site Mobilization and Statutory Clearance Processing
Chhattisgarh,PRJ0847,Unnamed Infrastructure Project,Road Transport & Highways,Central Executing Agency,Ministry of Road Transport and Highways,100.0,100.0,0.0,0.0,0,36,40.0,Approved,Awarded,Low,25.0,Low,Initial Site Mobilization and Statutory Clearance Processing
Jharkhand,PRJ0848,Unnamed Infrastructure Project,Road Transport & Highways,Central Executing Agency,Ministry of Road Transport and Highways,100.0,100.0,0.0,0.0,0,36,40.0,Approved,Awarded,Low,25.0,Low,Initial Site Mobilization and Statutory Clearance Processing
Delhi,PRJ0849,Unnamed Infrastructure Project,Road Transport & Highways,Central Executing Agency,Ministry of Road Transport and Highways,100.0,100.0,0.0,0.0,0,36,40.0,Approved,Awarded,Low,25.0,Low,Initial Site Mobilization and Statutory Clearance Processing
Maharashtra,PRJ0850,Unnamed Infrastructure Project,Road Transport & Highways,Central Executing Agency,Ministry of Road Transport and Highways,100.0,100.0,0.0,0.0,0,36,40.0,Approved,Awarded,Low,25.0,Low,Initial Site Mobilization and Statutory Clearance Processing
Uttar Pradesh,PRJ0851,Unnamed Infrastructure Project,Road Transport & Highways,Central Executing Agency,Ministry of Road Transport and Highways,100.0,100.0,0.0,0.0,0,36,40.0,Approved,Awarded,Low,25.0,Low,Initial Site Mobilization and Statutory Clearance Processing
Tamil Nadu,PRJ0852,Unnamed Infrastructure Project,Road Transport & Highways,Central Executing Agency,Ministry of Road Transport and Highways,100.0,100.0,0.0,0.0,0,36,40.0,Approved,Awarded,Low,25.0,Low,Initial Site Mobilization and Statutory Clearance Processing
Gujarat,PRJ0853,Unnamed Infrastructure Project,Road Transport & Highways,Central Executing Agency,Ministry of Road Transport and Highways,100.0,100.0,0.0,0.0,0,36,40.0,Approved,Awarded,Low,25.0,Low,Initial Site Mobilization and Statutory Clearance Processing
Rajasthan,PRJ0854,Unnamed Infrastructure Project,Road Transport & Highways,Central Executing Agency,Ministry of Road Transport and Highways,100.0,100.0,0.0,0.0,0,36,40.0,Approved,Awarded,Low,25.0,Low,Initial Site Mobilization and Statutory Clearance Processing
Madhya Pradesh,PRJ0855,Unnamed Infrastructure Project,Road Transport & Highways,Central Executing Agency,Ministry of Road Transport and Highways,100.0,100.0,0.0,0.0,0,36,40.0,Approved,Awarded,Low,25.0,Low,Initial Site Mobilization and Statutory Clearance Processing
Karnataka,PRJ0856,Unnamed Infrastructure Project,Road Transport & Highways,Central Executing Agency,Ministry of Road Transport and Highways,100.0,100.0,0.0,0.0,0,36,40.0,Approved,Awarded,Low,25.0,Low,Initial Site Mobilization and Statutory Clearance Processing
Gujarat,PRJ0857,Unnamed Infrastructure Project,Road Transport & Highways,Central Executing Agency,Ministry of Road Transport and Highways,100.0,100.0,0.0,0.0,0,36,40.0,Approved,Awarded,Low,25.0,Low,Initial Site Mobilization and Statutory Clearance Processing
Gujarat,PRJ0858,Unnamed Infrastructure Project,Road Transport & Highways,Central Executing Agency,Ministry of Road Transport and Highways,100.0,100.0,0.0,0.0,0,36,40.0,Approved,Awarded,Low,25.0,Low,Initial Site Mobilization and Statutory Clearance Processing
Bihar,PRJ0859,Unnamed Infrastructure Project,Road Transport & Highways,Central Executing Agency,Ministry of Road Transport and Highways,100.0,100.0,0.0,0.0,0,36,40.0,Approved,Awarded,Low,25.0,Low,Initial Site Mobilization and Statutory Clearance Processing
Punjab,PRJ0860,Unnamed Infrastructure Project,Road Transport & Highways,Central Executing Agency,Ministry of Road Transport and Highways,100.0,100.0,0.0,0.0,0,36,40.0,Approved,Awarded,Low,25.0,Low,Initial Site Mobilization and Statutory Clearance Processing
Assam,PRJ0861,Unnamed Infrastructure Project,Road Transport & Highways,Central Executing Agency,Ministry of Road Transport and Highways,100.0,100.0,0.0,0.0,0,36,40.0,Approved,Awarded,Low,25.0,Low,Initial Site Mobilization and Statutory Clearance Processing
Telangana,PRJ0862,Unnamed Infrastructure Project,Road Transport & Highways,Central Executing Agency,Ministry of Road Transport and Highways,100.0,100.0,0.0,0.0,0,36,40.0,Approved,Awarded,Low,25.0,Low,Initial Site Mobilization and Statutory Clearance Processing
Chhattisgarh,PRJ0863,Unnamed Infrastructure Project,Road Transport & Highways,Central Executing Agency,Ministry of Road Transport and Highways,100.0,100.0,0.0,0.0,0,36,40.0,Approved,Awarded,Low,25.0,Low,Initial Site Mobilization and Statutory Clearance Processing
Jharkhand,PRJ0864,Unnamed Infrastructure Project,Road Transport & Highways,Central Executing Agency,Ministry of Road Transport and Highways,100.0,100.0,0.0,0.0,0,36,40.0,Approved,Awarded,Low,25.0,Low,Initial Site Mobilization and Statutory Clearance Processing
Madhya Pradesh,PRJ0865,Unnamed Infrastructure Project,Road Transport & Highways,Central Executing Agency,Ministry of Road Transport and Highways,100.0,100.0,0.0,0.0,0,36,40.0,Approved,Awarded,Low,25.0,Low,Initial Site Mobilization and Statutory Clearance Processing
Maharashtra,PRJ0866,Unnamed Infrastructure Project,Road Transport & Highways,Central Executing Agency,Ministry of Road Transport and Highways,100.0,100.0,0.0,0.0,0,36,40.0,Approved,Awarded,Low,25.0,Low,Initial Site Mobilization and Statutory Clearance Processing
Uttar Pradesh,PRJ0867,Unnamed Infrastructure Project,Road Transport & Highways,Central Executing Agency,Ministry of Road Transport and Highways,100.0,100.0,0.0,0.0,0,36,40.0,Approved,Awarded,Low,25.0,Low,Initial Site Mobilization and Statutory Clearance Processing
Maharashtra,PRJ0868,Unnamed Infrastructure Project,Road Transport & Highways,Central Executing Agency,Ministry of Road Transport and Highways,100.0,100.0,0.0,0.0,0,36,40.0,Approved,Awarded,Low,25.0,Low,Initial Site Mobilization and Statutory Clearance Processing
Chhattisgarh,PRJ0869,Unnamed Infrastructure Project,Road Transport & Highways,Central Executing Agency,Ministry of Road Transport and Highways,100.0,100.0,0.0,0.0,0,36,40.0,Approved,Awarded,Low,25.0,Low,Initial Site Mobilization and Statutory Clearance Processing
Goa,PRJ0870,Unnamed Infrastructure Project,Road Transport & Highways,Central Executing Agency,Ministry of Road Transport and Highways,100.0,100.0,0.0,0.0,0,36,40.0,Approved,Awarded,Low,25.0,Low,Initial Site Mobilization and Statutory Clearance Processing
Karnataka,PRJ0871,Unnamed Infrastructure Project,Road Transport & Highways,Central Executing Agency,Ministry of Road Transport and Highways,100.0,100.0,0.0,0.0,0,36,40.0,Approved,Awarded,Low,25.0,Low,Initial Site Mobilization and Statutory Clearance Processing
Odisha,PRJ0872,Unnamed Infrastructure Project,Road Transport & Highways,Central Executing Agency,Ministry of Road Transport and Highways,100.0,100.0,0.0,0.0,0,36,40.0,Approved,Awarded,Low,25.0,Low,Initial Site Mobilization and Statutory Clearance Processing
Andhra Pradesh,PRJ0873,Unnamed Infrastructure Project,Road Transport & Highways,Central Executing Agency,Ministry of Road Transport and Highways,100.0,100.0,0.0,0.0,0,36,40.0,Approved,Awarded,Low,25.0,Low,Initial Site Mobilization and Statutory Clearance Processing
Manipur,PRJ0874,Unnamed Infrastructure Project,Road Transport & Highways,Central Executing Agency,Ministry of Road Transport and Highways,100.0,100.0,0.0,0.0,0,36,40.0,Approved,Awarded,Low,25.0,Low,Initial Site Mobilization and Statutory Clearance Processing
Bihar,PRJ0875,Unnamed Infrastructure Project,Road Transport & Highways,Central Executing Agency,Ministry of Road Transport and Highways,100.0,100.0,0.0,0.0,0,36,40.0,Approved,Awarded,Low,25.0,Low,Initial Site Mobilization and Statutory Clearance Processing
Kerala,PRJ0876,Unnamed Infrastructure Project,Road Transport & Highways,Central Executing Agency,Ministry of Road Transport and Highways,100.0,100.0,0.0,0.0,0,36,40.0,Approved,Awarded,Low,25.0,Low,Initial Site Mobilization and Statutory Clearance Processing
Maharashtra,PRJ0877,Unnamed Infrastructure Project,Road Transport & Highways,Central Executing Agency,Ministry of Road Transport and Highways,100.0,100.0,0.0,0.0,0,36,40.0,Approved,Awarded,Low,25.0,Low,Initial Site Mobilization and Statutory Clearance Processing
Maharashtra,PRJ0878,Unnamed Infrastructure Project,Road Transport & Highways,Central Executing Agency,Ministry of Road Transport and Highways,100.0,100.0,0.0,0.0,0,36,40.0,Approved,Awarded,Low,25.0,Low,Initial Site Mobilization and Statutory Clearance Processing
Rajasthan,PRJ0879,Unnamed Infrastructure Project,Road Transport & Highways,Central Executing Agency,Ministry of Road Transport and Highways,100.0,100.0,0.0,0.0,0,36,40.0,Approved,Awarded,Low,25.0,Low,Initial Site Mobilization and Statutory Clearance Processing
Odisha,PRJ0880,Unnamed Infrastructure Project,Road Transport & Highways,Central Executing Agency,Ministry of Road Transport and Highways,100.0,100.0,0.0,0.0,0,36,40.0,Approved,Awarded,Low,25.0,Low,Initial Site Mobilization and Statutory Clearance Processing
Gujarat,PRJ0881,Unnamed Infrastructure Project,Road Transport & Highways,Central Executing Agency,Ministry of Road Transport and Highways,100.0,100.0,0.0,0.0,0,36,40.0,Approved,Awarded,Low,25.0,Low,Initial Site Mobilization and Statutory Clearance Processing
Manipur,PRJ0882,Unnamed Infrastructure Project,Road Transport & Highways,Central Executing Agency,Ministry of Road Transport and Highways,100.0,100.0,0.0,0.0,0,36,40.0,Approved,Awarded,Low,25.0,Low,Initial Site Mobilization and Statutory Clearance Processing
Manipur,PRJ0883,Unnamed Infrastructure Project,Road Transport & Highways,Central Executing Agency,Ministry of Road Transport and Highways,100.0,100.0,0.0,0.0,0,36,40.0,Approved,Awarded,Low,25.0,Low,Initial Site Mobilization and Statutory Clearance Processing
Tamil Nadu,PRJ0884,Unnamed Infrastructure Project,Road Transport & Highways,Central Executing Agency,Ministry of Road Transport and Highways,100.0,100.0,0.0,0.0,0,36,40.0,Approved,Awarded,Low,25.0,Low,Initial Site Mobilization and Statutory Clearance Processing
Tamil Nadu,PRJ0885,Unnamed Infrastructure Project,Road Transport & Highways,Central Executing Agency,Ministry of Road Transport and Highways,100.0,100.0,0.0,0.0,0,36,40.0,Approved,Awarded,Low,25.0,Low,Initial Site Mobilization and Statutory Clearance Processing
Rajasthan,PRJ0886,Unnamed Infrastructure Project,Road Transport & Highways,Central Executing Agency,Ministry of Road Transport and Highways,100.0,100.0,0.0,0.0,0,36,40.0,Approved,Awarded,Low,25.0,Low,Initial Site Mobilization and Statutory Clearance Processing
Karnataka,PRJ0887,Unnamed Infrastructure Project,Road Transport & Highways,Central Executing Agency,Ministry of Road Transport and Highways,100.0,100.0,0.0,0.0,0,36,40.0,Approved,Awarded,Low,25.0,Low,Initial Site Mobilization and Statutory Clearance Processing
Madhya Pradesh,PRJ0888,Unnamed Infrastructure Project,Road Transport & Highways,Central Executing Agency,Ministry of Road Transport and Highways,100.0,100.0,0.0,0.0,0,36,40.0,Approved,Awarded,Low,25.0,Low,Initial Site Mobilization and Statutory Clearance Processing
Andhra Pradesh,PRJ0889,Unnamed Infrastructure Project,Road Transport & Highways,Central Executing Agency,Ministry of Road Transport and Highways,100.0,100.0,0.0,0.0,0,36,40.0,Approved,Awarded,Low,25.0,Low,Initial Site Mobilization and Statutory Clearance Processing
Tamil Nadu,PRJ0890,Unnamed Infrastructure Project,Road Transport & Highways,Central Executing Agency,Ministry of Road Transport and Highways,100.0,100.0,0.0,0.0,0,36,40.0,Approved,Awarded,Low,25.0,Low,Initial Site Mobilization and Statutory Clearance Processing
Chhattisgarh,PRJ0891,Unnamed Infrastructure Project,Road Transport & Highways,Central Executing Agency,Ministry of Road Transport and Highways,100.0,100.0,0.0,0.0,0,36,40.0,Approved,Awarded,Low,25.0,Low,Initial Site Mobilization and Statutory Clearance Processing
Karnataka,PRJ0892,Unnamed Infrastructure Project,Road Transport & Highways,Central Executing Agency,Ministry of Road Transport and Highways,100.0,100.0,0.0,0.0,0,36,40.0,Approved,Awarded,Low,25.0,Low,Initial Site Mobilization and Statutory Clearance Processing
Tamil Nadu,PRJ0893,Unnamed Infrastructure Project,Road Transport & Highways,Central Executing Agency,Ministry of Road Transport and Highways,100.0,100.0,0.0,0.0,0,36,40.0,Approved,Awarded,Low,25.0,Low,Initial Site Mobilization and Statutory Clearance Processing
Tamil Nadu,PRJ0894,Unnamed Infrastructure Project,Road Transport & Highways,Central Executing Agency,Ministry of Road Transport and Highways,100.0,100.0,0.0,0.0,0,36,40.0,Approved,Awarded,Low,25.0,Low,Initial Site Mobilization and Statutory Clearance Processing
Tamil Nadu,PRJ0895,Unnamed Infrastructure Project,Road Transport & Highways,Central Executing Agency,Ministry of Road Transport and Highways,100.0,100.0,0.0,0.0,0,36,40.0,Approved,Awarded,Low,25.0,Low,Initial Site Mobilization and Statutory Clearance Processing
Tamil Nadu,PRJ0896,Unnamed Infrastructure Project,Road Transport & Highways,Central Executing Agency,Ministry of Road Transport and Highways,100.0,100.0,0.0,0.0,0,36,40.0,Approved,Awarded,Low,25.0,Low,Initial Site Mobilization and Statutory Clearance Processing
Tamil Nadu,PRJ0897,Unnamed Infrastructure Project,Road Transport & Highways,Central Executing Agency,Ministry of Road Transport and Highways,100.0,100.0,0.0,0.0,0,36,40.0,Approved,Awarded,Low,25.0,Low,Initial Site Mobilization and Statutory Clearance Processing
Karnataka,PRJ0898,Unnamed Infrastructure Project,Road Transport & Highways,Central Executing Agency,Ministry of Road Transport and Highways,100.0,100.0,0.0,0.0,0,36,40.0,Approved,Awarded,Low,25.0,Low,Initial Site Mobilization and Statutory Clearance Processing
Karnataka,PRJ0899,Unnamed Infrastructure Project,Road Transport & Highways,Central Executing Agency,Ministry of Road Transport and Highways,100.0,100.0,0.0,0.0,0,36,40.0,Approved,Awarded,Low,25.0,Low,Initial Site Mobilization and Statutory Clearance Processing
Karnataka,PRJ0900,Unnamed Infrastructure Project,Road Transport & Highways,Central Executing Agency,Ministry of Road Transport and Highways,100.0,100.0,0.0,0.0,0,36,40.0,Approved,Awarded,Low,25.0,Low,Initial Site Mobilization and Statutory Clearance Processing
Gujarat,PRJ0901,Unnamed Infrastructure Project,Road Transport & Highways,Central Executing Agency,Ministry of Road Transport and Highways,100.0,100.0,0.0,0.0,0,36,40.0,Approved,Awarded,Low,25.0,Low,Initial Site Mobilization and Statutory Clearance Processing
Rajasthan,PRJ0902,Unnamed Infrastructure Project,Road Transport & Highways,Central Executing Agency,Ministry of Road Transport and Highways,100.0,100.0,0.0,0.0,0,36,40.0,Approved,Awarded,Low,25.0,Low,Initial Site Mobilization and Statutory Clearance Processing
Karnataka,PRJ0903,Unnamed Infrastructure Project,Road Transport & Highways,Central Executing Agency,Ministry of Road Transport and Highways,100.0,100.0,0.0,0.0,0,36,40.0,Approved,Awarded,Low,25.0,Low,Initial Site Mobilization and Statutory Clearance Processing
Odisha,PRJ0904,Unnamed Infrastructure Project,Road Transport & Highways,Central Executing Agency,Ministry of Road Transport and Highways,100.0,100.0,0.0,0.0,0,36,40.0,Approved,Awarded,Low,25.0,Low,Initial Site Mobilization and Statutory Clearance Processing
Andhra Pradesh,PRJ0905,Unnamed Infrastructure Project,Road Transport & Highways,Central Executing Agency,Ministry of Road Transport and Highways,100.0,100.0,0.0,0.0,0,36,40.0,Approved,Awarded,Low,25.0,Low,Initial Site Mobilization and Statutory Clearance Processing
West Bengal,PRJ0906,Unnamed Infrastructure Project,Road Transport & Highways,Central Executing Agency,Ministry of Road Transport and Highways,100.0,100.0,0.0,0.0,0,36,40.0,Approved,Awarded,Low,25.0,Low,Initial Site Mobilization and Statutory Clearance Processing
Bihar,PRJ0907,Unnamed Infrastructure Project,Road Transport & Highways,Central Executing Agency,Ministry of Road Transport and Highways,100.0,100.0,0.0,0.0,0,36,40.0,Approved,Awarded,Low,25.0,Low,Initial Site Mobilization and Statutory Clearance Processing
Kerala,PRJ0908,Unnamed Infrastructure Project,Road Transport & Highways,Central Executing Agency,Ministry of Road Transport and Highways,100.0,100.0,0.0,0.0,0,36,40.0,Approved,Awarded,Low,25.0,Low,Initial Site Mobilization and Statutory Clearance Processing
Assam,PRJ0909,Unnamed Infrastructure Project,Road Transport & Highways,Central Executing Agency,Ministry of Road Transport and Highways,100.0,100.0,0.0,0.0,0,36,40.0,Approved,Awarded,Low,25.0,Low,Initial Site Mobilization and Statutory Clearance Processing
Telangana,PRJ0910,Unnamed Infrastructure Project,Road Transport & Highways,Central Executing Agency,Ministry of Road Transport and Highways,100.0,100.0,0.0,0.0,0,36,40.0,Approved,Awarded,Low,25.0,Low,Initial Site Mobilization and Statutory Clearance Processing
Madhya Pradesh,PRJ0911,Unnamed Infrastructure Project,Road Transport & Highways,Central Executing Agency,Ministry of Road Transport and Highways,100.0,100.0,0.0,0.0,0,36,40.0,Approved,Awarded,Low,25.0,Low,Initial Site Mobilization and Statutory Clearance Processing
Karnataka,PRJ0912,Unnamed Infrastructure Project,Road Transport & Highways,Central Executing Agency,Ministry of Road Transport and Highways,100.0,100.0,0.0,0.0,0,36,40.0,Approved,Awarded,Low,25.0,Low,Initial Site Mobilization and Statutory Clearance Processing
Madhya Pradesh,PRJ0913,Unnamed Infrastructure Project,Road Transport & Highways,Central Executing Agency,Ministry of Road Transport and Highways,100.0,100.0,0.0,0.0,0,36,40.0,Approved,Awarded,Low,25.0,Low,Initial Site Mobilization and Statutory Clearance Processing
Maharashtra,PRJ0914,Unnamed Infrastructure Project,Road Transport & Highways,Central Executing Agency,Ministry of Road Transport and Highways,100.0,100.0,0.0,0.0,0,36,40.0,Approved,Awarded,Low,25.0,Low,Initial Site Mobilization and Statutory Clearance Processing
Uttar Pradesh,PRJ0915,Unnamed Infrastructure Project,Road Transport & Highways,Central Executing Agency,Ministry of Road Transport and Highways,100.0,100.0,0.0,0.0,0,36,40.0,Approved,Awarded,Low,25.0,Low,Initial Site Mobilization and Statutory Clearance Processing
Tamil Nadu,PRJ0916,Unnamed Infrastructure Project,Road Transport & Highways,Central Executing Agency,Ministry of Road Transport and Highways,100.0,100.0,0.0,0.0,0,36,40.0,Approved,Awarded,Low,25.0,Low,Initial Site Mobilization and Statutory Clearance Processing
Uttarakhand,PRJ0917,Unnamed Infrastructure Project,Road Transport & Highways,Central Executing Agency,Ministry of Road Transport and Highways,100.0,100.0,0.0,0.0,0,36,40.0,Approved,Awarded,Low,25.0,Low,Initial Site Mobilization and Statutory Clearance Processing
Sikkim,PRJ0918,Unnamed Infrastructure Project,Road Transport & Highways,Central Executing Agency,Ministry of Road Transport and Highways,100.0,100.0,0.0,0.0,0,36,40.0,Approved,Awarded,Low,25.0,Low,Initial Site Mobilization and Statutory Clearance Processing
Karnataka,PRJ0919,Unnamed Infrastructure Project,Road Transport & Highways,Central Executing Agency,Ministry of Road Transport and Highways,100.0,100.0,0.0,0.0,0,36,40.0,Approved,Awarded,Low,25.0,Low,Initial Site Mobilization and Statutory Clearance Processing
West Bengal,PRJ0920,Unnamed Infrastructure Project,Road Transport & Highways,Central Executing Agency,Ministry of Road Transport and Highways,100.0,100.0,0.0,0.0,0,36,40.0,Approved,Awarded,Low,25.0,Low,Initial Site Mobilization and Statutory Clearance Processing
Madhya Pradesh,PRJ0921,Unnamed Infrastructure Project,Road Transport & Highways,Central Executing Agency,Ministry of Road Transport and Highways,100.0,100.0,0.0,0.0,0,36,40.0,Approved,Awarded,Low,25.0,Low,Initial Site Mobilization and Statutory Clearance Processing
West Bengal,PRJ0922,Unnamed Infrastructure Project,Road Transport & Highways,Central Executing Agency,Ministry of Road Transport and Highways,100.0,100.0,0.0,0.0,0,36,40.0,Approved,Awarded,Low,25.0,Low,Initial Site Mobilization and Statutory Clearance Processing
Bihar,PRJ0923,Unnamed Infrastructure Project,Road Transport & Highways,Central Executing Agency,Ministry of Road Transport and Highways,100.0,100.0,0.0,0.0,0,36,40.0,Approved,Awarded,Low,25.0,Low,Initial Site Mobilization and Statutory Clearance Processing
Madhya Pradesh,PRJ0924,Unnamed Infrastructure Project,Road Transport & Highways,Central Executing Agency,Ministry of Road Transport and Highways,100.0,100.0,0.0,0.0,0,36,40.0,Approved,Awarded,Low,25.0,Low,Initial Site Mobilization and Statutory Clearance Processing
Assam,PRJ0925,Unnamed Infrastructure Project,Road Transport & Highways,Central Executing Agency,Ministry of Road Transport and Highways,100.0,100.0,0.0,0.0,0,36,40.0,Approved,Awarded,Low,25.0,Low,Initial Site Mobilization and Statutory Clearance Processing
Uttarakhand,PRJ0926,Unnamed Infrastructure Project,Road Transport & Highways,Central Executing Agency,Ministry of Road Transport and Highways,100.0,100.0,0.0,0.0,0,36,40.0,Approved,Awarded,Low,25.0,Low,Initial Site Mobilization and Statutory Clearance Processing
Chhattisgarh,PRJ0927,Unnamed Infrastructure Project,Road Transport & Highways,Central Executing Agency,Ministry of Road Transport and Highways,100.0,100.0,0.0,0.0,0,36,40.0,Approved,Awarded,Low,25.0,Low,Initial Site Mobilization and Statutory Clearance Processing
Uttarakhand,PRJ0928,Unnamed Infrastructure Project,Road Transport & Highways,Central Executing Agency,Ministry of Road Transport and Highways,100.0,100.0,0.0,0.0,0,36,40.0,Approved,Awarded,Low,25.0,Low,Initial Site Mobilization and Statutory Clearance Processing
Odisha,PRJ0929,Unnamed Infrastructure Project,Road Transport & Highways,Central Executing Agency,Ministry of Road Transport and Highways,100.0,100.0,0.0,0.0,0,36,40.0,Approved,Awarded,Low,25.0,Low,Initial Site Mobilization and Statutory Clearance Processing
Manipur,PRJ0930,Unnamed Infrastructure Project,Road Transport & Highways,Central Executing Agency,Ministry of Road Transport and Highways,100.0,100.0,0.0,0.0,0,36,40.0,Approved,Awarded,Low,25.0,Low,Initial Site Mobilization and Statutory Clearance Processing
Manipur,PRJ0931,Unnamed Infrastructure Project,Road Transport & Highways,Central Executing Agency,Ministry of Road Transport and Highways,100.0,100.0,0.0,0.0,0,36,40.0,Approved,Awarded,Low,25.0,Low,Initial Site Mobilization and Statutory Clearance Processing
Tamil Nadu,PRJ0932,Unnamed Infrastructure Project,Road Transport & Highways,Central Executing Agency,Ministry of Road Transport and Highways,100.0,100.0,0.0,0.0,0,36,40.0,Approved,Awarded,Low,25.0,Low,Initial Site Mobilization and Statutory Clearance Processing
Assam,PRJ0933,Unnamed Infrastructure Project,Road Transport & Highways,Central Executing Agency,Ministry of Road Transport and Highways,100.0,100.0,0.0,0.0,0,36,40.0,Approved,Awarded,Low,25.0,Low,Initial Site Mobilization and Statutory Clearance Processing
Assam,PRJ0934,Unnamed Infrastructure Project,Road Transport & Highways,Central Executing Agency,Ministry of Road Transport and Highways,100.0,100.0,0.0,0.0,0,36,40.0,Approved,Awarded,Low,25.0,Low,Initial Site Mobilization and Statutory Clearance Processing
Rajasthan,PRJ0935,Unnamed Infrastructure Project,Road Transport & Highways,Central Executing Agency,Ministry of Road Transport and Highways,100.0,100.0,0.0,0.0,0,36,40.0,Approved,Awarded,Low,25.0,Low,Initial Site Mobilization and Statutory Clearance Processing
Rajasthan,PRJ0936,Unnamed Infrastructure Project,Road Transport & Highways,Central Executing Agency,Ministry of Road Transport and Highways,100.0,100.0,0.0,0.0,0,36,40.0,Approved,Awarded,Low,25.0,Low,Initial Site Mobilization and Statutory Clearance Processing
Karnataka,PRJ0937,Unnamed Infrastructure Project,Road Transport & Highways,Central Executing Agency,Ministry of Road Transport and Highways,100.0,100.0,0.0,0.0,0,36,40.0,Approved,Awarded,Low,25.0,Low,Initial Site Mobilization and Statutory Clearance Processing
Uttarakhand,PRJ0938,Unnamed Infrastructure Project,Road Transport & Highways,Central Executing Agency,Ministry of Road Transport and Highways,100.0,100.0,0.0,0.0,0,36,40.0,Approved,Awarded,Low,25.0,Low,Initial Site Mobilization and Statutory Clearance Processing
Meghalaya,PRJ0939,Unnamed Infrastructure Project,Road Transport & Highways,Central Executing Agency,Ministry of Road Transport and Highways,100.0,100.0,0.0,0.0,0,36,40.0,Approved,Awarded,Low,25.0,Low,Initial Site Mobilization and Statutory Clearance Processing
Jammu & Kashmir,PRJ0940,Unnamed Infrastructure Project,Road Transport & Highways,Central Executing Agency,Ministry of Road Transport and Highways,100.0,100.0,0.0,0.0,0,36,40.0,Approved,Awarded,Low,25.0,Low,Initial Site Mobilization and Statutory Clearance Processing
Assam,PRJ0941,Unnamed Infrastructure Project,Road Transport & Highways,Central Executing Agency,Ministry of Road Transport and Highways,100.0,100.0,0.0,0.0,0,36,40.0,Approved,Awarded,Low,25.0,Low,Initial Site Mobilization and Statutory Clearance Processing
Jharkhand,PRJ0942,Unnamed Infrastructure Project,Road Transport & Highways,Central Executing Agency,Ministry of Road Transport and Highways,100.0,100.0,0.0,0.0,0,36,40.0,Approved,Awarded,Low,25.0,Low,Initial Site Mobilization and Statutory Clearance Processing
Chhattisgarh,PRJ0943,Unnamed Infrastructure Project,Road Transport & Highways,Central Executing Agency,Ministry of Road Transport and Highways,100.0,100.0,0.0,0.0,0,36,40.0,Approved,Awarded,Low,25.0,Low,Initial Site Mobilization and Statutory Clearance Processing
Jharkhand,PRJ0944,Unnamed Infrastructure Project,Road Transport & Highways,Central Executing Agency,Ministry of Road Transport and Highways,100.0,100.0,0.0,0.0,0,36,40.0,Approved,Awarded,Low,25.0,Low,Initial Site Mobilization and Statutory Clearance Processing
Madhya Pradesh,PRJ0945,Unnamed Infrastructure Project,Road Transport & Highways,Central Executing Agency,Ministry of Road Transport and Highways,100.0,100.0,0.0,0.0,0,36,40.0,Approved,Awarded,Low,25.0,Low,Initial Site Mobilization and Statutory Clearance Processing
Maharashtra,PRJ0946,Unnamed Infrastructure Project,Road Transport & Highways,Central Executing Agency,Ministry of Road Transport and Highways,100.0,100.0,0.0,0.0,0,36,40.0,Approved,Awarded,Low,25.0,Low,Initial Site Mobilization and Statutory Clearance Processing
Uttar Pradesh,PRJ0947,Unnamed Infrastructure Project,Road Transport & Highways,Central Executing Agency,Ministry of Road Transport and Highways,100.0,100.0,0.0,0.0,0,36,40.0,Approved,Awarded,Low,25.0,Low,Initial Site Mobilization and Statutory Clearance Processing
Tamil Nadu,PRJ0948,Unnamed Infrastructure Project,Road Transport & Highways,Central Executing Agency,Ministry of Road Transport and Highways,100.0,100.0,0.0,0.0,0,36,40.0,Approved,Awarded,Low,25.0,Low,Initial Site Mobilization and Statutory Clearance Processing
Gujarat,PRJ0949,Unnamed Infrastructure Project,Road Transport & Highways,Central Executing Agency,Ministry of Road Transport and Highways,100.0,100.0,0.0,0.0,0,36,40.0,Approved,Awarded,Low,25.0,Low,Initial Site Mobilization and Statutory Clearance Processing
Madhya Pradesh,PRJ0950,Unnamed Infrastructure Project,Road Transport & Highways,Central Executing Agency,Ministry of Road Transport and Highways,100.0,100.0,0.0,0.0,0,36,40.0,Approved,Awarded,Low,25.0,Low,Initial Site Mobilization and Statutory Clearance Processing
Karnataka,PRJ0951,Unnamed Infrastructure Project,Road Transport & Highways,Central Executing Agency,Ministry of Road Transport and Highways,100.0,100.0,0.0,0.0,0,36,40.0,Approved,Awarded,Low,25.0,Low,Initial Site Mobilization and Statutory Clearance Processing
Odisha,PRJ0952,Unnamed Infrastructure Project,Road Transport & Highways,Central Executing Agency,Ministry of Road Transport and Highways,100.0,100.0,0.0,0.0,0,36,40.0,Approved,Awarded,Low,25.0,Low,Initial Site Mobilization and Statutory Clearance Processing
Meghalaya,PRJ0953,Unnamed Infrastructure Project,Road Transport & Highways,Central Executing Agency,Ministry of Road Transport and Highways,100.0,100.0,0.0,0.0,0,36,40.0,Approved,Awarded,Low,25.0,Low,Initial Site Mobilization and Statutory Clearance Processing
Meghalaya,PRJ0954,Unnamed Infrastructure Project,Road Transport & Highways,Central Executing Agency,Ministry of Road Transport and Highways,100.0,100.0,0.0,0.0,0,36,40.0,Approved,Awarded,Low,25.0,Low,Initial Site Mobilization and Statutory Clearance Processing
Bihar,PRJ0955,Unnamed Infrastructure Project,Road Transport & Highways,Central Executing Agency,Ministry of Road Transport and Highways,100.0,100.0,0.0,0.0,0,36,40.0,Approved,Awarded,Low,25.0,Low,Initial Site Mobilization and Statutory Clearance Processing
Kerala,PRJ0956,Unnamed Infrastructure Project,Road Transport & Highways,Central Executing Agency,Ministry of Road Transport and Highways,100.0,100.0,0.0,0.0,0,36,40.0,Approved,Awarded,Low,25.0,Low,Initial Site Mobilization and Statutory Clearance Processing
Manipur,PRJ0957,Unnamed Infrastructure Project,Road Transport & Highways,Central Executing Agency,Ministry of Road Transport and Highways,100.0,100.0,0.0,0.0,0,36,40.0,Approved,Awarded,Low,25.0,Low,Initial Site Mobilization and Statutory Clearance Processing
Manipur,PRJ0958,Unnamed Infrastructure Project,Road Transport & Highways,Central Executing Agency,Ministry of Road Transport and Highways,100.0,100.0,0.0,0.0,0,36,40.0,Approved,Awarded,Low,25.0,Low,Initial Site Mobilization and Statutory Clearance Processing
Manipur,PRJ0959,Unnamed Infrastructure Project,Road Transport & Highways,Central Executing Agency,Ministry of Road Transport and Highways,100.0,100.0,0.0,0.0,0,36,40.0,Approved,Awarded,Low,25.0,Low,Initial Site Mobilization and Statutory Clearance Processing
Jharkhand,PRJ0960,Unnamed Infrastructure Project,Road Transport & Highways,Central Executing Agency,Ministry of Road Transport and Highways,100.0,100.0,0.0,0.0,0,36,40.0,Approved,Awarded,Low,25.0,Low,Initial Site Mobilization and Statutory Clearance Processing
Sikkim,PRJ0961,Unnamed Infrastructure Project,Road Transport & Highways,Central Executing Agency,Ministry of Road Transport and Highways,100.0,100.0,0.0,0.0,0,36,40.0,Approved,Awarded,Low,25.0,Low,Initial Site Mobilization and Statutory Clearance Processing
Sikkim,PRJ0962,Unnamed Infrastructure Project,Road Transport & Highways,Central Executing Agency,Ministry of Road Transport and Highways,100.0,100.0,0.0,0.0,0,36,40.0,Approved,Awarded,Low,25.0,Low,Initial Site Mobilization and Statutory Clearance Processing
Uttar Pradesh,PRJ0963,Unnamed Infrastructure Project,Road Transport & Highways,Central Executing Agency,Ministry of Road Transport and Highways,100.0,100.0,0.0,0.0,0,36,40.0,Approved,Awarded,Low,25.0,Low,Initial Site Mobilization and Statutory Clearance Processing
Uttarakhand,PRJ0964,Unnamed Infrastructure Project,Road Transport & Highways,Central Executing Agency,Ministry of Road Transport and Highways,100.0,100.0,0.0,0.0,0,36,40.0,Approved,Awarded,Low,25.0,Low,Initial Site Mobilization and Statutory Clearance Processing
Gujarat,PRJ0965,Unnamed Infrastructure Project,Road Transport & Highways,Central Executing Agency,Ministry of Road Transport and Highways,100.0,100.0,0.0,0.0,0,36,40.0,Approved,Awarded,Low,25.0,Low,Initial Site Mobilization and Statutory Clearance Processing
Assam,PRJ0966,Unnamed Infrastructure Project,Road Transport & Highways,Central Executing Agency,Ministry of Road Transport and Highways,100.0,100.0,0.0,0.0,0,36,40.0,Approved,Awarded,Low,25.0,Low,Initial Site Mobilization and Statutory Clearance Processing
Uttar Pradesh,PRJ0967,Unnamed Infrastructure Project,Road Transport & Highways,Central Executing Agency,Ministry of Road Transport and Highways,100.0,100.0,0.0,0.0,0,36,40.0,Approved,Awarded,Low,25.0,Low,Initial Site Mobilization and Statutory Clearance Processing
Bihar,PRJ0968,Unnamed Infrastructure Project,Road Transport & Highways,Central Executing Agency,Ministry of Road Transport and Highways,100.0,100.0,0.0,0.0,0,36,40.0,Approved,Awarded,Low,25.0,Low,Initial Site Mobilization and Statutory Clearance Processing
Odisha,PRJ0969,Unnamed Infrastructure Project,Road Transport & Highways,Central Executing Agency,Ministry of Road Transport and Highways,100.0,100.0,0.0,0.0,0,36,40.0,Approved,Awarded,Low,25.0,Low,Initial Site Mobilization and Statutory Clearance Processing
Jammu & Kashmir,PRJ0970,Unnamed Infrastructure Project,Road Transport & Highways,Central Executing Agency,Ministry of Road Transport and Highways,100.0,100.0,0.0,0.0,0,36,40.0,Approved,Awarded,Low,25.0,Low,Initial Site Mobilization and Statutory Clearance Processing
Jammu & Kashmir,PRJ0971,Unnamed Infrastructure Project,Road Transport & Highways,Central Executing Agency,Ministry of Road Transport and Highways,100.0,100.0,0.0,0.0,0,36,40.0,Approved,Awarded,Low,25.0,Low,Initial Site Mobilization and Statutory Clearance Processing
Gujarat,PRJ0972,Unnamed Infrastructure Project,Road Transport & Highways,Central Executing Agency,Ministry of Road Transport and Highways,100.0,100.0,0.0,0.0,0,36,40.0,Approved,Awarded,Low,25.0,Low,Initial Site Mobilization and Statutory Clearance Processing
Chhattisgarh,PRJ0973,Unnamed Infrastructure Project,Road Transport & Highways,Central Executing Agency,Ministry of Road Transport and Highways,100.0,100.0,0.0,0.0,0,36,40.0,Approved,Awarded,Low,25.0,Low,Initial Site Mobilization and Statutory Clearance Processing
Assam,PRJ0974,Unnamed Infrastructure Project,Road Transport & Highways,Central Executing Agency,Ministry of Road Transport and Highways,100.0,100.0,0.0,0.0,0,36,40.0,Approved,Awarded,Low,25.0,Low,Initial Site Mobilization and Statutory Clearance Processing
Assam,PRJ0975,Unnamed Infrastructure Project,Road Transport & Highways,Central Executing Agency,Ministry of Road Transport and Highways,100.0,100.0,0.0,0.0,0,36,40.0,Approved,Awarded,Low,25.0,Low,Initial Site Mobilization and Statutory Clearance Processing
Uttarakhand,PRJ0976,Unnamed Infrastructure Project,Road Transport & Highways,Central Executing Agency,Ministry of Road Transport and Highways,100.0,100.0,0.0,0.0,0,36,40.0,Approved,Awarded,Low,25.0,Low,Initial Site Mobilization and Statutory Clearance Processing
Telangana,PRJ0977,Unnamed Infrastructure Project,Road Transport & Highways,Central Executing Agency,Ministry of Road Transport and Highways,100.0,100.0,0.0,0.0,0,36,40.0,Approved,Awarded,Low,25.0,Low,Initial Site Mobilization and Statutory Clearance Processing
Uttar Pradesh,PRJ0978,Unnamed Infrastructure Project,Road Transport & Highways,Central Executing Agency,Ministry of Road Transport and Highways,100.0,100.0,0.0,0.0,0,36,40.0,Approved,Awarded,Low,25.0,Low,Initial Site Mobilization and Statutory Clearance Processing
Assam,PRJ0979,Unnamed Infrastructure Project,Road Transport & Highways,Central Executing Agency,Ministry of Road Transport and Highways,100.0,100.0,0.0,0.0,0,36,40.0,Approved,Awarded,Low,25.0,Low,Initial Site Mobilization and Statutory Clearance Processing
Tripura,PRJ0980,Unnamed Infrastructure Project,Road Transport & Highways,Central Executing Agency,Ministry of Road Transport and Highways,100.0,100.0,0.0,0.0,0,36,40.0,Approved,Awarded,Low,25.0,Low,Initial Site Mobilization and Statutory Clearance Processing
Assam,PRJ0981,Unnamed Infrastructure Project,Road Transport & Highways,Central Executing Agency,Ministry of Road Transport and Highways,100.0,100.0,0.0,0.0,0,36,40.0,Approved,Awarded,Low,25.0,Low,Initial Site Mobilization and Statutory Clearance Processing
Assam,PRJ0982,Unnamed Infrastructure Project,Road Transport & Highways,Central Executing Agency,Ministry of Road Transport and Highways,100.0,100.0,0.0,0.0,0,36,40.0,Approved,Awarded,Low,25.0,Low,Initial Site Mobilization and Statutory Clearance Processing
Madhya Pradesh,PRJ0983,Unnamed Infrastructure Project,Road Transport & Highways,Central Executing Agency,Ministry of Road Transport and Highways,100.0,100.0,0.0,0.0,0,36,40.0,Approved,Awarded,Low,25.0,Low,Initial Site Mobilization and Statutory Clearance Processing
Delhi,PRJ0984,Unnamed Infrastructure Project,Road Transport & Highways,Central Executing Agency,Ministry of Road Transport and Highways,100.0,100.0,0.0,0.0,0,36,40.0,Approved,Awarded,Low,25.0,Low,Initial Site Mobilization and Statutory Clearance Processing
Andhra Pradesh,PRJ0985,Unnamed Infrastructure Project,Road Transport & Highways,Central Executing Agency,Ministry of Road Transport and Highways,100.0,100.0,0.0,0.0,0,36,40.0,Approved,Awarded,Low,25.0,Low,Initial Site Mobilization and Statutory Clearance Processing
Maharashtra,PRJ0986,Unnamed Infrastructure Project,Road Transport & Highways,Central Executing Agency,Ministry of Road Transport and Highways,100.0,100.0,0.0,0.0,0,36,40.0,Approved,Awarded,Low,25.0,Low,Initial Site Mobilization and Statutory Clearance Processing
Andhra Pradesh,PRJ0987,Unnamed Infrastructure Project,Road Transport & Highways,Central Executing Agency,Ministry of Road Transport and Highways,100.0,100.0,0.0,0.0,0,36,40.0,Approved,Awarded,Low,25.0,Low,Initial Site Mobilization and Statutory Clearance Processing
Maharashtra,PRJ0988,Unnamed Infrastructure Project,Road Transport & Highways,Central Executing Agency,Ministry of Road Transport and Highways,100.0,100.0,0.0,0.0,0,36,40.0,Approved,Awarded,Low,25.0,Low,Initial Site Mobilization and Statutory Clearance Processing
Madhya Pradesh,PRJ0989,Unnamed Infrastructure Project,Road Transport & Highways,Central Executing Agency,Ministry of Road Transport and Highways,100.0,100.0,0.0,0.0,0,36,40.0,Approved,Awarded,Low,25.0,Low,Initial Site Mobilization and Statutory Clearance Processing
Madhya Pradesh,PRJ0990,Unnamed Infrastructure Project,Road Transport & Highways,Central Executing Agency,Ministry of Road Transport and Highways,100.0,100.0,0.0,0.0,0,36,40.0,Approved,Awarded,Low,25.0,Low,Initial Site Mobilization and Statutory Clearance Processing
Chhattisgarh,PRJ0991,Unnamed Infrastructure Project,Road Transport & Highways,Central Executing Agency,Ministry of Road Transport and Highways,100.0,100.0,0.0,0.0,0,36,40.0,Approved,Awarded,Low,25.0,Low,Initial Site Mobilization and Statutory Clearance Processing
Bihar,PRJ0992,Unnamed Infrastructure Project,Road Transport & Highways,Central Executing Agency,Ministry of Road Transport and Highways,100.0,100.0,0.0,0.0,0,36,40.0,Approved,Awarded,Low,25.0,Low,Initial Site Mobilization and Statutory Clearance Processing
Odisha,PRJ0993,Unnamed Infrastructure Project,Road Transport & Highways,Central Executing Agency,Ministry of Road Transport and Highways,100.0,100.0,0.0,0.0,0,36,40.0,Approved,Awarded,Low,25.0,Low,Initial Site Mobilization and Statutory Clearance Processing
Bihar,PRJ0994,Unnamed Infrastructure Project,Road Transport & Highways,Central Executing Agency,Ministry of Road Transport and Highways,100.0,100.0,0.0,0.0,0,36,40.0,Approved,Awarded,Low,25.0,Low,Initial Site Mobilization and Statutory Clearance Processing
Uttar Pradesh,PRJ0995,Unnamed Infrastructure Project,Road Transport & Highways,Central Executing Agency,Ministry of Road Transport and Highways,100.0,100.0,0.0,0.0,0,36,40.0,Approved,Awarded,Low,25.0,Low,Initial Site Mobilization and Statutory Clearance Processing
Maharashtra,PRJ0996,Unnamed Infrastructure Project,Road Transport & Highways,Central Executing Agency,Ministry of Road Transport and Highways,100.0,100.0,0.0,0.0,0,36,40.0,Approved,Awarded,Low,25.0,Low,Initial Site Mobilization and Statutory Clearance Processing
Bihar,PRJ0997,Unnamed Infrastructure Project,Road Transport & Highways,Central Executing Agency,Ministry of Road Transport and Highways,100.0,100.0,0.0,0.0,0,36,40.0,Approved,Awarded,Low,25.0,Low,Initial Site Mobilization and Statutory Clearance Processing
Bihar,PRJ0998,Unnamed Infrastructure Project,Road Transport & Highways,Central Executing Agency,Ministry of Road Transport and Highways,100.0,100.0,0.0,0.0,0,36,40.0,Approved,Awarded,Low,25.0,Low,Initial Site Mobilization and Statutory Clearance Processing
Uttar Pradesh,PRJ0999,Unnamed Infrastructure Project,Road Transport & Highways,Central Executing Agency,Ministry of Road Transport and Highways,100.0,100.0,0.0,0.0,0,36,40.0,Approved,Awarded,Low,25.0,Low,Initial Site Mobilization and Statutory Clearance Processing
West Bengal,PRJ1000,Unnamed Infrastructure Project,Road Transport & Highways,Central Executing Agency,Ministry of Road Transport and Highways,100.0,100.0,0.0,0.0,0,36,40.0,Approved,Awarded,Low,25.0,Low,Initial Site Mobilization and Statutory Clearance Processing
Gujarat,PRJ1001,Unnamed Infrastructure Project,Road Transport & Highways,Central Executing Agency,Ministry of Road Transport and Highways,100.0,100.0,0.0,0.0,0,36,40.0,Approved,Awarded,Low,25.0,Low,Initial Site Mobilization and Statutory Clearance Processing
Haryana,PRJ1002,Unnamed Infrastructure Project,Road Transport & Highways,Central Executing Agency,Ministry of Road Transport and Highways,100.0,100.0,0.0,0.0,0,36,40.0,Approved,Awarded,Low,25.0,Low,Initial Site Mobilization and Statutory Clearance Processing
West Bengal,PRJ1003,Unnamed Infrastructure Project,Road Transport & Highways,Central Executing Agency,Ministry of Road Transport and Highways,100.0,100.0,0.0,0.0,0,36,40.0,Approved,Awarded,Low,25.0,Low,Initial Site Mobilization and Statutory Clearance Processing
West Bengal,PRJ1004,Unnamed Infrastructure Project,Road Transport & Highways,Central Executing Agency,Ministry of Road Transport and Highways,100.0,100.0,0.0,0.0,0,36,40.0,Approved,Awarded,Low,25.0,Low,Initial Site Mobilization and Statutory Clearance Processing
Uttar Pradesh,PRJ1005,Unnamed Infrastructure Project,Road Transport & Highways,Central Executing Agency,Ministry of Road Transport and Highways,100.0,100.0,0.0,0.0,0,36,40.0,Approved,Awarded,Low,25.0,Low,Initial Site Mobilization and Statutory Clearance Processing
Telangana,PRJ1006,Unnamed Infrastructure Project,Road Transport & Highways,Central Executing Agency,Ministry of Road Transport and Highways,100.0,100.0,0.0,0.0,0,36,40.0,Approved,Awarded,Low,25.0,Low,Initial Site Mobilization and Statutory Clearance Processing
Madhya Pradesh,PRJ1007,Unnamed Infrastructure Project,Road Transport & Highways,Central Executing Agency,Ministry of Road Transport and Highways,100.0,100.0,0.0,0.0,0,36,40.0,Approved,Awarded,Low,25.0,Low,Initial Site Mobilization and Statutory Clearance Processing
Jharkhand,PRJ1008,Unnamed Infrastructure Project,Road Transport & Highways,Central Executing Agency,Ministry of Road Transport and Highways,100.0,100.0,0.0,0.0,0,36,40.0,Approved,Awarded,Low,25.0,Low,Initial Site Mobilization and Statutory Clearance Processing
Madhya Pradesh,PRJ1009,Unnamed Infrastructure Project,Road Transport & Highways,Central Executing Agency,Ministry of Road Transport and Highways,100.0,100.0,0.0,0.0,0,36,40.0,Approved,Awarded,Low,25.0,Low,Initial Site Mobilization and Statutory Clearance Processing
Assam,PRJ1010,Unnamed Infrastructure Project,Road Transport & Highways,Central Executing Agency,Ministry of Road Transport and Highways,100.0,100.0,0.0,0.0,0,36,40.0,Approved,Awarded,Low,25.0,Low,Initial Site Mobilization and Statutory Clearance Processing
Assam,PRJ1011,Unnamed Infrastructure Project,Road Transport & Highways,Central Executing Agency,Ministry of Road Transport and Highways,100.0,100.0,0.0,0.0,0,36,40.0,Approved,Awarded,Low,25.0,Low,Initial Site Mobilization and Statutory Clearance Processing
Assam,PRJ1012,Unnamed Infrastructure Project,Road Transport & Highways,Central Executing Agency,Ministry of Road Transport and Highways,100.0,100.0,0.0,0.0,0,36,40.0,Approved,Awarded,Low,25.0,Low,Initial Site Mobilization and Statutory Clearance Processing
Assam,PRJ1013,Unnamed Infrastructure Project,Road Transport & Highways,Central Executing Agency,Ministry of Road Transport and Highways,100.0,100.0,0.0,0.0,0,36,40.0,Approved,Awarded,Low,25.0,Low,Initial Site Mobilization and Statutory Clearance Processing
Assam,PRJ1014,Unnamed Infrastructure Project,Road Transport & Highways,Central Executing Agency,Ministry of Road Transport and Highways,100.0,100.0,0.0,0.0,0,36,40.0,Approved,Awarded,Low,25.0,Low,Initial Site Mobilization and Statutory Clearance Processing
Assam,PRJ1015,Unnamed Infrastructure Project,Road Transport & Highways,Central Executing Agency,Ministry of Road Transport and Highways,100.0,100.0,0.0,0.0,0,36,40.0,Approved,Awarded,Low,25.0,Low,Initial Site Mobilization and Statutory Clearance Processing
Odisha,PRJ1016,Unnamed Infrastructure Project,Road Transport & Highways,Central Executing Agency,Ministry of Road Transport and Highways,100.0,100.0,0.0,0.0,0,36,40.0,Approved,Awarded,Low,25.0,Low,Initial Site Mobilization and Statutory Clearance Processing
Andhra Pradesh,PRJ1017,Unnamed Infrastructure Project,Road Transport & Highways,Central Executing Agency,Ministry of Road Transport and Highways,100.0,100.0,0.0,0.0,0,36,40.0,Approved,Awarded,Low,25.0,Low,Initial Site Mobilization and Statutory Clearance Processing
Uttar Pradesh,PRJ1018,Unnamed Infrastructure Project,Road Transport & Highways,Central Executing Agency,Ministry of Road Transport and Highways,100.0,100.0,0.0,0.0,0,36,40.0,Approved,Awarded,Low,25.0,Low,Initial Site Mobilization and Statutory Clearance Processing
Bihar,PRJ1019,Unnamed Infrastructure Project,Road Transport & Highways,Central Executing Agency,Ministry of Road Transport and Highways,100.0,100.0,0.0,0.0,0,36,40.0,Approved,Awarded,Low,25.0,Low,Initial Site Mobilization and Statutory Clearance Processing
Jharkhand,PRJ1020,Unnamed Infrastructure Project,Road Transport & Highways,Central Executing Agency,Ministry of Road Transport and Highways,100.0,100.0,0.0,0.0,0,36,40.0,Approved,Awarded,Low,25.0,Low,Initial Site Mobilization and Statutory Clearance Processing
Jharkhand,PRJ1021,Unnamed Infrastructure Project,Road Transport & Highways,Central Executing Agency,Ministry of Road Transport and Highways,100.0,100.0,0.0,0.0,0,36,40.0,Approved,Awarded,Low,25.0,Low,Initial Site Mobilization and Statutory Clearance Processing
Karnataka,PRJ1022,Unnamed Infrastructure Project,Road Transport & Highways,Central Executing Agency,Ministry of Road Transport and Highways,100.0,100.0,0.0,0.0,0,36,40.0,Approved,Awarded,Low,25.0,Low,Initial Site Mobilization and Statutory Clearance Processing
Odisha,PRJ1023,Unnamed Infrastructure Project,Road Transport & Highways,Central Executing Agency,Ministry of Road Transport and Highways,100.0,100.0,0.0,0.0,0,36,40.0,Approved,Awarded,Low,25.0,Low,Initial Site Mobilization and Statutory Clearance Processing
Odisha,PRJ1024,Unnamed Infrastructure Project,Road Transport & Highways,Central Executing Agency,Ministry of Road Transport and Highways,100.0,100.0,0.0,0.0,0,36,40.0,Approved,Awarded,Low,25.0,Low,Initial Site Mobilization and Statutory Clearance Processing
Odisha,PRJ1025,Unnamed Infrastructure Project,Road Transport & Highways,Central Executing Agency,Ministry of Road Transport and Highways,100.0,100.0,0.0,0.0,0,36,40.0,Approved,Awarded,Low,25.0,Low,Initial Site Mobilization and Statutory Clearance Processing
Tamil Nadu,PRJ1026,Unnamed Infrastructure Project,Road Transport & Highways,Central Executing Agency,Ministry of Road Transport and Highways,100.0,100.0,0.0,0.0,0,36,40.0,Approved,Awarded,Low,25.0,Low,Initial Site Mobilization and Statutory Clearance Processing
Uttar Pradesh,PRJ1027,Unnamed Infrastructure Project,Road Transport & Highways,Central Executing Agency,Ministry of Road Transport and Highways,100.0,100.0,0.0,0.0,0,36,40.0,Approved,Awarded,Low,25.0,Low,Initial Site Mobilization and Statutory Clearance Processing
Tamil Nadu,PRJ1028,Unnamed Infrastructure Project,Road Transport & Highways,Central Executing Agency,Ministry of Road Transport and Highways,100.0,100.0,0.0,0.0,0,36,40.0,Approved,Awarded,Low,25.0,Low,Initial Site Mobilization and Statutory Clearance Processing
Karnataka,PRJ1029,Unnamed Infrastructure Project,Road Transport & Highways,Central Executing Agency,Ministry of Road Transport and Highways,100.0,100.0,0.0,0.0,0,36,40.0,Approved,Awarded,Low,25.0,Low,Initial Site Mobilization and Statutory Clearance Processing
Uttar Pradesh,PRJ1030,Unnamed Infrastructure Project,Road Transport & Highways,Central Executing Agency,Ministry of Road Transport and Highways,100.0,100.0,0.0,0.0,0,36,40.0,Approved,Awarded,Low,25.0,Low,Initial Site Mobilization and Statutory Clearance Processing
Odisha,PRJ1031,Unnamed Infrastructure Project,Road Transport & Highways,Central Executing Agency,Ministry of Road Transport and Highways,100.0,100.0,0.0,0.0,0,36,40.0,Approved,Awarded,Low,25.0,Low,Initial Site Mobilization and Statutory Clearance Processing
West Bengal,PRJ1032,Unnamed Infrastructure Project,Road Transport & Highways,Central Executing Agency,Ministry of Road Transport and Highways,100.0,100.0,0.0,0.0,0,36,40.0,Approved,Awarded,Low,25.0,Low,Initial Site Mobilization and Statutory Clearance Processing
Rajasthan,PRJ1033,Unnamed Infrastructure Project,Road Transport & Highways,Central Executing Agency,Ministry of Road Transport and Highways,100.0,100.0,0.0,0.0,0,36,40.0,Approved,Awarded,Low,25.0,Low,Initial Site Mobilization and Statutory Clearance Processing
Karnataka,PRJ1034,Unnamed Infrastructure Project,Road Transport & Highways,Central Executing Agency,Ministry of Road Transport and Highways,100.0,100.0,0.0,0.0,0,36,40.0,Approved,Awarded,Low,25.0,Low,Initial Site Mobilization and Statutory Clearance Processing
Andhra Pradesh,PRJ1035,Unnamed Infrastructure Project,Road Transport & Highways,Central Executing Agency,Ministry of Road Transport and Highways,100.0,100.0,0.0,0.0,0,36,40.0,Approved,Awarded,Low,25.0,Low,Initial Site Mobilization and Statutory Clearance Processing
Andhra Pradesh,PRJ1036,Unnamed Infrastructure Project,Road Transport & Highways,Central Executing Agency,Ministry of Road Transport and Highways,100.0,100.0,0.0,0.0,0,36,40.0,Approved,Awarded,Low,25.0,Low,Initial Site Mobilization and Statutory Clearance Processing
Assam,PRJ1037,Unnamed Infrastructure Project,Road Transport & Highways,Central Executing Agency,Ministry of Road Transport and Highways,100.0,100.0,0.0,0.0,0,36,40.0,Approved,Awarded,Low,25.0,Low,Initial Site Mobilization and Statutory Clearance Processing
Uttar Pradesh,PRJ1038,Unnamed Infrastructure Project,Road Transport & Highways,Central Executing Agency,Ministry of Road Transport and Highways,100.0,100.0,0.0,0.0,0,36,40.0,Approved,Awarded,Low,25.0,Low,Initial Site Mobilization and Statutory Clearance Processing
Uttar Pradesh,PRJ1039,Unnamed Infrastructure Project,Road Transport & Highways,Central Executing Agency,Ministry of Road Transport and Highways,100.0,100.0,0.0,0.0,0,36,40.0,Approved,Awarded,Low,25.0,Low,Initial Site Mobilization and Statutory Clearance Processing
Uttar Pradesh,PRJ1040,Unnamed Infrastructure Project,Road Transport & Highways,Central Executing Agency,Ministry of Road Transport and Highways,100.0,100.0,0.0,0.0,0,36,40.0,Approved,Awarded,Low,25.0,Low,Initial Site Mobilization and Statutory Clearance Processing
Uttar Pradesh,PRJ1041,Unnamed Infrastructure Project,Road Transport & Highways,Central Executing Agency,Ministry of Road Transport and Highways,100.0,100.0,0.0,0.0,0,36,40.0,Approved,Awarded,Low,25.0,Low,Initial Site Mobilization and Statutory Clearance Processing
Uttar Pradesh,PRJ1042,Unnamed Infrastructure Project,Road Transport & Highways,Central Executing Agency,Ministry of Road Transport and Highways,100.0,100.0,0.0,0.0,0,36,40.0,Approved,Awarded,Low,25.0,Low,Initial Site Mobilization and Statutory Clearance Processing
Uttar Pradesh,PRJ1043,Unnamed Infrastructure Project,Road Transport & Highways,Central Executing Agency,Ministry of Road Transport and Highways,100.0,100.0,0.0,0.0,0,36,40.0,Approved,Awarded,Low,25.0,Low,Initial Site Mobilization and Statutory Clearance Processing
Maharashtra,PRJ1044,Unnamed Infrastructure Project,Road Transport & Highways,Central Executing Agency,Ministry of Road Transport and Highways,100.0,100.0,0.0,0.0,0,36,40.0,Approved,Awarded,Low,25.0,Low,Initial Site Mobilization and Statutory Clearance Processing
Odisha,PRJ1045,Unnamed Infrastructure Project,Road Transport & Highways,Central Executing Agency,Ministry of Road Transport and Highways,100.0,100.0,0.0,0.0,0,36,40.0,Approved,Awarded,Low,25.0,Low,Initial Site Mobilization and Statutory Clearance Processing
Rajasthan,PRJ1046,Unnamed Infrastructure Project,Road Transport & Highways,Central Executing Agency,Ministry of Road Transport and Highways,100.0,100.0,0.0,0.0,0,36,40.0,Approved,Awarded,Low,25.0,Low,Initial Site Mobilization and Statutory Clearance Processing
Maharashtra,PRJ1047,Unnamed Infrastructure Project,Road Transport & Highways,Central Executing Agency,Ministry of Road Transport and Highways,100.0,100.0,0.0,0.0,0,36,40.0,Approved,Awarded,Low,25.0,Low,Initial Site Mobilization and Statutory Clearance Processing
Bihar,PRJ1048,Unnamed Infrastructure Project,Road Transport & Highways,Central Executing Agency,Ministry of Road Transport and Highways,100.0,100.0,0.0,0.0,0,36,40.0,Approved,Awarded,Low,25.0,Low,Initial Site Mobilization and Statutory Clearance Processing
Delhi,PRJ1049,Unnamed Infrastructure Project,Road Transport & Highways,Central Executing Agency,Ministry of Road Transport and Highways,100.0,100.0,0.0,0.0,0,36,40.0,Approved,Awarded,Low,25.0,Low,Initial Site Mobilization and Statutory Clearance Processing
West Bengal,PRJ1050,Unnamed Infrastructure Project,Road Transport & Highways,Central Executing Agency,Ministry of Road Transport and Highways,100.0,100.0,0.0,0.0,0,36,40.0,Approved,Awarded,Low,25.0,Low,Initial Site Mobilization and Statutory Clearance Processing
Bihar,PRJ1051,Unnamed Infrastructure Project,Road Transport & Highways,Central Executing Agency,Ministry of Road Transport and Highways,100.0,100.0,0.0,0.0,0,36,40.0,Approved,Awarded,Low,25.0,Low,Initial Site Mobilization and Statutory Clearance Processing
Kerala,PRJ1052,Unnamed Infrastructure Project,Road Transport & Highways,Central Executing Agency,Ministry of Road Transport and Highways,100.0,100.0,0.0,0.0,0,36,40.0,Approved,Awarded,Low,25.0,Low,Initial Site Mobilization and Statutory Clearance Processing
Assam,PRJ1053,Unnamed Infrastructure Project,Road Transport & Highways,Central Executing Agency,Ministry of Road Transport and Highways,100.0,100.0,0.0,0.0,0,36,40.0,Approved,Awarded,Low,25.0,Low,Initial Site Mobilization and Statutory Clearance Processing
Telangana,PRJ1054,Unnamed Infrastructure Project,Road Transport & Highways,Central Executing Agency,Ministry of Road Transport and Highways,100.0,100.0,0.0,0.0,0,36,40.0,Approved,Awarded,Low,25.0,Low,Initial Site Mobilization and Statutory Clearance Processing
Odisha,PRJ1055,Unnamed Infrastructure Project,Road Transport & Highways,Central Executing Agency,Ministry of Road Transport and Highways,100.0,100.0,0.0,0.0,0,36,40.0,Approved,Awarded,Low,25.0,Low,Initial Site Mobilization and Statutory Clearance Processing
Madhya Pradesh,PRJ1056,Unnamed Infrastructure Project,Road Transport & Highways,Central Executing Agency,Ministry of Road Transport and Highways,100.0,100.0,0.0,0.0,0,36,40.0,Approved,Awarded,Low,25.0,Low,Initial Site Mobilization and Statutory Clearance Processing
Madhya Pradesh,PRJ1057,Unnamed Infrastructure Project,Road Transport & Highways,Central Executing Agency,Ministry of Road Transport and Highways,100.0,100.0,0.0,0.0,0,36,40.0,Approved,Awarded,Low,25.0,Low,Initial Site Mobilization and Statutory Clearance Processing
Jammu & Kashmir,PRJ1058,Unnamed Infrastructure Project,Road Transport & Highways,Central Executing Agency,Ministry of Road Transport and Highways,100.0,100.0,0.0,0.0,0,36,40.0,Approved,Awarded,Low,25.0,Low,Initial Site Mobilization and Statutory Clearance Processing
Uttar Pradesh,PRJ1059,Unnamed Infrastructure Project,Road Transport & Highways,Central Executing Agency,Ministry of Road Transport and Highways,100.0,100.0,0.0,0.0,0,36,40.0,Approved,Awarded,Low,25.0,Low,Initial Site Mobilization and Statutory Clearance Processing
Tamil Nadu,PRJ1060,Unnamed Infrastructure Project,Road Transport & Highways,Central Executing Agency,Ministry of Road Transport and Highways,100.0,100.0,0.0,0.0,0,36,40.0,Approved,Awarded,Low,25.0,Low,Initial Site Mobilization and Statutory Clearance Processing
Gujarat,PRJ1061,Unnamed Infrastructure Project,Road Transport & Highways,Central Executing Agency,Ministry of Road Transport and Highways,100.0,100.0,0.0,0.0,0,36,40.0,Approved,Awarded,Low,25.0,Low,Initial Site Mobilization and Statutory Clearance Processing
Rajasthan,PRJ1062,Unnamed Infrastructure Project,Road Transport & Highways,Central Executing Agency,Ministry of Road Transport and Highways,100.0,100.0,0.0,0.0,0,36,40.0,Approved,Awarded,Low,25.0,Low,Initial Site Mobilization and Statutory Clearance Processing
Assam,PRJ1063,Unnamed Infrastructure Project,Road Transport & Highways,Central Executing Agency,Ministry of Road Transport and Highways,100.0,100.0,0.0,0.0,0,36,40.0,Approved,Awarded,Low,25.0,Low,Initial Site Mobilization and Statutory Clearance Processing
Uttar Pradesh,PRJ1064,Unnamed Infrastructure Project,Road Transport & Highways,Central Executing Agency,Ministry of Road Transport and Highways,100.0,100.0,0.0,0.0,0,36,40.0,Approved,Awarded,Low,25.0,Low,Initial Site Mobilization and Statutory Clearance Processing
Himachal Pradesh,PRJ1065,Unnamed Infrastructure Project,Road Transport & Highways,Central Executing Agency,Ministry of Road Transport and Highways,100.0,100.0,0.0,0.0,0,36,40.0,Approved,Awarded,Low,25.0,Low,Initial Site Mobilization and Statutory Clearance Processing
Madhya Pradesh,PRJ1066,Unnamed Infrastructure Project,Road Transport & Highways,Central Executing Agency,Ministry of Road Transport and Highways,100.0,100.0,0.0,0.0,0,36,40.0,Approved,Awarded,Low,25.0,Low,Initial Site Mobilization and Statutory Clearance Processing
Assam,PRJ1067,Unnamed Infrastructure Project,Road Transport & Highways,Central Executing Agency,Ministry of Road Transport and Highways,100.0,100.0,0.0,0.0,0,36,40.0,Approved,Awarded,Low,25.0,Low,Initial Site Mobilization and Statutory Clearance Processing
Assam,PRJ1068,Unnamed Infrastructure Project,Road Transport & Highways,Central Executing Agency,Ministry of Road Transport and Highways,100.0,100.0,0.0,0.0,0,36,40.0,Approved,Awarded,Low,25.0,Low,Initial Site Mobilization and Statutory Clearance Processing
Gujarat,PRJ1069,Unnamed Infrastructure Project,Road Transport & Highways,Central Executing Agency,Ministry of Road Transport and Highways,100.0,100.0,0.0,0.0,0,36,40.0,Approved,Awarded,Low,25.0,Low,Initial Site Mobilization and Statutory Clearance Processing
Bihar,PRJ1070,Unnamed Infrastructure Project,Road Transport & Highways,Central Executing Agency,Ministry of Road Transport and Highways,100.0,100.0,0.0,0.0,0,36,40.0,Approved,Awarded,Low,25.0,Low,Initial Site Mobilization and Statutory Clearance Processing
Tamil Nadu,PRJ1071,Unnamed Infrastructure Project,Road Transport & Highways,Central Executing Agency,Ministry of Road Transport and Highways,100.0,100.0,0.0,0.0,0,36,40.0,Approved,Awarded,Low,25.0,Low,Initial Site Mobilization and Statutory Clearance Processing
Tamil Nadu,PRJ1072,Unnamed Infrastructure Project,Road Transport & Highways,Central Executing Agency,Ministry of Road Transport and Highways,100.0,100.0,0.0,0.0,0,36,40.0,Approved,Awarded,Low,25.0,Low,Initial Site Mobilization and Statutory Clearance Processing
Tamil Nadu,PRJ1073,Unnamed Infrastructure Project,Road Transport & Highways,Central Executing Agency,Ministry of Road Transport and Highways,100.0,100.0,0.0,0.0,0,36,40.0,Approved,Awarded,Low,25.0,Low,Initial Site Mobilization and Statutory Clearance Processing
Tamil Nadu,PRJ1074,Unnamed Infrastructure Project,Road Transport & Highways,Central Executing Agency,Ministry of Road Transport and Highways,100.0,100.0,0.0,0.0,0,36,40.0,Approved,Awarded,Low,25.0,Low,Initial Site Mobilization and Statutory Clearance Processing
Maharashtra,PRJ1075,Unnamed Infrastructure Project,Road Transport & Highways,Central Executing Agency,Ministry of Road Transport and Highways,100.0,100.0,0.0,0.0,0,36,40.0,Approved,Awarded,Low,25.0,Low,Initial Site Mobilization and Statutory Clearance Processing
Tamil Nadu,PRJ1076,Unnamed Infrastructure Project,Road Transport & Highways,Central Executing Agency,Ministry of Road Transport and Highways,100.0,100.0,0.0,0.0,0,36,40.0,Approved,Awarded,Low,25.0,Low,Initial Site Mobilization and Statutory Clearance Processing
Gujarat,PRJ1077,Unnamed Infrastructure Project,Road Transport & Highways,Central Executing Agency,Ministry of Road Transport and Highways,100.0,100.0,0.0,0.0,0,36,40.0,Approved,Awarded,Low,25.0,Low,Initial Site Mobilization and Statutory Clearance Processing
Rajasthan,PRJ1078,Unnamed Infrastructure Project,Road Transport & Highways,Central Executing Agency,Ministry of Road Transport and Highways,100.0,100.0,0.0,0.0,0,36,40.0,Approved,Awarded,Low,25.0,Low,Initial Site Mobilization and Statutory Clearance Processing
Uttar Pradesh,PRJ1079,Unnamed Infrastructure Project,Road Transport & Highways,Central Executing Agency,Ministry of Road Transport and Highways,100.0,100.0,0.0,0.0,0,36,40.0,Approved,Awarded,Low,25.0,Low,Initial Site Mobilization and Statutory Clearance Processing
Bihar,PRJ1080,Unnamed Infrastructure Project,Road Transport & Highways,Central Executing Agency,Ministry of Road Transport and Highways,100.0,100.0,0.0,0.0,0,36,40.0,Approved,Awarded,Low,25.0,Low,Initial Site Mobilization and Statutory Clearance Processing
Uttar Pradesh,PRJ1081,Unnamed Infrastructure Project,Road Transport & Highways,Central Executing Agency,Ministry of Road Transport and Highways,100.0,100.0,0.0,0.0,0,36,40.0,Approved,Awarded,Low,25.0,Low,Initial Site Mobilization and Statutory Clearance Processing
Ladakh,PRJ1082,Unnamed Infrastructure Project,Road Transport & Highways,Central Executing Agency,Ministry of Road Transport and Highways,100.0,100.0,0.0,0.0,0,36,40.0,Approved,Awarded,Low,25.0,Low,Initial Site Mobilization and Statutory Clearance Processing
Madhya Pradesh,PRJ1083,Unnamed Infrastructure Project,Road Transport & Highways,Central Executing Agency,Ministry of Road Transport and Highways,100.0,100.0,0.0,0.0,0,36,40.0,Approved,Awarded,Low,25.0,Low,Initial Site Mobilization and Statutory Clearance Processing
Uttar Pradesh,PRJ1084,Unnamed Infrastructure Project,Road Transport & Highways,Central Executing Agency,Ministry of Road Transport and Highways,100.0,100.0,0.0,0.0,0,36,40.0,Approved,Awarded,Low,25.0,Low,Initial Site Mobilization and Statutory Clearance Processing
Uttar Pradesh,PRJ1085,Unnamed Infrastructure Project,Road Transport & Highways,Central Executing Agency,Ministry of Road Transport and Highways,100.0,100.0,0.0,0.0,0,36,40.0,Approved,Awarded,Low,25.0,Low,Initial Site Mobilization and Statutory Clearance Processing
Uttar Pradesh,PRJ1086,Unnamed Infrastructure Project,Road Transport & Highways,Central Executing Agency,Ministry of Road Transport and Highways,100.0,100.0,0.0,0.0,0,36,40.0,Approved,Awarded,Low,25.0,Low,Initial Site Mobilization and Statutory Clearance Processing
Uttar Pradesh,PRJ1087,Unnamed Infrastructure Project,Road Transport & Highways,Central Executing Agency,Ministry of Road Transport and Highways,100.0,100.0,0.0,0.0,0,36,40.0,Approved,Awarded,Low,25.0,Low,Initial Site Mobilization and Statutory Clearance Processing
Uttar Pradesh,PRJ1088,Unnamed Infrastructure Project,Road Transport & Highways,Central Executing Agency,Ministry of Road Transport and Highways,100.0,100.0,0.0,0.0,0,36,40.0,Approved,Awarded,Low,25.0,Low,Initial Site Mobilization and Statutory Clearance Processing
Madhya Pradesh,PRJ1089,Unnamed Infrastructure Project,Road Transport & Highways,Central Executing Agency,Ministry of Road Transport and Highways,100.0,100.0,0.0,0.0,0,36,40.0,Approved,Awarded,Low,25.0,Low,Initial Site Mobilization and Statutory Clearance Processing
Uttarakhand,PRJ1090,Unnamed Infrastructure Project,Road Transport & Highways,Central Executing Agency,Ministry of Road Transport and Highways,100.0,100.0,0.0,0.0,0,36,40.0,Approved,Awarded,Low,25.0,Low,Initial Site Mobilization and Statutory Clearance Processing
Uttar Pradesh,PRJ1091,Unnamed Infrastructure Project,Road Transport & Highways,Central Executing Agency,Ministry of Road Transport and Highways,100.0,100.0,0.0,0.0,0,36,40.0,Approved,Awarded,Low,25.0,Low,Initial Site Mobilization and Statutory Clearance Processing
Uttar Pradesh,PRJ1092,Unnamed Infrastructure Project,Road Transport & Highways,Central Executing Agency,Ministry of Road Transport and Highways,100.0,100.0,0.0,0.0,0,36,40.0,Approved,Awarded,Low,25.0,Low,Initial Site Mobilization and Statutory Clearance Processing
Jammu & Kashmir,PRJ1093,Unnamed Infrastructure Project,Road Transport & Highways,Central Executing Agency,Ministry of Road Transport and Highways,100.0,100.0,0.0,0.0,0,36,40.0,Approved,Awarded,Low,25.0,Low,Initial Site Mobilization and Statutory Clearance Processing
Telangana,PRJ1094,Unnamed Infrastructure Project,Road Transport & Highways,Central Executing Agency,Ministry of Road Transport and Highways,100.0,100.0,0.0,0.0,0,36,40.0,Approved,Awarded,Low,25.0,Low,Initial Site Mobilization and Statutory Clearance Processing
Madhya Pradesh,PRJ1095,Unnamed Infrastructure Project,Road Transport & Highways,Central Executing Agency,Ministry of Road Transport and Highways,100.0,100.0,0.0,0.0,0,36,40.0,Approved,Awarded,Low,25.0,Low,Initial Site Mobilization and Statutory Clearance Processing
Jharkhand,PRJ1096,Unnamed Infrastructure Project,Road Transport & Highways,Central Executing Agency,Ministry of Road Transport and Highways,100.0,100.0,0.0,0.0,0,36,40.0,Approved,Awarded,Low,25.0,Low,Initial Site Mobilization and Statutory Clearance Processing
Jharkhand,PRJ1097,Unnamed Infrastructure Project,Road Transport & Highways,Central Executing Agency,Ministry of Road Transport and Highways,100.0,100.0,0.0,0.0,0,36,40.0,Approved,Awarded,Low,25.0,Low,Initial Site Mobilization and Statutory Clearance Processing
Maharashtra,PRJ1098,Unnamed Infrastructure Project,Road Transport & Highways,Central Executing Agency,Ministry of Road Transport and Highways,100.0,100.0,0.0,0.0,0,36,40.0,Approved,Awarded,Low,25.0,Low,Initial Site Mobilization and Statutory Clearance Processing
Karnataka,PRJ1099,Unnamed Infrastructure Project,Road Transport & Highways,Central Executing Agency,Ministry of Road Transport and Highways,100.0,100.0,0.0,0.0,0,36,40.0,Approved,Awarded,Low,25.0,Low,Initial Site Mobilization and Statutory Clearance Processing
Kerala,PRJ1100,Unnamed Infrastructure Project,Road Transport & Highways,Central Executing Agency,Ministry of Road Transport and Highways,100.0,100.0,0.0,0.0,0,36,40.0,Approved,Awarded,Low,25.0,Low,Initial Site Mobilization and Statutory Clearance Processing
Tamil Nadu,PRJ1101,Unnamed Infrastructure Project,Road Transport & Highways,Central Executing Agency,Ministry of Road Transport and Highways,100.0,100.0,0.0,0.0,0,36,40.0,Approved,Awarded,Low,25.0,Low,Initial Site Mobilization and Statutory Clearance Processing
Jammu & Kashmir,PRJ1102,Unnamed Infrastructure Project,Road Transport & Highways,Central Executing Agency,Ministry of Road Transport and Highways,100.0,100.0,0.0,0.0,0,36,40.0,Approved,Awarded,Low,25.0,Low,Initial Site Mobilization and Statutory Clearance Processing
Chhattisgarh,PRJ1103,Unnamed Infrastructure Project,Road Transport & Highways,Central Executing Agency,Ministry of Road Transport and Highways,100.0,100.0,0.0,0.0,0,36,40.0,Approved,Awarded,Low,25.0,Low,Initial Site Mobilization and Statutory Clearance Processing
Madhya Pradesh,PRJ1104,Unnamed Infrastructure Project,Road Transport & Highways,Central Executing Agency,Ministry of Road Transport and Highways,100.0,100.0,0.0,0.0,0,36,40.0,Approved,Awarded,Low,25.0,Low,Initial Site Mobilization and Statutory Clearance Processing
Madhya Pradesh,PRJ1105,Unnamed Infrastructure Project,Road Transport & Highways,Central Executing Agency,Ministry of Road Transport and Highways,100.0,100.0,0.0,0.0,0,36,40.0,Approved,Awarded,Low,25.0,Low,Initial Site Mobilization and Statutory Clearance Processing
Sikkim,PRJ1106,Unnamed Infrastructure Project,Road Transport & Highways,Central Executing Agency,Ministry of Road Transport and Highways,100.0,100.0,0.0,0.0,0,36,40.0,Approved,Awarded,Low,25.0,Low,Initial Site Mobilization and Statutory Clearance Processing
Uttar Pradesh,PRJ1107,Unnamed Infrastructure Project,Road Transport & Highways,Central Executing Agency,Ministry of Road Transport and Highways,100.0,100.0,0.0,0.0,0,36,40.0,Approved,Awarded,Low,25.0,Low,Initial Site Mobilization and Statutory Clearance Processing
Rajasthan,PRJ1108,Unnamed Infrastructure Project,Road Transport & Highways,Central Executing Agency,Ministry of Road Transport and Highways,100.0,100.0,0.0,0.0,0,36,40.0,Approved,Awarded,Low,25.0,Low,Initial Site Mobilization and Statutory Clearance Processing
Uttar Pradesh,PRJ1109,Unnamed Infrastructure Project,Road Transport & Highways,Central Executing Agency,Ministry of Road Transport and Highways,100.0,100.0,0.0,0.0,0,36,40.0,Approved,Awarded,Low,25.0,Low,Initial Site Mobilization and Statutory Clearance Processing
Uttar Pradesh,PRJ1110,Unnamed Infrastructure Project,Road Transport & Highways,Central Executing Agency,Ministry of Road Transport and Highways,100.0,100.0,0.0,0.0,0,36,40.0,Approved,Awarded,Low,25.0,Low,Initial Site Mobilization and Statutory Clearance Processing
West Bengal,PRJ1111,Unnamed Infrastructure Project,Road Transport & Highways,Central Executing Agency,Ministry of Road Transport and Highways,100.0,100.0,0.0,0.0,0,36,40.0,Approved,Awarded,Low,25.0,Low,Initial Site Mobilization and Statutory Clearance Processing
Odisha,PRJ1112,Unnamed Infrastructure Project,Road Transport & Highways,Central Executing Agency,Ministry of Road Transport and Highways,100.0,100.0,0.0,0.0,0,36,40.0,Approved,Awarded,Low,25.0,Low,Initial Site Mobilization and Statutory Clearance Processing
Andhra Pradesh,PRJ1113,Unnamed Infrastructure Project,Road Transport & Highways,Central Executing Agency,Ministry of Road Transport and Highways,100.0,100.0,0.0,0.0,0,36,40.0,Approved,Awarded,Low,25.0,Low,Initial Site Mobilization and Statutory Clearance Processing
Madhya Pradesh,PRJ1114,Unnamed Infrastructure Project,Road Transport & Highways,Central Executing Agency,Ministry of Road Transport and Highways,100.0,100.0,0.0,0.0,0,36,40.0,Approved,Awarded,Low,25.0,Low,Initial Site Mobilization and Statutory Clearance Processing
Sikkim,PRJ1115,Unnamed Infrastructure Project,Road Transport & Highways,Central Executing Agency,Ministry of Road Transport and Highways,100.0,100.0,0.0,0.0,0,36,40.0,Approved,Awarded,Low,25.0,Low,Initial Site Mobilization and Statutory Clearance Processing
Jammu & Kashmir,PRJ1116,Unnamed Infrastructure Project,Road Transport & Highways,Central Executing Agency,Ministry of Road Transport and Highways,100.0,100.0,0.0,0.0,0,36,40.0,Approved,Awarded,Low,25.0,Low,Initial Site Mobilization and Statutory Clearance Processing
Madhya Pradesh,PRJ1117,Unnamed Infrastructure Project,Road Transport & Highways,Central Executing Agency,Ministry of Road Transport and Highways,100.0,100.0,0.0,0.0,0,36,40.0,Approved,Awarded,Low,25.0,Low,Initial Site Mobilization and Statutory Clearance Processing
Odisha,PRJ1118,Unnamed Infrastructure Project,Road Transport & Highways,Central Executing Agency,Ministry of Road Transport and Highways,100.0,100.0,0.0,0.0,0,36,40.0,Approved,Awarded,Low,25.0,Low,Initial Site Mobilization and Statutory Clearance Processing
Odisha,PRJ1119,Unnamed Infrastructure Project,Road Transport & Highways,Central Executing Agency,Ministry of Road Transport and Highways,100.0,100.0,0.0,0.0,0,36,40.0,Approved,Awarded,Low,25.0,Low,Initial Site Mobilization and Statutory Clearance Processing
Jharkhand,PRJ1120,Unnamed Infrastructure Project,Road Transport & Highways,Central Executing Agency,Ministry of Road Transport and Highways,100.0,100.0,0.0,0.0,0,36,40.0,Approved,Awarded,Low,25.0,Low,Initial Site Mobilization and Statutory Clearance Processing
Madhya Pradesh,PRJ1121,Unnamed Infrastructure Project,Road Transport & Highways,Central Executing Agency,Ministry of Road Transport and Highways,100.0,100.0,0.0,0.0,0,36,40.0,Approved,Awarded,Low,25.0,Low,Initial Site Mobilization and Statutory Clearance Processing
Delhi,PRJ1122,Unnamed Infrastructure Project,Road Transport & Highways,Central Executing Agency,Ministry of Road Transport and Highways,100.0,100.0,0.0,0.0,0,36,40.0,Approved,Awarded,Low,25.0,Low,Initial Site Mobilization and Statutory Clearance Processing
Delhi,PRJ1123,Unnamed Infrastructure Project,Road Transport & Highways,Central Executing Agency,Ministry of Road Transport and Highways,100.0,100.0,0.0,0.0,0,36,40.0,Approved,Awarded,Low,25.0,Low,Initial Site Mobilization and Statutory Clearance Processing
Delhi,PRJ1124,Unnamed Infrastructure Project,Road Transport & Highways,Central Executing Agency,Ministry of Road Transport and Highways,100.0,100.0,0.0,0.0,0,36,40.0,Approved,Awarded,Low,25.0,Low,Initial Site Mobilization and Statutory Clearance Processing
Delhi,PRJ1125,Unnamed Infrastructure Project,Road Transport & Highways,Central Executing Agency,Ministry of Road Transport and Highways,100.0,100.0,0.0,0.0,0,36,40.0,Approved,Awarded,Low,25.0,Low,Initial Site Mobilization and Statutory Clearance Processing
Delhi,PRJ1126,Unnamed Infrastructure Project,Road Transport & Highways,Central Executing Agency,Ministry of Road Transport and Highways,100.0,100.0,0.0,0.0,0,36,40.0,Approved,Awarded,Low,25.0,Low,Initial Site Mobilization and Statutory Clearance Processing
Delhi,PRJ1127,Unnamed Infrastructure Project,Road Transport & Highways,Central Executing Agency,Ministry of Road Transport and Highways,100.0,100.0,0.0,0.0,0,36,40.0,Approved,Awarded,Low,25.0,Low,Initial Site Mobilization and Statutory Clearance Processing
Delhi,PRJ1128,Unnamed Infrastructure Project,Road Transport & Highways,Central Executing Agency,Ministry of Road Transport and Highways,100.0,100.0,0.0,0.0,0,36,40.0,Approved,Awarded,Low,25.0,Low,Initial Site Mobilization and Statutory Clearance Processing
Delhi,PRJ1129,Unnamed Infrastructure Project,Road Transport & Highways,Central Executing Agency,Ministry of Road Transport and Highways,100.0,100.0,0.0,0.0,0,36,40.0,Approved,Awarded,Low,25.0,Low,Initial Site Mobilization and Statutory Clearance Processing
Delhi,PRJ1130,Unnamed Infrastructure Project,Road Transport & Highways,Central Executing Agency,Ministry of Road Transport and Highways,100.0,100.0,0.0,0.0,0,36,40.0,Approved,Awarded,Low,25.0,Low,Initial Site Mobilization and Statutory Clearance Processing
Delhi,PRJ1131,Unnamed Infrastructure Project,Road Transport & Highways,Central Executing Agency,Ministry of Road Transport and Highways,100.0,100.0,0.0,0.0,0,36,40.0,Approved,Awarded,Low,25.0,Low,Initial Site Mobilization and Statutory Clearance Processing
Delhi,PRJ1132,Unnamed Infrastructure Project,Road Transport & Highways,Central Executing Agency,Ministry of Road Transport and Highways,100.0,100.0,0.0,0.0,0,36,40.0,Approved,Awarded,Low,25.0,Low,Initial Site Mobilization and Statutory Clearance Processing
Delhi,PRJ1133,Unnamed Infrastructure Project,Road Transport & Highways,Central Executing Agency,Ministry of Road Transport and Highways,100.0,100.0,0.0,0.0,0,36,40.0,Approved,Awarded,Low,25.0,Low,Initial Site Mobilization and Statutory Clearance Processing
Delhi,PRJ1134,Unnamed Infrastructure Project,Road Transport & Highways,Central Executing Agency,Ministry of Road Transport and Highways,100.0,100.0,0.0,0.0,0,36,40.0,Approved,Awarded,Low,25.0,Low,Initial Site Mobilization and Statutory Clearance Processing
Delhi,PRJ1135,Unnamed Infrastructure Project,Road Transport & Highways,Central Executing Agency,Ministry of Road Transport and Highways,100.0,100.0,0.0,0.0,0,36,40.0,Approved,Awarded,Low,25.0,Low,Initial Site Mobilization and Statutory Clearance Processing
Delhi,PRJ1136,Unnamed Infrastructure Project,Road Transport & Highways,Central Executing Agency,Ministry of Road Transport and Highways,100.0,100.0,0.0,0.0,0,36,40.0,Approved,Awarded,Low,25.0,Low,Initial Site Mobilization and Statutory Clearance Processing
Delhi,PRJ1137,Unnamed Infrastructure Project,Road Transport & Highways,Central Executing Agency,Ministry of Road Transport and Highways,100.0,100.0,0.0,0.0,0,36,40.0,Approved,Awarded,Low,25.0,Low,Initial Site Mobilization and Statutory Clearance Processing
Gujarat,PRJ1138,Unnamed Infrastructure Project,Road Transport & Highways,Central Executing Agency,Ministry of Road Transport and Highways,100.0,100.0,0.0,0.0,0,36,40.0,Approved,Awarded,Low,25.0,Low,Initial Site Mobilization and Statutory Clearance Processing
Gujarat,PRJ1139,Unnamed Infrastructure Project,Road Transport & Highways,Central Executing Agency,Ministry of Road Transport and Highways,100.0,100.0,0.0,0.0,0,36,40.0,Approved,Awarded,Low,25.0,Low,Initial Site Mobilization and Statutory Clearance Processing
Tamil Nadu,PRJ1140,Unnamed Infrastructure Project,Road Transport & Highways,Central Executing Agency,Ministry of Road Transport and Highways,100.0,100.0,0.0,0.0,0,36,40.0,Approved,Awarded,Low,25.0,Low,Initial Site Mobilization and Statutory Clearance Processing
Delhi,PRJ1141,Unnamed Infrastructure Project,Road Transport & Highways,Central Executing Agency,Ministry of Road Transport and Highways,100.0,100.0,0.0,0.0,0,36,40.0,Approved,Awarded,Low,25.0,Low,Initial Site Mobilization and Statutory Clearance Processing
Punjab,PRJ1142,Unnamed Infrastructure Project,Road Transport & Highways,Central Executing Agency,Ministry of Road Transport and Highways,100.0,100.0,0.0,0.0,0,36,40.0,Approved,Awarded,Low,25.0,Low,Initial Site Mobilization and Statutory Clearance Processing
Karnataka,PRJ1143,Unnamed Infrastructure Project,Road Transport & Highways,Central Executing Agency,Ministry of Road Transport and Highways,100.0,100.0,0.0,0.0,0,36,40.0,Approved,Awarded,Low,25.0,Low,Initial Site Mobilization and Statutory Clearance Processing
Odisha,PRJ1144,Unnamed Infrastructure Project,Road Transport & Highways,Central Executing Agency,Ministry of Road Transport and Highways,100.0,100.0,0.0,0.0,0,36,40.0,Approved,Awarded,Low,25.0,Low,Initial Site Mobilization and Statutory Clearance Processing
Andhra Pradesh,PRJ1145,Unnamed Infrastructure Project,Road Transport & Highways,Central Executing Agency,Ministry of Road Transport and Highways,100.0,100.0,0.0,0.0,0,36,40.0,Approved,Awarded,Low,25.0,Low,Initial Site Mobilization and Statutory Clearance Processing
West Bengal,PRJ1146,Unnamed Infrastructure Project,Road Transport & Highways,Central Executing Agency,Ministry of Road Transport and Highways,100.0,100.0,0.0,0.0,0,36,40.0,Approved,Awarded,Low,25.0,Low,Initial Site Mobilization and Statutory Clearance Processing
Assam,PRJ1147,Unnamed Infrastructure Project,Road Transport & Highways,Central Executing Agency,Ministry of Road Transport and Highways,100.0,100.0,0.0,0.0,0,36,40.0,Approved,Awarded,Low,25.0,Low,Initial Site Mobilization and Statutory Clearance Processing
Punjab,PRJ1148,Unnamed Infrastructure Project,Road Transport & Highways,Central Executing Agency,Ministry of Road Transport and Highways,100.0,100.0,0.0,0.0,0,36,40.0,Approved,Awarded,Low,25.0,Low,Initial Site Mobilization and Statutory Clearance Processing
West Bengal,PRJ1149,Unnamed Infrastructure Project,Road Transport & Highways,Central Executing Agency,Ministry of Road Transport and Highways,100.0,100.0,0.0,0.0,0,36,40.0,Approved,Awarded,Low,25.0,Low,Initial Site Mobilization and Statutory Clearance Processing
West Bengal,PRJ1150,Unnamed Infrastructure Project,Road Transport & Highways,Central Executing Agency,Ministry of Road Transport and Highways,100.0,100.0,0.0,0.0,0,36,40.0,Approved,Awarded,Low,25.0,Low,Initial Site Mobilization and Statutory Clearance Processing
Maharashtra,PRJ1151,Unnamed Infrastructure Project,Road Transport & Highways,Central Executing Agency,Ministry of Road Transport and Highways,100.0,100.0,0.0,0.0,0,36,40.0,Approved,Awarded,Low,25.0,Low,Initial Site Mobilization and Statutory Clearance Processing
Madhya Pradesh,PRJ1152,Unnamed Infrastructure Project,Road Transport & Highways,Central Executing Agency,Ministry of Road Transport and Highways,100.0,100.0,0.0,0.0,0,36,40.0,Approved,Awarded,Low,25.0,Low,Initial Site Mobilization and Statutory Clearance Processing
Madhya Pradesh,PRJ1153,Unnamed Infrastructure Project,Road Transport & Highways,Central Executing Agency,Ministry of Road Transport and Highways,100.0,100.0,0.0,0.0,0,36,40.0,Approved,Awarded,Low,25.0,Low,Initial Site Mobilization and Statutory Clearance Processing
Maharashtra,PRJ1154,Unnamed Infrastructure Project,Road Transport & Highways,Central Executing Agency,Ministry of Road Transport and Highways,100.0,100.0,0.0,0.0,0,36,40.0,Approved,Awarded,Low,25.0,Low,Initial Site Mobilization and Statutory Clearance Processing
Chhattisgarh,PRJ1155,Unnamed Infrastructure Project,Road Transport & Highways,Central Executing Agency,Ministry of Road Transport and Highways,100.0,100.0,0.0,0.0,0,36,40.0,Approved,Awarded,Low,25.0,Low,Initial Site Mobilization and Statutory Clearance Processing
Chhattisgarh,PRJ1156,Unnamed Infrastructure Project,Road Transport & Highways,Central Executing Agency,Ministry of Road Transport and Highways,100.0,100.0,0.0,0.0,0,36,40.0,Approved,Awarded,Low,25.0,Low,Initial Site Mobilization and Statutory Clearance Processing
Gujarat,PRJ1157,Unnamed Infrastructure Project,Road Transport & Highways,Central Executing Agency,Ministry of Road Transport and Highways,100.0,100.0,0.0,0.0,0,36,40.0,Approved,Awarded,Low,25.0,Low,Initial Site Mobilization and Statutory Clearance Processing
Madhya Pradesh,PRJ1158,Unnamed Infrastructure Project,Road Transport & Highways,Central Executing Agency,Ministry of Road Transport and Highways,100.0,100.0,0.0,0.0,0,36,40.0,Approved,Awarded,Low,25.0,Low,Initial Site Mobilization and Statutory Clearance Processing
Bihar,PRJ1159,Unnamed Infrastructure Project,Road Transport & Highways,Central Executing Agency,Ministry of Road Transport and Highways,100.0,100.0,0.0,0.0,0,36,40.0,Approved,Awarded,Low,25.0,Low,Initial Site Mobilization and Statutory Clearance Processing
Uttar Pradesh,PRJ1160,Unnamed Infrastructure Project,Road Transport & Highways,Central Executing Agency,Ministry of Road Transport and Highways,100.0,100.0,0.0,0.0,0,36,40.0,Approved,Awarded,Low,25.0,Low,Initial Site Mobilization and Statutory Clearance Processing
Andhra Pradesh,PRJ1161,Unnamed Infrastructure Project,Road Transport & Highways,Central Executing Agency,Ministry of Road Transport and Highways,100.0,100.0,0.0,0.0,0,36,40.0,Approved,Awarded,Low,25.0,Low,Initial Site Mobilization and Statutory Clearance Processing
Uttar Pradesh,PRJ1162,Unnamed Infrastructure Project,Road Transport & Highways,Central Executing Agency,Ministry of Road Transport and Highways,100.0,100.0,0.0,0.0,0,36,40.0,Approved,Awarded,Low,25.0,Low,Initial Site Mobilization and Statutory Clearance Processing
Bihar,PRJ1163,Unnamed Infrastructure Project,Road Transport & Highways,Central Executing Agency,Ministry of Road Transport and Highways,100.0,100.0,0.0,0.0,0,36,40.0,Approved,Awarded,Low,25.0,Low,Initial Site Mobilization and Statutory Clearance Processing
Kerala,PRJ1164,Unnamed Infrastructure Project,Road Transport & Highways,Central Executing Agency,Ministry of Road Transport and Highways,100.0,100.0,0.0,0.0,0,36,40.0,Approved,Awarded,Low,25.0,Low,Initial Site Mobilization and Statutory Clearance Processing
Assam,PRJ1165,Unnamed Infrastructure Project,Road Transport & Highways,Central Executing Agency,Ministry of Road Transport and Highways,100.0,100.0,0.0,0.0,0,36,40.0,Approved,Awarded,Low,25.0,Low,Initial Site Mobilization and Statutory Clearance Processing
Uttarakhand,PRJ1166,Unnamed Infrastructure Project,Road Transport & Highways,Central Executing Agency,Ministry of Road Transport and Highways,100.0,100.0,0.0,0.0,0,36,40.0,Approved,Awarded,Low,25.0,Low,Initial Site Mobilization and Statutory Clearance Processing
Bihar,PRJ1167,Unnamed Infrastructure Project,Road Transport & Highways,Central Executing Agency,Ministry of Road Transport and Highways,100.0,100.0,0.0,0.0,0,36,40.0,Approved,Awarded,Low,25.0,Low,Initial Site Mobilization and Statutory Clearance Processing
Karnataka,PRJ1168,Unnamed Infrastructure Project,Road Transport & Highways,Central Executing Agency,Ministry of Road Transport and Highways,100.0,100.0,0.0,0.0,0,36,40.0,Approved,Awarded,Low,25.0,Low,Initial Site Mobilization and Statutory Clearance Processing
Madhya Pradesh,PRJ1169,Unnamed Infrastructure Project,Road Transport & Highways,Central Executing Agency,Ministry of Road Transport and Highways,100.0,100.0,0.0,0.0,0,36,40.0,Approved,Awarded,Low,25.0,Low,Initial Site Mobilization and Statutory Clearance Processing
Andhra Pradesh,PRJ1170,Unnamed Infrastructure Project,Road Transport & Highways,Central Executing Agency,Ministry of Road Transport and Highways,100.0,100.0,0.0,0.0,0,36,40.0,Approved,Awarded,Low,25.0,Low,Initial Site Mobilization and Statutory Clearance Processing
Jharkhand,PRJ1171,Unnamed Infrastructure Project,Road Transport & Highways,Central Executing Agency,Ministry of Road Transport and Highways,100.0,100.0,0.0,0.0,0,36,40.0,Approved,Awarded,Low,25.0,Low,Initial Site Mobilization and Statutory Clearance Processing
Delhi,PRJ1172,Unnamed Infrastructure Project,Road Transport & Highways,Central Executing Agency,Ministry of Road Transport and Highways,100.0,100.0,0.0,0.0,0,36,40.0,Approved,Awarded,Low,25.0,Low,Initial Site Mobilization and Statutory Clearance Processing
Gujarat,PRJ1173,Unnamed Infrastructure Project,Road Transport & Highways,Central Executing Agency,Ministry of Road Transport and Highways,100.0,100.0,0.0,0.0,0,36,40.0,Approved,Awarded,Low,25.0,Low,Initial Site Mobilization and Statutory Clearance Processing
Rajasthan,PRJ1174,Unnamed Infrastructure Project,Road Transport & Highways,Central Executing Agency,Ministry of Road Transport and Highways,100.0,100.0,0.0,0.0,0,36,40.0,Approved,Awarded,Low,25.0,Low,Initial Site Mobilization and Statutory Clearance Processing
Assam,PRJ1175,Unnamed Infrastructure Project,Road Transport & Highways,Central Executing Agency,Ministry of Road Transport and Highways,100.0,100.0,0.0,0.0,0,36,40.0,Approved,Awarded,Low,25.0,Low,Initial Site Mobilization and Statutory Clearance Processing
Odisha,PRJ1176,Unnamed Infrastructure Project,Road Transport & Highways,Central Executing Agency,Ministry of Road Transport and Highways,100.0,100.0,0.0,0.0,0,36,40.0,Approved,Awarded,Low,25.0,Low,Initial Site Mobilization and Statutory Clearance Processing
Karnataka,PRJ1177,Unnamed Infrastructure Project,Road Transport & Highways,Central Executing Agency,Ministry of Road Transport and Highways,100.0,100.0,0.0,0.0,0,36,40.0,Approved,Awarded,Low,25.0,Low,Initial Site Mobilization and Statutory Clearance Processing
West Bengal,PRJ1178,Unnamed Infrastructure Project,Road Transport & Highways,Central Executing Agency,Ministry of Road Transport and Highways,100.0,100.0,0.0,0.0,0,36,40.0,Approved,Awarded,Low,25.0,Low,Initial Site Mobilization and Statutory Clearance Processing
Telangana,PRJ1179,Unnamed Infrastructure Project,Road Transport & Highways,Central Executing Agency,Ministry of Road Transport and Highways,100.0,100.0,0.0,0.0,0,36,40.0,Approved,Awarded,Low,25.0,Low,Initial Site Mobilization and Statutory Clearance Processing
Kerala,PRJ1180,Unnamed Infrastructure Project,Road Transport & Highways,Central Executing Agency,Ministry of Road Transport and Highways,100.0,100.0,0.0,0.0,0,36,40.0,Approved,Awarded,Low,25.0,Low,Initial Site Mobilization and Statutory Clearance Processing
Madhya Pradesh,PRJ1181,Unnamed Infrastructure Project,Road Transport & Highways,Central Executing Agency,Ministry of Road Transport and Highways,100.0,100.0,0.0,0.0,0,36,40.0,Approved,Awarded,Low,25.0,Low,Initial Site Mobilization and Statutory Clearance Processing
Tripura,PRJ1182,Unnamed Infrastructure Project,Road Transport & Highways,Central Executing Agency,Ministry of Road Transport and Highways,100.0,100.0,0.0,0.0,0,36,40.0,Approved,Awarded,Low,25.0,Low,Initial Site Mobilization and Statutory Clearance Processing
Maharashtra,PRJ1183,Unnamed Infrastructure Project,Road Transport & Highways,Central Executing Agency,Ministry of Road Transport and Highways,100.0,100.0,0.0,0.0,0,36,40.0,Approved,Awarded,Low,25.0,Low,Initial Site Mobilization and Statutory Clearance Processing
Bihar,PRJ1184,Unnamed Infrastructure Project,Road Transport & Highways,Central Executing Agency,Ministry of Road Transport and Highways,100.0,100.0,0.0,0.0,0,36,40.0,Approved,Awarded,Low,25.0,Low,Initial Site Mobilization and Statutory Clearance Processing
Uttar Pradesh,PRJ1185,Unnamed Infrastructure Project,Road Transport & Highways,Central Executing Agency,Ministry of Road Transport and Highways,100.0,100.0,0.0,0.0,0,36,40.0,Approved,Awarded,Low,25.0,Low,Initial Site Mobilization and Statutory Clearance Processing
Uttar Pradesh,PRJ1186,Unnamed Infrastructure Project,Road Transport & Highways,Central Executing Agency,Ministry of Road Transport and Highways,100.0,100.0,0.0,0.0,0,36,40.0,Approved,Awarded,Low,25.0,Low,Initial Site Mobilization and Statutory Clearance Processing
Uttar Pradesh,PRJ1187,Unnamed Infrastructure Project,Road Transport & Highways,Central Executing Agency,Ministry of Road Transport and Highways,100.0,100.0,0.0,0.0,0,36,40.0,Approved,Awarded,Low,25.0,Low,Initial Site Mobilization and Statutory Clearance Processing
Uttar Pradesh,PRJ1188,Unnamed Infrastructure Project,Road Transport & Highways,Central Executing Agency,Ministry of Road Transport and Highways,100.0,100.0,0.0,0.0,0,36,40.0,Approved,Awarded,Low,25.0,Low,Initial Site Mobilization and Statutory Clearance Processing
Uttar Pradesh,PRJ1189,Unnamed Infrastructure Project,Road Transport & Highways,Central Executing Agency,Ministry of Road Transport and Highways,100.0,100.0,0.0,0.0,0,36,40.0,Approved,Awarded,Low,25.0,Low,Initial Site Mobilization and Statutory Clearance Processing
Uttar Pradesh,PRJ1190,Unnamed Infrastructure Project,Road Transport & Highways,Central Executing Agency,Ministry of Road Transport and Highways,100.0,100.0,0.0,0.0,0,36,40.0,Approved,Awarded,Low,25.0,Low,Initial Site Mobilization and Statutory Clearance Processing
Karnataka,PRJ1191,Unnamed Infrastructure Project,Road Transport & Highways,Central Executing Agency,Ministry of Road Transport and Highways,100.0,100.0,0.0,0.0,0,36,40.0,Approved,Awarded,Low,25.0,Low,Initial Site Mobilization and Statutory Clearance Processing
Uttar Pradesh,PRJ1192,Unnamed Infrastructure Project,Road Transport & Highways,Central Executing Agency,Ministry of Road Transport and Highways,100.0,100.0,0.0,0.0,0,36,40.0,Approved,Awarded,Low,25.0,Low,Initial Site Mobilization and Statutory Clearance Processing
Uttar Pradesh,PRJ1193,Unnamed Infrastructure Project,Road Transport & Highways,Central Executing Agency,Ministry of Road Transport and Highways,100.0,100.0,0.0,0.0,0,36,40.0,Approved,Awarded,Low,25.0,Low,Initial Site Mobilization and Statutory Clearance Processing
West Bengal,PRJ1194,Unnamed Infrastructure Project,Road Transport & Highways,Central Executing Agency,Ministry of Road Transport and Highways,100.0,100.0,0.0,0.0,0,36,40.0,Approved,Awarded,Low,25.0,Low,Initial Site Mobilization and Statutory Clearance Processing
Meghalaya,PRJ1195,Unnamed Infrastructure Project,Road Transport & Highways,Central Executing Agency,Ministry of Road Transport and Highways,100.0,100.0,0.0,0.0,0,36,40.0,Approved,Awarded,Low,25.0,Low,Initial Site Mobilization and Statutory Clearance Processing
Tripura,PRJ1196,Unnamed Infrastructure Project,Road Transport & Highways,Central Executing Agency,Ministry of Road Transport and Highways,100.0,100.0,0.0,0.0,0,36,40.0,Approved,Awarded,Low,25.0,Low,Initial Site Mobilization and Statutory Clearance Processing
Tripura,PRJ1197,Unnamed Infrastructure Project,Road Transport & Highways,Central Executing Agency,Ministry of Road Transport and Highways,100.0,100.0,0.0,0.0,0,36,40.0,Approved,Awarded,Low,25.0,Low,Initial Site Mobilization and Statutory Clearance Processing
Tripura,PRJ1198,Unnamed Infrastructure Project,Road Transport & Highways,Central Executing Agency,Ministry of Road Transport and Highways,100.0,100.0,0.0,0.0,0,36,40.0,Approved,Awarded,Low,25.0,Low,Initial Site Mobilization and Statutory Clearance Processing
Tripura,PRJ1199,Unnamed Infrastructure Project,Road Transport & Highways,Central Executing Agency,Ministry of Road Transport and Highways,100.0,100.0,0.0,0.0,0,36,40.0,Approved,Awarded,Low,25.0,Low,Initial Site Mobilization and Statutory Clearance Processing
Meghalaya,PRJ1200,Unnamed Infrastructure Project,Road Transport & Highways,Central Executing Agency,Ministry of Road Transport and Highways,100.0,100.0,0.0,0.0,0,36,40.0,Approved,Awarded,Low,25.0,Low,Initial Site Mobilization and Statutory Clearance Processing
Madhya Pradesh,PRJ1201,Unnamed Infrastructure Project,Road Transport & Highways,Central Executing Agency,Ministry of Road Transport and Highways,100.0,100.0,0.0,0.0,0,36,40.0,Approved,Awarded,Low,25.0,Low,Initial Site Mobilization and Statutory Clearance Processing
Manipur,PRJ1202,Unnamed Infrastructure Project,Road Transport & Highways,Central Executing Agency,Ministry of Road Transport and Highways,100.0,100.0,0.0,0.0,0,36,40.0,Approved,Awarded,Low,25.0,Low,Initial Site Mobilization and Statutory Clearance Processing
Manipur,PRJ1203,Unnamed Infrastructure Project,Road Transport & Highways,Central Executing Agency,Ministry of Road Transport and Highways,100.0,100.0,0.0,0.0,0,36,40.0,Approved,Awarded,Low,25.0,Low,Initial Site Mobilization and Statutory Clearance Processing
Bihar,PRJ1204,Unnamed Infrastructure Project,Road Transport & Highways,Central Executing Agency,Ministry of Road Transport and Highways,100.0,100.0,0.0,0.0,0,36,40.0,Approved,Awarded,Low,25.0,Low,Initial Site Mobilization and Statutory Clearance Processing
Bihar,PRJ1205,Unnamed Infrastructure Project,Road Transport & Highways,Central Executing Agency,Ministry of Road Transport and Highways,100.0,100.0,0.0,0.0,0,36,40.0,Approved,Awarded,Low,25.0,Low,Initial Site Mobilization and Statutory Clearance Processing
Bihar,PRJ1206,Unnamed Infrastructure Project,Road Transport & Highways,Central Executing Agency,Ministry of Road Transport and Highways,100.0,100.0,0.0,0.0,0,36,40.0,Approved,Awarded,Low,25.0,Low,Initial Site Mobilization and Statutory Clearance Processing
Uttarakhand,PRJ1207,Unnamed Infrastructure Project,Road Transport & Highways,Central Executing Agency,Ministry of Road Transport and Highways,100.0,100.0,0.0,0.0,0,36,40.0,Approved,Awarded,Low,25.0,Low,Initial Site Mobilization and Statutory Clearance Processing
Himachal Pradesh,PRJ1208,Unnamed Infrastructure Project,Road Transport & Highways,Central Executing Agency,Ministry of Road Transport and Highways,100.0,100.0,0.0,0.0,0,36,40.0,Approved,Awarded,Low,25.0,Low,Initial Site Mobilization and Statutory Clearance Processing
Himachal Pradesh,PRJ1209,Unnamed Infrastructure Project,Road Transport & Highways,Central Executing Agency,Ministry of Road Transport and Highways,100.0,100.0,0.0,0.0,0,36,40.0,Approved,Awarded,Low,25.0,Low,Initial Site Mobilization and Statutory Clearance Processing
Himachal Pradesh,PRJ1210,Unnamed Infrastructure Project,Road Transport & Highways,Central Executing Agency,Ministry of Road Transport and Highways,100.0,100.0,0.0,0.0,0,36,40.0,Approved,Awarded,Low,25.0,Low,Initial Site Mobilization and Statutory Clearance Processing
Manipur,PRJ1211,Unnamed Infrastructure Project,Road Transport & Highways,Central Executing Agency,Ministry of Road Transport and Highways,100.0,100.0,0.0,0.0,0,36,40.0,Approved,Awarded,Low,25.0,Low,Initial Site Mobilization and Statutory Clearance Processing
Manipur,PRJ1212,Unnamed Infrastructure Project,Road Transport & Highways,Central Executing Agency,Ministry of Road Transport and Highways,100.0,100.0,0.0,0.0,0,36,40.0,Approved,Awarded,Low,25.0,Low,Initial Site Mobilization and Statutory Clearance Processing
Meghalaya,PRJ1213,Unnamed Infrastructure Project,Road Transport & Highways,Central Executing Agency,Ministry of Road Transport and Highways,100.0,100.0,0.0,0.0,0,36,40.0,Approved,Awarded,Low,25.0,Low,Initial Site Mobilization and Statutory Clearance Processing
Madhya Pradesh,PRJ1214,Unnamed Infrastructure Project,Road Transport & Highways,Central Executing Agency,Ministry of Road Transport and Highways,100.0,100.0,0.0,0.0,0,36,40.0,Approved,Awarded,Low,25.0,Low,Initial Site Mobilization and Statutory Clearance Processing
Chhattisgarh,PRJ1215,Unnamed Infrastructure Project,Road Transport & Highways,Central Executing Agency,Ministry of Road Transport and Highways,100.0,100.0,0.0,0.0,0,36,40.0,Approved,Awarded,Low,25.0,Low,Initial Site Mobilization and Statutory Clearance Processing
Jharkhand,PRJ1216,Unnamed Infrastructure Project,Road Transport & Highways,Central Executing Agency,Ministry of Road Transport and Highways,100.0,100.0,0.0,0.0,0,36,40.0,Approved,Awarded,Low,25.0,Low,Initial Site Mobilization and Statutory Clearance Processing
Madhya Pradesh,PRJ1217,Unnamed Infrastructure Project,Road Transport & Highways,Central Executing Agency,Ministry of Road Transport and Highways,100.0,100.0,0.0,0.0,0,36,40.0,Approved,Awarded,Low,25.0,Low,Initial Site Mobilization and Statutory Clearance Processing
Tamil Nadu,PRJ1218,Unnamed Infrastructure Project,Road Transport & Highways,Central Executing Agency,Ministry of Road Transport and Highways,100.0,100.0,0.0,0.0,0,36,40.0,Approved,Awarded,Low,25.0,Low,Initial Site Mobilization and Statutory Clearance Processing
Madhya Pradesh,PRJ1219,Unnamed Infrastructure Project,Road Transport & Highways,Central Executing Agency,Ministry of Road Transport and Highways,100.0,100.0,0.0,0.0,0,36,40.0,Approved,Awarded,Low,25.0,Low,Initial Site Mobilization and Statutory Clearance Processing
Madhya Pradesh,PRJ1220,Unnamed Infrastructure Project,Road Transport & Highways,Central Executing Agency,Ministry of Road Transport and Highways,100.0,100.0,0.0,0.0,0,36,40.0,Approved,Awarded,Low,25.0,Low,Initial Site Mobilization and Statutory Clearance Processing
Madhya Pradesh,PRJ1221,Unnamed Infrastructure Project,Road Transport & Highways,Central Executing Agency,Ministry of Road Transport and Highways,100.0,100.0,0.0,0.0,0,36,40.0,Approved,Awarded,Low,25.0,Low,Initial Site Mobilization and Statutory Clearance Processing
Madhya Pradesh,PRJ1222,Unnamed Infrastructure Project,Road Transport & Highways,Central Executing Agency,Ministry of Road Transport and Highways,100.0,100.0,0.0,0.0,0,36,40.0,Approved,Awarded,Low,25.0,Low,Initial Site Mobilization and Statutory Clearance Processing
Karnataka,PRJ1223,Unnamed Infrastructure Project,Road Transport & Highways,Central Executing Agency,Ministry of Road Transport and Highways,100.0,100.0,0.0,0.0,0,36,40.0,Approved,Awarded,Low,25.0,Low,Initial Site Mobilization and Statutory Clearance Processing
Jammu & Kashmir,PRJ1224,Unnamed Infrastructure Project,Road Transport & Highways,Central Executing Agency,Ministry of Road Transport and Highways,100.0,100.0,0.0,0.0,0,36,40.0,Approved,Awarded,Low,25.0,Low,Initial Site Mobilization and Statutory Clearance Processing
Andhra Pradesh,PRJ1225,Unnamed Infrastructure Project,Road Transport & Highways,Central Executing Agency,Ministry of Road Transport and Highways,100.0,100.0,0.0,0.0,0,36,40.0,Approved,Awarded,Low,25.0,Low,Initial Site Mobilization and Statutory Clearance Processing
Tamil Nadu,PRJ1226,Unnamed Infrastructure Project,Road Transport & Highways,Central Executing Agency,Ministry of Road Transport and Highways,100.0,100.0,0.0,0.0,0,36,40.0,Approved,Awarded,Low,25.0,Low,Initial Site Mobilization and Statutory Clearance Processing
Bihar,PRJ1227,Unnamed Infrastructure Project,Road Transport & Highways,Central Executing Agency,Ministry of Road Transport and Highways,100.0,100.0,0.0,0.0,0,36,40.0,Approved,Awarded,Low,25.0,Low,Initial Site Mobilization and Statutory Clearance Processing
Kerala,PRJ1228,Unnamed Infrastructure Project,Road Transport & Highways,Central Executing Agency,Ministry of Road Transport and Highways,100.0,100.0,0.0,0.0,0,36,40.0,Approved,Awarded,Low,25.0,Low,Initial Site Mobilization and Statutory Clearance Processing
Assam,PRJ1229,Unnamed Infrastructure Project,Road Transport & Highways,Central Executing Agency,Ministry of Road Transport and Highways,100.0,100.0,0.0,0.0,0,36,40.0,Approved,Awarded,Low,25.0,Low,Initial Site Mobilization and Statutory Clearance Processing
Telangana,PRJ1230,Unnamed Infrastructure Project,Road Transport & Highways,Central Executing Agency,Ministry of Road Transport and Highways,100.0,100.0,0.0,0.0,0,36,40.0,Approved,Awarded,Low,25.0,Low,Initial Site Mobilization and Statutory Clearance Processing
Chhattisgarh,PRJ1231,Unnamed Infrastructure Project,Road Transport & Highways,Central Executing Agency,Ministry of Road Transport and Highways,100.0,100.0,0.0,0.0,0,36,40.0,Approved,Awarded,Low,25.0,Low,Initial Site Mobilization and Statutory Clearance Processing
Jharkhand,PRJ1232,Unnamed Infrastructure Project,Road Transport & Highways,Central Executing Agency,Ministry of Road Transport and Highways,100.0,100.0,0.0,0.0,0,36,40.0,Approved,Awarded,Low,25.0,Low,Initial Site Mobilization and Statutory Clearance Processing
Madhya Pradesh,PRJ1233,Unnamed Infrastructure Project,Road Transport & Highways,Central Executing Agency,Ministry of Road Transport and Highways,100.0,100.0,0.0,0.0,0,36,40.0,Approved,Awarded,Low,25.0,Low,Initial Site Mobilization and Statutory Clearance Processing
Maharashtra,PRJ1234,Unnamed Infrastructure Project,Road Transport & Highways,Central Executing Agency,Ministry of Road Transport and Highways,100.0,100.0,0.0,0.0,0,36,40.0,Approved,Awarded,Low,25.0,Low,Initial Site Mobilization and Statutory Clearance Processing
Uttar Pradesh,PRJ1235,Unnamed Infrastructure Project,Road Transport & Highways,Central Executing Agency,Ministry of Road Transport and Highways,100.0,100.0,0.0,0.0,0,36,40.0,Approved,Awarded,Low,25.0,Low,Initial Site Mobilization and Statutory Clearance Processing
Tamil Nadu,PRJ1236,Unnamed Infrastructure Project,Road Transport & Highways,Central Executing Agency,Ministry of Road Transport and Highways,100.0,100.0,0.0,0.0,0,36,40.0,Approved,Awarded,Low,25.0,Low,Initial Site Mobilization and Statutory Clearance Processing
Gujarat,PRJ1237,Unnamed Infrastructure Project,Road Transport & Highways,Central Executing Agency,Ministry of Road Transport and Highways,100.0,100.0,0.0,0.0,0,36,40.0,Approved,Awarded,Low,25.0,Low,Initial Site Mobilization and Statutory Clearance Processing
Rajasthan,PRJ1238,Unnamed Infrastructure Project,Road Transport & Highways,Central Executing Agency,Ministry of Road Transport and Highways,100.0,100.0,0.0,0.0,0,36,40.0,Approved,Awarded,Low,25.0,Low,Initial Site Mobilization and Statutory Clearance Processing
Kerala,PRJ1239,Unnamed Infrastructure Project,Road Transport & Highways,Central Executing Agency,Ministry of Road Transport and Highways,100.0,100.0,0.0,0.0,0,36,40.0,Approved,Awarded,Low,25.0,Low,Initial Site Mobilization and Statutory Clearance Processing
Andhra Pradesh,PRJ1240,Unnamed Infrastructure Project,Road Transport & Highways,Central Executing Agency,Ministry of Road Transport and Highways,100.0,100.0,0.0,0.0,0,36,40.0,Approved,Awarded,Low,25.0,Low,Initial Site Mobilization and Statutory Clearance Processing
Uttarakhand,PRJ1241,Unnamed Infrastructure Project,Road Transport & Highways,Central Executing Agency,Ministry of Road Transport and Highways,100.0,100.0,0.0,0.0,0,36,40.0,Approved,Awarded,Low,25.0,Low,Initial Site Mobilization and Statutory Clearance Processing
West Bengal,PRJ1242,Unnamed Infrastructure Project,Road Transport & Highways,Central Executing Agency,Ministry of Road Transport and Highways,100.0,100.0,0.0,0.0,0,36,40.0,Approved,Awarded,Low,25.0,Low,Initial Site Mobilization and Statutory Clearance Processing
Bihar,PRJ1243,Unnamed Infrastructure Project,Road Transport & Highways,Central Executing Agency,Ministry of Road Transport and Highways,100.0,100.0,0.0,0.0,0,36,40.0,Approved,Awarded,Low,25.0,Low,Initial Site Mobilization and Statutory Clearance Processing
Kerala,PRJ1244,Unnamed Infrastructure Project,Road Transport & Highways,Central Executing Agency,Ministry of Road Transport and Highways,100.0,100.0,0.0,0.0,0,36,40.0,Approved,Awarded,Low,25.0,Low,Initial Site Mobilization and Statutory Clearance Processing
Assam,PRJ1245,Unnamed Infrastructure Project,Road Transport & Highways,Central Executing Agency,Ministry of Road Transport and Highways,100.0,100.0,0.0,0.0,0,36,40.0,Approved,Awarded,Low,25.0,Low,Initial Site Mobilization and Statutory Clearance Processing
Telangana,PRJ1246,Unnamed Infrastructure Project,Road Transport & Highways,Central Executing Agency,Ministry of Road Transport and Highways,100.0,100.0,0.0,0.0,0,36,40.0,Approved,Awarded,Low,25.0,Low,Initial Site Mobilization and Statutory Clearance Processing
Chhattisgarh,PRJ1247,Unnamed Infrastructure Project,Road Transport & Highways,Central Executing Agency,Ministry of Road Transport and Highways,100.0,100.0,0.0,0.0,0,36,40.0,Approved,Awarded,Low,25.0,Low,Initial Site Mobilization and Statutory Clearance Processing
Jharkhand,PRJ1248,Unnamed Infrastructure Project,Road Transport & Highways,Central Executing Agency,Ministry of Road Transport and Highways,100.0,100.0,0.0,0.0,0,36,40.0,Approved,Awarded,Low,25.0,Low,Initial Site Mobilization and Statutory Clearance Processing
Madhya Pradesh,PRJ1249,Unnamed Infrastructure Project,Road Transport & Highways,Central Executing Agency,Ministry of Road Transport and Highways,100.0,100.0,0.0,0.0,0,36,40.0,Approved,Awarded,Low,25.0,Low,Initial Site Mobilization and Statutory Clearance Processing
Maharashtra,PRJ1250,Unnamed Infrastructure Project,Road Transport & Highways,Central Executing Agency,Ministry of Road Transport and Highways,100.0,100.0,0.0,0.0,0,36,40.0,Approved,Awarded,Low,25.0,Low,Initial Site Mobilization and Statutory Clearance Processing
Uttar Pradesh,PRJ1251,Unnamed Infrastructure Project,Road Transport & Highways,Central Executing Agency,Ministry of Road Transport and Highways,100.0,100.0,0.0,0.0,0,36,40.0,Approved,Awarded,Low,25.0,Low,Initial Site Mobilization and Statutory Clearance Processing
Tamil Nadu,PRJ1252,Unnamed Infrastructure Project,Road Transport & Highways,Central Executing Agency,Ministry of Road Transport and Highways,100.0,100.0,0.0,0.0,0,36,40.0,Approved,Awarded,Low,25.0,Low,Initial Site Mobilization and Statutory Clearance Processing
Gujarat,PRJ1253,Unnamed Infrastructure Project,Road Transport & Highways,Central Executing Agency,Ministry of Road Transport and Highways,100.0,100.0,0.0,0.0,0,36,40.0,Approved,Awarded,Low,25.0,Low,Initial Site Mobilization and Statutory Clearance Processing
Rajasthan,PRJ1254,Unnamed Infrastructure Project,Road Transport & Highways,Central Executing Agency,Ministry of Road Transport and Highways,100.0,100.0,0.0,0.0,0,36,40.0,Approved,Awarded,Low,25.0,Low,Initial Site Mobilization and Statutory Clearance Processing
Andhra Pradesh,PRJ1255,Unnamed Infrastructure Project,Road Transport & Highways,Central Executing Agency,Ministry of Road Transport and Highways,100.0,100.0,0.0,0.0,0,36,40.0,Approved,Awarded,Low,25.0,Low,Initial Site Mobilization and Statutory Clearance Processing
Odisha,PRJ1256,Unnamed Infrastructure Project,Road Transport & Highways,Central Executing Agency,Ministry of Road Transport and Highways,100.0,100.0,0.0,0.0,0,36,40.0,Approved,Awarded,Low,25.0,Low,Initial Site Mobilization and Statutory Clearance Processing
Andhra Pradesh,PRJ1257,Unnamed Infrastructure Project,Road Transport & Highways,Central Executing Agency,Ministry of Road Transport and Highways,100.0,100.0,0.0,0.0,0,36,40.0,Approved,Awarded,Low,25.0,Low,Initial Site Mobilization and Statutory Clearance Processing
Andhra Pradesh,PRJ1258,Unnamed Infrastructure Project,Road Transport & Highways,Central Executing Agency,Ministry of Road Transport and Highways,100.0,100.0,0.0,0.0,0,36,40.0,Approved,Awarded,Low,25.0,Low,Initial Site Mobilization and Statutory Clearance Processing
Bihar,PRJ1259,Unnamed Infrastructure Project,Road Transport & Highways,Central Executing Agency,Ministry of Road Transport and Highways,100.0,100.0,0.0,0.0,0,36,40.0,Approved,Awarded,Low,25.0,Low,Initial Site Mobilization and Statutory Clearance Processing
Madhya Pradesh,PRJ1260,Unnamed Infrastructure Project,Road Transport & Highways,Central Executing Agency,Ministry of Road Transport and Highways,100.0,100.0,0.0,0.0,0,36,40.0,Approved,Awarded,Low,25.0,Low,Initial Site Mobilization and Statutory Clearance Processing
Odisha,PRJ1261,Unnamed Infrastructure Project,Road Transport & Highways,Central Executing Agency,Ministry of Road Transport and Highways,100.0,100.0,0.0,0.0,0,36,40.0,Approved,Awarded,Low,25.0,Low,Initial Site Mobilization and Statutory Clearance Processing
Karnataka,PRJ1262,Unnamed Infrastructure Project,Road Transport & Highways,Central Executing Agency,Ministry of Road Transport and Highways,100.0,100.0,0.0,0.0,0,36,40.0,Approved,Awarded,Low,25.0,Low,Initial Site Mobilization and Statutory Clearance Processing
Madhya Pradesh,PRJ1263,Unnamed Infrastructure Project,Road Transport & Highways,Central Executing Agency,Ministry of Road Transport and Highways,100.0,100.0,0.0,0.0,0,36,40.0,Approved,Awarded,Low,25.0,Low,Initial Site Mobilization and Statutory Clearance Processing
Madhya Pradesh,PRJ1264,Unnamed Infrastructure Project,Road Transport & Highways,Central Executing Agency,Ministry of Road Transport and Highways,100.0,100.0,0.0,0.0,0,36,40.0,Approved,Awarded,Low,25.0,Low,Initial Site Mobilization and Statutory Clearance Processing
Madhya Pradesh,PRJ1265,Unnamed Infrastructure Project,Road Transport & Highways,Central Executing Agency,Ministry of Road Transport and Highways,100.0,100.0,0.0,0.0,0,36,40.0,Approved,Awarded,Low,25.0,Low,Initial Site Mobilization and Statutory Clearance Processing
Madhya Pradesh,PRJ1266,Unnamed Infrastructure Project,Road Transport & Highways,Central Executing Agency,Ministry of Road Transport and Highways,100.0,100.0,0.0,0.0,0,36,40.0,Approved,Awarded,Low,25.0,Low,Initial Site Mobilization and Statutory Clearance Processing
Madhya Pradesh,PRJ1267,Unnamed Infrastructure Project,Road Transport & Highways,Central Executing Agency,Ministry of Road Transport and Highways,100.0,100.0,0.0,0.0,0,36,40.0,Approved,Awarded,Low,25.0,Low,Initial Site Mobilization and Statutory Clearance Processing
Tamil Nadu,PRJ1268,Unnamed Infrastructure Project,Road Transport & Highways,Central Executing Agency,Ministry of Road Transport and Highways,100.0,100.0,0.0,0.0,0,36,40.0,Approved,Awarded,Low,25.0,Low,Initial Site Mobilization and Statutory Clearance Processing
Gujarat,PRJ1269,Unnamed Infrastructure Project,Road Transport & Highways,Central Executing Agency,Ministry of Road Transport and Highways,100.0,100.0,0.0,0.0,0,36,40.0,Approved,Awarded,Low,25.0,Low,Initial Site Mobilization and Statutory Clearance Processing
Himachal Pradesh,PRJ1270,Unnamed Infrastructure Project,Road Transport & Highways,Central Executing Agency,Ministry of Road Transport and Highways,100.0,100.0,0.0,0.0,0,36,40.0,Approved,Awarded,Low,25.0,Low,Initial Site Mobilization and Statutory Clearance Processing
Karnataka,PRJ1271,Unnamed Infrastructure Project,Road Transport & Highways,Central Executing Agency,Ministry of Road Transport and Highways,100.0,100.0,0.0,0.0,0,36,40.0,Approved,Awarded,Low,25.0,Low,Initial Site Mobilization and Statutory Clearance Processing
Odisha,PRJ1272,Unnamed Infrastructure Project,Road Transport & Highways,Central Executing Agency,Ministry of Road Transport and Highways,100.0,100.0,0.0,0.0,0,36,40.0,Approved,Awarded,Low,25.0,Low,Initial Site Mobilization and Statutory Clearance Processing
Bihar,PRJ1273,Unnamed Infrastructure Project,Road Transport & Highways,Central Executing Agency,Ministry of Road Transport and Highways,100.0,100.0,0.0,0.0,0,36,40.0,Approved,Awarded,Low,25.0,Low,Initial Site Mobilization and Statutory Clearance Processing
West Bengal,PRJ1274,Unnamed Infrastructure Project,Road Transport & Highways,Central Executing Agency,Ministry of Road Transport and Highways,100.0,100.0,0.0,0.0,0,36,40.0,Approved,Awarded,Low,25.0,Low,Initial Site Mobilization and Statutory Clearance Processing
Bihar,PRJ1275,Unnamed Infrastructure Project,Road Transport & Highways,Central Executing Agency,Ministry of Road Transport and Highways,100.0,100.0,0.0,0.0,0,36,40.0,Approved,Awarded,Low,25.0,Low,Initial Site Mobilization and Statutory Clearance Processing
Bihar,PRJ1276,Unnamed Infrastructure Project,Road Transport & Highways,Central Executing Agency,Ministry of Road Transport and Highways,100.0,100.0,0.0,0.0,0,36,40.0,Approved,Awarded,Low,25.0,Low,Initial Site Mobilization and Statutory Clearance Processing
Assam,PRJ1277,Unnamed Infrastructure Project,Road Transport & Highways,Central Executing Agency,Ministry of Road Transport and Highways,100.0,100.0,0.0,0.0,0,36,40.0,Approved,Awarded,Low,25.0,Low,Initial Site Mobilization and Statutory Clearance Processing
Maharashtra,PRJ1278,Unnamed Infrastructure Project,Road Transport & Highways,Central Executing Agency,Ministry of Road Transport and Highways,100.0,100.0,0.0,0.0,0,36,40.0,Approved,Awarded,Low,25.0,Low,Initial Site Mobilization and Statutory Clearance Processing
Sikkim,PRJ1279,Unnamed Infrastructure Project,Road Transport & Highways,Central Executing Agency,Ministry of Road Transport and Highways,100.0,100.0,0.0,0.0,0,36,40.0,Approved,Awarded,Low,25.0,Low,Initial Site Mobilization and Statutory Clearance Processing
Uttarakhand,PRJ1280,Unnamed Infrastructure Project,Road Transport & Highways,Central Executing Agency,Ministry of Road Transport and Highways,100.0,100.0,0.0,0.0,0,36,40.0,Approved,Awarded,Low,25.0,Low,Initial Site Mobilization and Statutory Clearance Processing
Telangana,PRJ1281,Unnamed Infrastructure Project,Road Transport & Highways,Central Executing Agency,Ministry of Road Transport and Highways,100.0,100.0,0.0,0.0,0,36,40.0,Approved,Awarded,Low,25.0,Low,Initial Site Mobilization and Statutory Clearance Processing
Uttar Pradesh,PRJ1282,Unnamed Infrastructure Project,Road Transport & Highways,Central Executing Agency,Ministry of Road Transport and Highways,100.0,100.0,0.0,0.0,0,36,40.0,Approved,Awarded,Low,25.0,Low,Initial Site Mobilization and Statutory Clearance Processing
Maharashtra,PRJ1283,Unnamed Infrastructure Project,Road Transport & Highways,Central Executing Agency,Ministry of Road Transport and Highways,100.0,100.0,0.0,0.0,0,36,40.0,Approved,Awarded,Low,25.0,Low,Initial Site Mobilization and Statutory Clearance Processing
Madhya Pradesh,PRJ1284,Unnamed Infrastructure Project,Road Transport & Highways,Central Executing Agency,Ministry of Road Transport and Highways,100.0,100.0,0.0,0.0,0,36,40.0,Approved,Awarded,Low,25.0,Low,Initial Site Mobilization and Statutory Clearance Processing
Uttarakhand,PRJ1285,Unnamed Infrastructure Project,Road Transport & Highways,Central Executing Agency,Ministry of Road Transport and Highways,100.0,100.0,0.0,0.0,0,36,40.0,Approved,Awarded,Low,25.0,Low,Initial Site Mobilization and Statutory Clearance Processing
Madhya Pradesh,PRJ1286,Unnamed Infrastructure Project,Road Transport & Highways,Central Executing Agency,Ministry of Road Transport and Highways,100.0,100.0,0.0,0.0,0,36,40.0,Approved,Awarded,Low,25.0,Low,Initial Site Mobilization and Statutory Clearance Processing
Maharashtra,PRJ1287,Unnamed Infrastructure Project,Road Transport & Highways,Central Executing Agency,Ministry of Road Transport and Highways,100.0,100.0,0.0,0.0,0,36,40.0,Approved,Awarded,Low,25.0,Low,Initial Site Mobilization and Statutory Clearance Processing
Madhya Pradesh,PRJ1288,Unnamed Infrastructure Project,Road Transport & Highways,Central Executing Agency,Ministry of Road Transport and Highways,100.0,100.0,0.0,0.0,0,36,40.0,Approved,Awarded,Low,25.0,Low,Initial Site Mobilization and Statutory Clearance Processing
Andhra Pradesh,PRJ1289,Unnamed Infrastructure Project,Road Transport & Highways,Central Executing Agency,Ministry of Road Transport and Highways,100.0,100.0,0.0,0.0,0,36,40.0,Approved,Awarded,Low,25.0,Low,Initial Site Mobilization and Statutory Clearance Processing
Telangana,PRJ1290,Unnamed Infrastructure Project,Road Transport & Highways,Central Executing Agency,Ministry of Road Transport and Highways,100.0,100.0,0.0,0.0,0,36,40.0,Approved,Awarded,Low,25.0,Low,Initial Site Mobilization and Statutory Clearance Processing
Maharashtra,PRJ1291,Unnamed Infrastructure Project,Road Transport & Highways,Central Executing Agency,Ministry of Road Transport and Highways,100.0,100.0,0.0,0.0,0,36,40.0,Approved,Awarded,Low,25.0,Low,Initial Site Mobilization and Statutory Clearance Processing
Odisha,PRJ1292,Unnamed Infrastructure Project,Road Transport & Highways,Central Executing Agency,Ministry of Road Transport and Highways,100.0,100.0,0.0,0.0,0,36,40.0,Approved,Awarded,Low,25.0,Low,Initial Site Mobilization and Statutory Clearance Processing
Assam,PRJ1293,Unnamed Infrastructure Project,Road Transport & Highways,Central Executing Agency,Ministry of Road Transport and Highways,100.0,100.0,0.0,0.0,0,36,40.0,Approved,Awarded,Low,25.0,Low,Initial Site Mobilization and Statutory Clearance Processing
Telangana,PRJ1294,Unnamed Infrastructure Project,Road Transport & Highways,Central Executing Agency,Ministry of Road Transport and Highways,100.0,100.0,0.0,0.0,0,36,40.0,Approved,Awarded,Low,25.0,Low,Initial Site Mobilization and Statutory Clearance Processing
Chhattisgarh,PRJ1295,Unnamed Infrastructure Project,Road Transport & Highways,Central Executing Agency,Ministry of Road Transport and Highways,100.0,100.0,0.0,0.0,0,36,40.0,Approved,Awarded,Low,25.0,Low,Initial Site Mobilization and Statutory Clearance Processing
Maharashtra,PRJ1296,Unnamed Infrastructure Project,Road Transport & Highways,Central Executing Agency,Ministry of Road Transport and Highways,100.0,100.0,0.0,0.0,0,36,40.0,Approved,Awarded,Low,25.0,Low,Initial Site Mobilization and Statutory Clearance Processing
Assam,PRJ1297,Unnamed Infrastructure Project,Road Transport & Highways,Central Executing Agency,Ministry of Road Transport and Highways,100.0,100.0,0.0,0.0,0,36,40.0,Approved,Awarded,Low,25.0,Low,Initial Site Mobilization and Statutory Clearance Processing
Maharashtra,PRJ1298,Unnamed Infrastructure Project,Road Transport & Highways,Central Executing Agency,Ministry of Road Transport and Highways,100.0,100.0,0.0,0.0,0,36,40.0,Approved,Awarded,Low,25.0,Low,Initial Site Mobilization and Statutory Clearance Processing
Uttar Pradesh,PRJ1299,Unnamed Infrastructure Project,Road Transport & Highways,Central Executing Agency,Ministry of Road Transport and Highways,100.0,100.0,0.0,0.0,0,36,40.0,Approved,Awarded,Low,25.0,Low,Initial Site Mobilization and Statutory Clearance Processing
Tamil Nadu,PRJ1300,Unnamed Infrastructure Project,Road Transport & Highways,Central Executing Agency,Ministry of Road Transport and Highways,100.0,100.0,0.0,0.0,0,36,40.0,Approved,Awarded,Low,25.0,Low,Initial Site Mobilization and Statutory Clearance Processing
Gujarat,PRJ1301,Unnamed Infrastructure Project,Road Transport & Highways,Central Executing Agency,Ministry of Road Transport and Highways,100.0,100.0,0.0,0.0,0,36,40.0,Approved,Awarded,Low,25.0,Low,Initial Site Mobilization and Statutory Clearance Processing
Andhra Pradesh,PRJ1302,Unnamed Infrastructure Project,Road Transport & Highways,Central Executing Agency,Ministry of Road Transport and Highways,100.0,100.0,0.0,0.0,0,36,40.0,Approved,Awarded,Low,25.0,Low,Initial Site Mobilization and Statutory Clearance Processing
Karnataka,PRJ1303,Unnamed Infrastructure Project,Road Transport & Highways,Central Executing Agency,Ministry of Road Transport and Highways,100.0,100.0,0.0,0.0,0,36,40.0,Approved,Awarded,Low,25.0,Low,Initial Site Mobilization and Statutory Clearance Processing
Maharashtra,PRJ1304,Unnamed Infrastructure Project,Road Transport & Highways,Central Executing Agency,Ministry of Road Transport and Highways,100.0,100.0,0.0,0.0,0,36,40.0,Approved,Awarded,Low,25.0,Low,Initial Site Mobilization and Statutory Clearance Processing
Maharashtra,PRJ1305,Unnamed Infrastructure Project,Road Transport & Highways,Central Executing Agency,Ministry of Road Transport and Highways,100.0,100.0,0.0,0.0,0,36,40.0,Approved,Awarded,Low,25.0,Low,Initial Site Mobilization and Statutory Clearance Processing
Maharashtra,PRJ1306,Unnamed Infrastructure Project,Road Transport & Highways,Central Executing Agency,Ministry of Road Transport and Highways,100.0,100.0,0.0,0.0,0,36,40.0,Approved,Awarded,Low,25.0,Low,Initial Site Mobilization and Statutory Clearance Processing
Andhra Pradesh,PRJ1307,Unnamed Infrastructure Project,Road Transport & Highways,Central Executing Agency,Ministry of Road Transport and Highways,100.0,100.0,0.0,0.0,0,36,40.0,Approved,Awarded,Low,25.0,Low,Initial Site Mobilization and Statutory Clearance Processing
Meghalaya,PRJ1308,Unnamed Infrastructure Project,Road Transport & Highways,Central Executing Agency,Ministry of Road Transport and Highways,100.0,100.0,0.0,0.0,0,36,40.0,Approved,Awarded,Low,25.0,Low,Initial Site Mobilization and Statutory Clearance Processing
Assam,PRJ1309,Unnamed Infrastructure Project,Road Transport & Highways,Central Executing Agency,Ministry of Road Transport and Highways,100.0,100.0,0.0,0.0,0,36,40.0,Approved,Awarded,Low,25.0,Low,Initial Site Mobilization and Statutory Clearance Processing
Tripura,PRJ1310,Unnamed Infrastructure Project,Road Transport & Highways,Central Executing Agency,Ministry of Road Transport and Highways,100.0,100.0,0.0,0.0,0,36,40.0,Approved,Awarded,Low,25.0,Low,Initial Site Mobilization and Statutory Clearance Processing
Andhra Pradesh,PRJ1311,Unnamed Infrastructure Project,Road Transport & Highways,Central Executing Agency,Ministry of Road Transport and Highways,100.0,100.0,0.0,0.0,0,36,40.0,Approved,Awarded,Low,25.0,Low,Initial Site Mobilization and Statutory Clearance Processing
Telangana,PRJ1312,Unnamed Infrastructure Project,Road Transport & Highways,Central Executing Agency,Ministry of Road Transport and Highways,100.0,100.0,0.0,0.0,0,36,40.0,Approved,Awarded,Low,25.0,Low,Initial Site Mobilization and Statutory Clearance Processing
Maharashtra,PRJ1313,Unnamed Infrastructure Project,Road Transport & Highways,Central Executing Agency,Ministry of Road Transport and Highways,100.0,100.0,0.0,0.0,0,36,40.0,Approved,Awarded,Low,25.0,Low,Initial Site Mobilization and Statutory Clearance Processing
Maharashtra,PRJ1314,Unnamed Infrastructure Project,Road Transport & Highways,Central Executing Agency,Ministry of Road Transport and Highways,100.0,100.0,0.0,0.0,0,36,40.0,Approved,Awarded,Low,25.0,Low,Initial Site Mobilization and Statutory Clearance Processing
Jammu & Kashmir,PRJ1315,Unnamed Infrastructure Project,Road Transport & Highways,Central Executing Agency,Ministry of Road Transport and Highways,100.0,100.0,0.0,0.0,0,36,40.0,Approved,Awarded,Low,25.0,Low,Initial Site Mobilization and Statutory Clearance Processing
Jammu & Kashmir,PRJ1316,Unnamed Infrastructure Project,Road Transport & Highways,Central Executing Agency,Ministry of Road Transport and Highways,100.0,100.0,0.0,0.0,0,36,40.0,Approved,Awarded,Low,25.0,Low,Initial Site Mobilization and Statutory Clearance Processing
Jammu & Kashmir,PRJ1317,Unnamed Infrastructure Project,Road Transport & Highways,Central Executing Agency,Ministry of Road Transport and Highways,100.0,100.0,0.0,0.0,0,36,40.0,Approved,Awarded,Low,25.0,Low,Initial Site Mobilization and Statutory Clearance Processing
Uttarakhand,PRJ1318,Unnamed Infrastructure Project,Road Transport & Highways,Central Executing Agency,Ministry of Road Transport and Highways,100.0,100.0,0.0,0.0,0,36,40.0,Approved,Awarded,Low,25.0,Low,Initial Site Mobilization and Statutory Clearance Processing
Uttar Pradesh,PRJ1319,Unnamed Infrastructure Project,Road Transport & Highways,Central Executing Agency,Ministry of Road Transport and Highways,100.0,100.0,0.0,0.0,0,36,40.0,Approved,Awarded,Low,25.0,Low,Initial Site Mobilization and Statutory Clearance Processing
Odisha,PRJ1320,Unnamed Infrastructure Project,Road Transport & Highways,Central Executing Agency,Ministry of Road Transport and Highways,100.0,100.0,0.0,0.0,0,36,40.0,Approved,Awarded,Low,25.0,Low,Initial Site Mobilization and Statutory Clearance Processing
Maharashtra,PRJ1321,Unnamed Infrastructure Project,Road Transport & Highways,Central Executing Agency,Ministry of Road Transport and Highways,100.0,100.0,0.0,0.0,0,36,40.0,Approved,Awarded,Low,25.0,Low,Initial Site Mobilization and Statutory Clearance Processing
Andhra Pradesh,PRJ1322,Unnamed Infrastructure Project,Road Transport & Highways,Central Executing Agency,Ministry of Road Transport and Highways,100.0,100.0,0.0,0.0,0,36,40.0,Approved,Awarded,Low,25.0,Low,Initial Site Mobilization and Statutory Clearance Processing
Uttar Pradesh,PRJ1323,Unnamed Infrastructure Project,Road Transport & Highways,Central Executing Agency,Ministry of Road Transport and Highways,100.0,100.0,0.0,0.0,0,36,40.0,Approved,Awarded,Low,25.0,Low,Initial Site Mobilization and Statutory Clearance Processing
Kerala,PRJ1324,Unnamed Infrastructure Project,Road Transport & Highways,Central Executing Agency,Ministry of Road Transport and Highways,100.0,100.0,0.0,0.0,0,36,40.0,Approved,Awarded,Low,25.0,Low,Initial Site Mobilization and Statutory Clearance Processing
Assam,PRJ1325,Unnamed Infrastructure Project,Road Transport & Highways,Central Executing Agency,Ministry of Road Transport and Highways,100.0,100.0,0.0,0.0,0,36,40.0,Approved,Awarded,Low,25.0,Low,Initial Site Mobilization and Statutory Clearance Processing
Uttarakhand,PRJ1326,Unnamed Infrastructure Project,Road Transport & Highways,Central Executing Agency,Ministry of Road Transport and Highways,100.0,100.0,0.0,0.0,0,36,40.0,Approved,Awarded,Low,25.0,Low,Initial Site Mobilization and Statutory Clearance Processing
Telangana,PRJ1327,Unnamed Infrastructure Project,Road Transport & Highways,Central Executing Agency,Ministry of Road Transport and Highways,100.0,100.0,0.0,0.0,0,36,40.0,Approved,Awarded,Low,25.0,Low,Initial Site Mobilization and Statutory Clearance Processing
Jharkhand,PRJ1328,Unnamed Infrastructure Project,Road Transport & Highways,Central Executing Agency,Ministry of Road Transport and Highways,100.0,100.0,0.0,0.0,0,36,40.0,Approved,Awarded,Low,25.0,Low,Initial Site Mobilization and Statutory Clearance Processing
Odisha,PRJ1329,Unnamed Infrastructure Project,Road Transport & Highways,Central Executing Agency,Ministry of Road Transport and Highways,100.0,100.0,0.0,0.0,0,36,40.0,Approved,Awarded,Low,25.0,Low,Initial Site Mobilization and Statutory Clearance Processing
Telangana,PRJ1330,Unnamed Infrastructure Project,Road Transport & Highways,Central Executing Agency,Ministry of Road Transport and Highways,100.0,100.0,0.0,0.0,0,36,40.0,Approved,Awarded,Low,25.0,Low,Initial Site Mobilization and Statutory Clearance Processing
Telangana,PRJ1331,Unnamed Infrastructure Project,Road Transport & Highways,Central Executing Agency,Ministry of Road Transport and Highways,100.0,100.0,0.0,0.0,0,36,40.0,Approved,Awarded,Low,25.0,Low,Initial Site Mobilization and Statutory Clearance Processing
Uttarakhand,PRJ1332,Unnamed Infrastructure Project,Road Transport & Highways,Central Executing Agency,Ministry of Road Transport and Highways,100.0,100.0,0.0,0.0,0,36,40.0,Approved,Awarded,Low,25.0,Low,Initial Site Mobilization and Statutory Clearance Processing
Uttar Pradesh,PRJ1333,Unnamed Infrastructure Project,Road Transport & Highways,Central Executing Agency,Ministry of Road Transport and Highways,100.0,100.0,0.0,0.0,0,36,40.0,Approved,Awarded,Low,25.0,Low,Initial Site Mobilization and Statutory Clearance Processing
Uttarakhand,PRJ1334,Unnamed Infrastructure Project,Road Transport & Highways,Central Executing Agency,Ministry of Road Transport and Highways,100.0,100.0,0.0,0.0,0,36,40.0,Approved,Awarded,Low,25.0,Low,Initial Site Mobilization and Statutory Clearance Processing
Madhya Pradesh,PRJ1335,Unnamed Infrastructure Project,Road Transport & Highways,Central Executing Agency,Ministry of Road Transport and Highways,100.0,100.0,0.0,0.0,0,36,40.0,Approved,Awarded,Low,25.0,Low,Initial Site Mobilization and Statutory Clearance Processing
Jammu & Kashmir,PRJ1336,Unnamed Infrastructure Project,Road Transport & Highways,Central Executing Agency,Ministry of Road Transport and Highways,100.0,100.0,0.0,0.0,0,36,40.0,Approved,Awarded,Low,25.0,Low,Initial Site Mobilization and Statutory Clearance Processing
Himachal Pradesh,PRJ1337,Unnamed Infrastructure Project,Road Transport & Highways,Central Executing Agency,Ministry of Road Transport and Highways,100.0,100.0,0.0,0.0,0,36,40.0,Approved,Awarded,Low,25.0,Low,Initial Site Mobilization and Statutory Clearance Processing
Himachal Pradesh,PRJ1338,Unnamed Infrastructure Project,Road Transport & Highways,Central Executing Agency,Ministry of Road Transport and Highways,100.0,100.0,0.0,0.0,0,36,40.0,Approved,Awarded,Low,25.0,Low,Initial Site Mobilization and Statutory Clearance Processing
Himachal Pradesh,PRJ1339,Unnamed Infrastructure Project,Road Transport & Highways,Central Executing Agency,Ministry of Road Transport and Highways,100.0,100.0,0.0,0.0,0,36,40.0,Approved,Awarded,Low,25.0,Low,Initial Site Mobilization and Statutory Clearance Processing
Uttar Pradesh,PRJ1340,Unnamed Infrastructure Project,Road Transport & Highways,Central Executing Agency,Ministry of Road Transport and Highways,100.0,100.0,0.0,0.0,0,36,40.0,Approved,Awarded,Low,25.0,Low,Initial Site Mobilization and Statutory Clearance Processing
Uttar Pradesh,PRJ1341,Unnamed Infrastructure Project,Road Transport & Highways,Central Executing Agency,Ministry of Road Transport and Highways,100.0,100.0,0.0,0.0,0,36,40.0,Approved,Awarded,Low,25.0,Low,Initial Site Mobilization and Statutory Clearance Processing
Uttar Pradesh,PRJ1342,Unnamed Infrastructure Project,Road Transport & Highways,Central Executing Agency,Ministry of Road Transport and Highways,100.0,100.0,0.0,0.0,0,36,40.0,Approved,Awarded,Low,25.0,Low,Initial Site Mobilization and Statutory Clearance Processing
Andhra Pradesh,PRJ1343,Unnamed Infrastructure Project,Road Transport & Highways,Central Executing Agency,Ministry of Road Transport and Highways,100.0,100.0,0.0,0.0,0,36,40.0,Approved,Awarded,Low,25.0,Low,Initial Site Mobilization and Statutory Clearance Processing
Andhra Pradesh,PRJ1344,Unnamed Infrastructure Project,Road Transport & Highways,Central Executing Agency,Ministry of Road Transport and Highways,100.0,100.0,0.0,0.0,0,36,40.0,Approved,Awarded,Low,25.0,Low,Initial Site Mobilization and Statutory Clearance Processing
Madhya Pradesh,PRJ1345,Unnamed Infrastructure Project,Road Transport & Highways,Central Executing Agency,Ministry of Road Transport and Highways,100.0,100.0,0.0,0.0,0,36,40.0,Approved,Awarded,Low,25.0,Low,Initial Site Mobilization and Statutory Clearance Processing
Maharashtra,PRJ1346,Unnamed Infrastructure Project,Road Transport & Highways,Central Executing Agency,Ministry of Road Transport and Highways,100.0,100.0,0.0,0.0,0,36,40.0,Approved,Awarded,Low,25.0,Low,Initial Site Mobilization and Statutory Clearance Processing
Uttar Pradesh,PRJ1347,Unnamed Infrastructure Project,Road Transport & Highways,Central Executing Agency,Ministry of Road Transport and Highways,100.0,100.0,0.0,0.0,0,36,40.0,Approved,Awarded,Low,25.0,Low,Initial Site Mobilization and Statutory Clearance Processing
Maharashtra,PRJ1348,Unnamed Infrastructure Project,Road Transport & Highways,Central Executing Agency,Ministry of Road Transport and Highways,100.0,100.0,0.0,0.0,0,36,40.0,Approved,Awarded,Low,25.0,Low,Initial Site Mobilization and Statutory Clearance Processing
Maharashtra,PRJ1349,Unnamed Infrastructure Project,Road Transport & Highways,Central Executing Agency,Ministry of Road Transport and Highways,100.0,100.0,0.0,0.0,0,36,40.0,Approved,Awarded,Low,25.0,Low,Initial Site Mobilization and Statutory Clearance Processing
Uttarakhand,PRJ1350,Unnamed Infrastructure Project,Road Transport & Highways,Central Executing Agency,Ministry of Road Transport and Highways,100.0,100.0,0.0,0.0,0,36,40.0,Approved,Awarded,Low,25.0,Low,Initial Site Mobilization and Statutory Clearance Processing
Madhya Pradesh,PRJ1351,Unnamed Infrastructure Project,Road Transport & Highways,Central Executing Agency,Ministry of Road Transport and Highways,100.0,100.0,0.0,0.0,0,36,40.0,Approved,Awarded,Low,25.0,Low,Initial Site Mobilization and Statutory Clearance Processing
Odisha,PRJ1352,Unnamed Infrastructure Project,Road Transport & Highways,Central Executing Agency,Ministry of Road Transport and Highways,100.0,100.0,0.0,0.0,0,36,40.0,Approved,Awarded,Low,25.0,Low,Initial Site Mobilization and Statutory Clearance Processing
Uttarakhand,PRJ1353,Unnamed Infrastructure Project,Road Transport & Highways,Central Executing Agency,Ministry of Road Transport and Highways,100.0,100.0,0.0,0.0,0,36,40.0,Approved,Awarded,Low,25.0,Low,Initial Site Mobilization and Statutory Clearance Processing
Maharashtra,PRJ1354,Unnamed Infrastructure Project,Road Transport & Highways,Central Executing Agency,Ministry of Road Transport and Highways,100.0,100.0,0.0,0.0,0,36,40.0,Approved,Awarded,Low,25.0,Low,Initial Site Mobilization and Statutory Clearance Processing
Maharashtra,PRJ1355,Unnamed Infrastructure Project,Road Transport & Highways,Central Executing Agency,Ministry of Road Transport and Highways,100.0,100.0,0.0,0.0,0,36,40.0,Approved,Awarded,Low,25.0,Low,Initial Site Mobilization and Statutory Clearance Processing
Maharashtra,PRJ1356,Unnamed Infrastructure Project,Road Transport & Highways,Central Executing Agency,Ministry of Road Transport and Highways,100.0,100.0,0.0,0.0,0,36,40.0,Approved,Awarded,Low,25.0,Low,Initial Site Mobilization and Statutory Clearance Processing
Maharashtra,PRJ1357,Unnamed Infrastructure Project,Road Transport & Highways,Central Executing Agency,Ministry of Road Transport and Highways,100.0,100.0,0.0,0.0,0,36,40.0,Approved,Awarded,Low,25.0,Low,Initial Site Mobilization and Statutory Clearance Processing
Telangana,PRJ1358,Unnamed Infrastructure Project,Road Transport & Highways,Central Executing Agency,Ministry of Road Transport and Highways,100.0,100.0,0.0,0.0,0,36,40.0,Approved,Awarded,Low,25.0,Low,Initial Site Mobilization and Statutory Clearance Processing
Chhattisgarh,PRJ1359,Unnamed Infrastructure Project,Road Transport & Highways,Central Executing Agency,Ministry of Road Transport and Highways,100.0,100.0,0.0,0.0,0,36,40.0,Approved,Awarded,Low,25.0,Low,Initial Site Mobilization and Statutory Clearance Processing
Jharkhand,PRJ1360,Unnamed Infrastructure Project,Road Transport & Highways,Central Executing Agency,Ministry of Road Transport and Highways,100.0,100.0,0.0,0.0,0,36,40.0,Approved,Awarded,Low,25.0,Low,Initial Site Mobilization and Statutory Clearance Processing
Uttarakhand,PRJ1361,Unnamed Infrastructure Project,Road Transport & Highways,Central Executing Agency,Ministry of Road Transport and Highways,100.0,100.0,0.0,0.0,0,36,40.0,Approved,Awarded,Low,25.0,Low,Initial Site Mobilization and Statutory Clearance Processing
Maharashtra,PRJ1362,Unnamed Infrastructure Project,Road Transport & Highways,Central Executing Agency,Ministry of Road Transport and Highways,100.0,100.0,0.0,0.0,0,36,40.0,Approved,Awarded,Low,25.0,Low,Initial Site Mobilization and Statutory Clearance Processing
Uttar Pradesh,PRJ1363,Unnamed Infrastructure Project,Road Transport & Highways,Central Executing Agency,Ministry of Road Transport and Highways,100.0,100.0,0.0,0.0,0,36,40.0,Approved,Awarded,Low,25.0,Low,Initial Site Mobilization and Statutory Clearance Processing
Madhya Pradesh,PRJ1364,Unnamed Infrastructure Project,Road Transport & Highways,Central Executing Agency,Ministry of Road Transport and Highways,100.0,100.0,0.0,0.0,0,36,40.0,Approved,Awarded,Low,25.0,Low,Initial Site Mobilization and Statutory Clearance Processing
Rajasthan,PRJ1365,Unnamed Infrastructure Project,Road Transport & Highways,Central Executing Agency,Ministry of Road Transport and Highways,100.0,100.0,0.0,0.0,0,36,40.0,Approved,Awarded,Low,25.0,Low,Initial Site Mobilization and Statutory Clearance Processing
Maharashtra,PRJ1366,Unnamed Infrastructure Project,Road Transport & Highways,Central Executing Agency,Ministry of Road Transport and Highways,100.0,100.0,0.0,0.0,0,36,40.0,Approved,Awarded,Low,25.0,Low,Initial Site Mobilization and Statutory Clearance Processing
Karnataka,PRJ1367,Unnamed Infrastructure Project,Road Transport & Highways,Central Executing Agency,Ministry of Road Transport and Highways,100.0,100.0,0.0,0.0,0,36,40.0,Approved,Awarded,Low,25.0,Low,Initial Site Mobilization and Statutory Clearance Processing
Odisha,PRJ1368,Unnamed Infrastructure Project,Road Transport & Highways,Central Executing Agency,Ministry of Road Transport and Highways,100.0,100.0,0.0,0.0,0,36,40.0,Approved,Awarded,Low,25.0,Low,Initial Site Mobilization and Statutory Clearance Processing
Andhra Pradesh,PRJ1369,Unnamed Infrastructure Project,Road Transport & Highways,Central Executing Agency,Ministry of Road Transport and Highways,100.0,100.0,0.0,0.0,0,36,40.0,Approved,Awarded,Low,25.0,Low,Initial Site Mobilization and Statutory Clearance Processing
West Bengal,PRJ1370,Unnamed Infrastructure Project,Road Transport & Highways,Central Executing Agency,Ministry of Road Transport and Highways,100.0,100.0,0.0,0.0,0,36,40.0,Approved,Awarded,Low,25.0,Low,Initial Site Mobilization and Statutory Clearance Processing
Bihar,PRJ1371,Unnamed Infrastructure Project,Road Transport & Highways,Central Executing Agency,Ministry of Road Transport and Highways,100.0,100.0,0.0,0.0,0,36,40.0,Approved,Awarded,Low,25.0,Low,Initial Site Mobilization and Statutory Clearance Processing
Kerala,PRJ1372,Unnamed Infrastructure Project,Road Transport & Highways,Central Executing Agency,Ministry of Road Transport and Highways,100.0,100.0,0.0,0.0,0,36,40.0,Approved,Awarded,Low,25.0,Low,Initial Site Mobilization and Statutory Clearance Processing
Uttar Pradesh,PRJ1373,Unnamed Infrastructure Project,Road Transport & Highways,Central Executing Agency,Ministry of Road Transport and Highways,100.0,100.0,0.0,0.0,0,36,40.0,Approved,Awarded,Low,25.0,Low,Initial Site Mobilization and Statutory Clearance Processing
Andhra Pradesh,PRJ1374,Unnamed Infrastructure Project,Road Transport & Highways,Central Executing Agency,Ministry of Road Transport and Highways,100.0,100.0,0.0,0.0,0,36,40.0,Approved,Awarded,Low,25.0,Low,Initial Site Mobilization and Statutory Clearance Processing
Uttar Pradesh,PRJ1375,Unnamed Infrastructure Project,Road Transport & Highways,Central Executing Agency,Ministry of Road Transport and Highways,100.0,100.0,0.0,0.0,0,36,40.0,Approved,Awarded,Low,25.0,Low,Initial Site Mobilization and Statutory Clearance Processing
West Bengal,PRJ1376,Unnamed Infrastructure Project,Road Transport & Highways,Central Executing Agency,Ministry of Road Transport and Highways,100.0,100.0,0.0,0.0,0,36,40.0,Approved,Awarded,Low,25.0,Low,Initial Site Mobilization and Statutory Clearance Processing
Madhya Pradesh,PRJ1377,Unnamed Infrastructure Project,Road Transport & Highways,Central Executing Agency,Ministry of Road Transport and Highways,100.0,100.0,0.0,0.0,0,36,40.0,Approved,Awarded,Low,25.0,Low,Initial Site Mobilization and Statutory Clearance Processing
Uttarakhand,PRJ1378,Unnamed Infrastructure Project,Road Transport & Highways,Central Executing Agency,Ministry of Road Transport and Highways,100.0,100.0,0.0,0.0,0,36,40.0,Approved,Awarded,Low,25.0,Low,Initial Site Mobilization and Statutory Clearance Processing
Uttar Pradesh,PRJ1379,Unnamed Infrastructure Project,Road Transport & Highways,Central Executing Agency,Ministry of Road Transport and Highways,100.0,100.0,0.0,0.0,0,36,40.0,Approved,Awarded,Low,25.0,Low,Initial Site Mobilization and Statutory Clearance Processing
Maharashtra,PRJ1380,Unnamed Infrastructure Project,Road Transport & Highways,Central Executing Agency,Ministry of Road Transport and Highways,100.0,100.0,0.0,0.0,0,36,40.0,Approved,Awarded,Low,25.0,Low,Initial Site Mobilization and Statutory Clearance Processing
Gujarat,PRJ1381,Unnamed Infrastructure Project,Road Transport & Highways,Central Executing Agency,Ministry of Road Transport and Highways,100.0,100.0,0.0,0.0,0,36,40.0,Approved,Awarded,Low,25.0,Low,Initial Site Mobilization and Statutory Clearance Processing
Maharashtra,PRJ1382,Unnamed Infrastructure Project,Road Transport & Highways,Central Executing Agency,Ministry of Road Transport and Highways,100.0,100.0,0.0,0.0,0,36,40.0,Approved,Awarded,Low,25.0,Low,Initial Site Mobilization and Statutory Clearance Processing
Karnataka,PRJ1383,Unnamed Infrastructure Project,Road Transport & Highways,Central Executing Agency,Ministry of Road Transport and Highways,100.0,100.0,0.0,0.0,0,36,40.0,Approved,Awarded,Low,25.0,Low,Initial Site Mobilization and Statutory Clearance Processing
Kerala,PRJ1384,Unnamed Infrastructure Project,Road Transport & Highways,Central Executing Agency,Ministry of Road Transport and Highways,100.0,100.0,0.0,0.0,0,36,40.0,Approved,Awarded,Low,25.0,Low,Initial Site Mobilization and Statutory Clearance Processing
Andhra Pradesh,PRJ1385,Unnamed Infrastructure Project,Road Transport & Highways,Central Executing Agency,Ministry of Road Transport and Highways,100.0,100.0,0.0,0.0,0,36,40.0,Approved,Awarded,Low,25.0,Low,Initial Site Mobilization and Statutory Clearance Processing
West Bengal,PRJ1386,Unnamed Infrastructure Project,Road Transport & Highways,Central Executing Agency,Ministry of Road Transport and Highways,100.0,100.0,0.0,0.0,0,36,40.0,Approved,Awarded,Low,25.0,Low,Initial Site Mobilization and Statutory Clearance Processing
Bihar,PRJ1387,Unnamed Infrastructure Project,Road Transport & Highways,Central Executing Agency,Ministry of Road Transport and Highways,100.0,100.0,0.0,0.0,0,36,40.0,Approved,Awarded,Low,25.0,Low,Initial Site Mobilization and Statutory Clearance Processing
Uttarakhand,PRJ1388,Unnamed Infrastructure Project,Road Transport & Highways,Central Executing Agency,Ministry of Road Transport and Highways,100.0,100.0,0.0,0.0,0,36,40.0,Approved,Awarded,Low,25.0,Low,Initial Site Mobilization and Statutory Clearance Processing
Assam,PRJ1389,Unnamed Infrastructure Project,Road Transport & Highways,Central Executing Agency,Ministry of Road Transport and Highways,100.0,100.0,0.0,0.0,0,36,40.0,Approved,Awarded,Low,25.0,Low,Initial Site Mobilization and Statutory Clearance Processing
Telangana,PRJ1390,Unnamed Infrastructure Project,Road Transport & Highways,Central Executing Agency,Ministry of Road Transport and Highways,100.0,100.0,0.0,0.0,0,36,40.0,Approved,Awarded,Low,25.0,Low,Initial Site Mobilization and Statutory Clearance Processing
Chhattisgarh,PRJ1391,Unnamed Infrastructure Project,Road Transport & Highways,Central Executing Agency,Ministry of Road Transport and Highways,100.0,100.0,0.0,0.0,0,36,40.0,Approved,Awarded,Low,25.0,Low,Initial Site Mobilization and Statutory Clearance Processing
Jharkhand,PRJ1392,Unnamed Infrastructure Project,Road Transport & Highways,Central Executing Agency,Ministry of Road Transport and Highways,100.0,100.0,0.0,0.0,0,36,40.0,Approved,Awarded,Low,25.0,Low,Initial Site Mobilization and Statutory Clearance Processing
Madhya Pradesh,PRJ1393,Unnamed Infrastructure Project,Road Transport & Highways,Central Executing Agency,Ministry of Road Transport and Highways,100.0,100.0,0.0,0.0,0,36,40.0,Approved,Awarded,Low,25.0,Low,Initial Site Mobilization and Statutory Clearance Processing
Maharashtra,PRJ1394,Unnamed Infrastructure Project,Road Transport & Highways,Central Executing Agency,Ministry of Road Transport and Highways,100.0,100.0,0.0,0.0,0,36,40.0,Approved,Awarded,Low,25.0,Low,Initial Site Mobilization and Statutory Clearance Processing
Uttar Pradesh,PRJ1395,Unnamed Infrastructure Project,Road Transport & Highways,Central Executing Agency,Ministry of Road Transport and Highways,100.0,100.0,0.0,0.0,0,36,40.0,Approved,Awarded,Low,25.0,Low,Initial Site Mobilization and Statutory Clearance Processing
Tamil Nadu,PRJ1396,Unnamed Infrastructure Project,Road Transport & Highways,Central Executing Agency,Ministry of Road Transport and Highways,100.0,100.0,0.0,0.0,0,36,40.0,Approved,Awarded,Low,25.0,Low,Initial Site Mobilization and Statutory Clearance Processing
Gujarat,PRJ1397,Unnamed Infrastructure Project,Road Transport & Highways,Central Executing Agency,Ministry of Road Transport and Highways,100.0,100.0,0.0,0.0,0,36,40.0,Approved,Awarded,Low,25.0,Low,Initial Site Mobilization and Statutory Clearance Processing
Gujarat,PRJ1398,Unnamed Infrastructure Project,Road Transport & Highways,Central Executing Agency,Ministry of Road Transport and Highways,100.0,100.0,0.0,0.0,0,36,40.0,Approved,Awarded,Low,25.0,Low,Initial Site Mobilization and Statutory Clearance Processing
Madhya Pradesh,PRJ1399,Unnamed Infrastructure Project,Road Transport & Highways,Central Executing Agency,Ministry of Road Transport and Highways,100.0,100.0,0.0,0.0,0,36,40.0,Approved,Awarded,Low,25.0,Low,Initial Site Mobilization and Statutory Clearance Processing
Rajasthan,PRJ1400,Unnamed Infrastructure Project,Road Transport & Highways,Central Executing Agency,Ministry of Road Transport and Highways,100.0,100.0,0.0,0.0,0,36,40.0,Approved,Awarded,Low,25.0,Low,Initial Site Mobilization and Statutory Clearance Processing
Manipur,PRJ1401,Unnamed Infrastructure Project,Road Transport & Highways,Central Executing Agency,Ministry of Road Transport and Highways,100.0,100.0,0.0,0.0,0,36,40.0,Approved,Awarded,Low,25.0,Low,Initial Site Mobilization and Statutory Clearance Processing
Jammu & Kashmir,PRJ1402,Unnamed Infrastructure Project,Road Transport & Highways,Central Executing Agency,Ministry of Road Transport and Highways,100.0,100.0,0.0,0.0,0,36,40.0,Approved,Awarded,Low,25.0,Low,Initial Site Mobilization and Statutory Clearance Processing
Jammu & Kashmir,PRJ1403,Unnamed Infrastructure Project,Road Transport & Highways,Central Executing Agency,Ministry of Road Transport and Highways,100.0,100.0,0.0,0.0,0,36,40.0,Approved,Awarded,Low,25.0,Low,Initial Site Mobilization and Statutory Clearance Processing
Maharashtra,PRJ1404,Unnamed Infrastructure Project,Road Transport & Highways,Central Executing Agency,Ministry of Road Transport and Highways,100.0,100.0,0.0,0.0,0,36,40.0,Approved,Awarded,Low,25.0,Low,Initial Site Mobilization and Statutory Clearance Processing
Jammu & Kashmir,PRJ1405,Unnamed Infrastructure Project,Road Transport & Highways,Central Executing Agency,Ministry of Road Transport and Highways,100.0,100.0,0.0,0.0,0,36,40.0,Approved,Awarded,Low,25.0,Low,Initial Site Mobilization and Statutory Clearance Processing
Maharashtra,PRJ1406,Unnamed Infrastructure Project,Road Transport & Highways,Central Executing Agency,Ministry of Road Transport and Highways,100.0,100.0,0.0,0.0,0,36,40.0,Approved,Awarded,Low,25.0,Low,Initial Site Mobilization and Statutory Clearance Processing
Punjab,PRJ1407,Unnamed Infrastructure Project,Road Transport & Highways,Central Executing Agency,Ministry of Road Transport and Highways,100.0,100.0,0.0,0.0,0,36,40.0,Approved,Awarded,Low,25.0,Low,Initial Site Mobilization and Statutory Clearance Processing
Chhattisgarh,PRJ1408,Unnamed Infrastructure Project,Road Transport & Highways,Central Executing Agency,Ministry of Road Transport and Highways,100.0,100.0,0.0,0.0,0,36,40.0,Approved,Awarded,Low,25.0,Low,Initial Site Mobilization and Statutory Clearance Processing
Gujarat,PRJ1409,Unnamed Infrastructure Project,Road Transport & Highways,Central Executing Agency,Ministry of Road Transport and Highways,100.0,100.0,0.0,0.0,0,36,40.0,Approved,Awarded,Low,25.0,Low,Initial Site Mobilization and Statutory Clearance Processing
Maharashtra,PRJ1410,Unnamed Infrastructure Project,Road Transport & Highways,Central Executing Agency,Ministry of Road Transport and Highways,100.0,100.0,0.0,0.0,0,36,40.0,Approved,Awarded,Low,25.0,Low,Initial Site Mobilization and Statutory Clearance Processing
Madhya Pradesh,PRJ1411,Unnamed Infrastructure Project,Road Transport & Highways,Central Executing Agency,Ministry of Road Transport and Highways,100.0,100.0,0.0,0.0,0,36,40.0,Approved,Awarded,Low,25.0,Low,Initial Site Mobilization and Statutory Clearance Processing
Uttarakhand,PRJ1412,Unnamed Infrastructure Project,Road Transport & Highways,Central Executing Agency,Ministry of Road Transport and Highways,100.0,100.0,0.0,0.0,0,36,40.0,Approved,Awarded,Low,25.0,Low,Initial Site Mobilization and Statutory Clearance Processing
Madhya Pradesh,PRJ1413,Unnamed Infrastructure Project,Road Transport & Highways,Central Executing Agency,Ministry of Road Transport and Highways,100.0,100.0,0.0,0.0,0,36,40.0,Approved,Awarded,Low,25.0,Low,Initial Site Mobilization and Statutory Clearance Processing
Madhya Pradesh,PRJ1414,Unnamed Infrastructure Project,Road Transport & Highways,Central Executing Agency,Ministry of Road Transport and Highways,100.0,100.0,0.0,0.0,0,36,40.0,Approved,Awarded,Low,25.0,Low,Initial Site Mobilization and Statutory Clearance Processing
Madhya Pradesh,PRJ1415,Unnamed Infrastructure Project,Road Transport & Highways,Central Executing Agency,Ministry of Road Transport and Highways,100.0,100.0,0.0,0.0,0,36,40.0,Approved,Awarded,Low,25.0,Low,Initial Site Mobilization and Statutory Clearance Processing
Odisha,PRJ1416,Unnamed Infrastructure Project,Road Transport & Highways,Central Executing Agency,Ministry of Road Transport and Highways,100.0,100.0,0.0,0.0,0,36,40.0,Approved,Awarded,Low,25.0,Low,Initial Site Mobilization and Statutory Clearance Processing
Maharashtra,PRJ1417,Unnamed Infrastructure Project,Road Transport & Highways,Central Executing Agency,Ministry of Road Transport and Highways,100.0,100.0,0.0,0.0,0,36,40.0,Approved,Awarded,Low,25.0,Low,Initial Site Mobilization and Statutory Clearance Processing
Rajasthan,PRJ1418,Unnamed Infrastructure Project,Road Transport & Highways,Central Executing Agency,Ministry of Road Transport and Highways,100.0,100.0,0.0,0.0,0,36,40.0,Approved,Awarded,Low,25.0,Low,Initial Site Mobilization and Statutory Clearance Processing
Chhattisgarh,PRJ1419,Unnamed Infrastructure Project,Road Transport & Highways,Central Executing Agency,Ministry of Road Transport and Highways,100.0,100.0,0.0,0.0,0,36,40.0,Approved,Awarded,Low,25.0,Low,Initial Site Mobilization and Statutory Clearance Processing
Chhattisgarh,PRJ1420,Unnamed Infrastructure Project,Road Transport & Highways,Central Executing Agency,Ministry of Road Transport and Highways,100.0,100.0,0.0,0.0,0,36,40.0,Approved,Awarded,Low,25.0,Low,Initial Site Mobilization and Statutory Clearance Processing
Chhattisgarh,PRJ1421,Unnamed Infrastructure Project,Road Transport & Highways,Central Executing Agency,Ministry of Road Transport and Highways,100.0,100.0,0.0,0.0,0,36,40.0,Approved,Awarded,Low,25.0,Low,Initial Site Mobilization and Statutory Clearance Processing
Maharashtra,PRJ1422,Unnamed Infrastructure Project,Road Transport & Highways,Central Executing Agency,Ministry of Road Transport and Highways,100.0,100.0,0.0,0.0,0,36,40.0,Approved,Awarded,Low,25.0,Low,Initial Site Mobilization and Statutory Clearance Processing
Gujarat,PRJ1423,Unnamed Infrastructure Project,Road Transport & Highways,Central Executing Agency,Ministry of Road Transport and Highways,100.0,100.0,0.0,0.0,0,36,40.0,Approved,Awarded,Low,25.0,Low,Initial Site Mobilization and Statutory Clearance Processing
Madhya Pradesh,PRJ1424,Unnamed Infrastructure Project,Road Transport & Highways,Central Executing Agency,Ministry of Road Transport and Highways,100.0,100.0,0.0,0.0,0,36,40.0,Approved,Awarded,Low,25.0,Low,Initial Site Mobilization and Statutory Clearance Processing
Chhattisgarh,PRJ1425,Unnamed Infrastructure Project,Road Transport & Highways,Central Executing Agency,Ministry of Road Transport and Highways,100.0,100.0,0.0,0.0,0,36,40.0,Approved,Awarded,Low,25.0,Low,Initial Site Mobilization and Statutory Clearance Processing
Chhattisgarh,PRJ1426,Unnamed Infrastructure Project,Road Transport & Highways,Central Executing Agency,Ministry of Road Transport and Highways,100.0,100.0,0.0,0.0,0,36,40.0,Approved,Awarded,Low,25.0,Low,Initial Site Mobilization and Statutory Clearance Processing
Gujarat,PRJ1427,Unnamed Infrastructure Project,Road Transport & Highways,Central Executing Agency,Ministry of Road Transport and Highways,100.0,100.0,0.0,0.0,0,36,40.0,Approved,Awarded,Low,25.0,Low,Initial Site Mobilization and Statutory Clearance Processing
Madhya Pradesh,PRJ1428,Unnamed Infrastructure Project,Road Transport & Highways,Central Executing Agency,Ministry of Road Transport and Highways,100.0,100.0,0.0,0.0,0,36,40.0,Approved,Awarded,Low,25.0,Low,Initial Site Mobilization and Statutory Clearance Processing
Madhya Pradesh,PRJ1429,Unnamed Infrastructure Project,Road Transport & Highways,Central Executing Agency,Ministry of Road Transport and Highways,100.0,100.0,0.0,0.0,0,36,40.0,Approved,Awarded,Low,25.0,Low,Initial Site Mobilization and Statutory Clearance Processing
Madhya Pradesh,PRJ1430,Unnamed Infrastructure Project,Road Transport & Highways,Central Executing Agency,Ministry of Road Transport and Highways,100.0,100.0,0.0,0.0,0,36,40.0,Approved,Awarded,Low,25.0,Low,Initial Site Mobilization and Statutory Clearance Processing
Uttarakhand,PRJ1431,Unnamed Infrastructure Project,Road Transport & Highways,Central Executing Agency,Ministry of Road Transport and Highways,100.0,100.0,0.0,0.0,0,36,40.0,Approved,Awarded,Low,25.0,Low,Initial Site Mobilization and Statutory Clearance Processing
Rajasthan,PRJ1432,Unnamed Infrastructure Project,Road Transport & Highways,Central Executing Agency,Ministry of Road Transport and Highways,100.0,100.0,0.0,0.0,0,36,40.0,Approved,Awarded,Low,25.0,Low,Initial Site Mobilization and Statutory Clearance Processing
Andhra Pradesh,PRJ1433,Unnamed Infrastructure Project,Road Transport & Highways,Central Executing Agency,Ministry of Road Transport and Highways,100.0,100.0,0.0,0.0,0,36,40.0,Approved,Awarded,Low,25.0,Low,Initial Site Mobilization and Statutory Clearance Processing
Chhattisgarh,PRJ1434,Unnamed Infrastructure Project,Road Transport & Highways,Central Executing Agency,Ministry of Road Transport and Highways,100.0,100.0,0.0,0.0,0,36,40.0,Approved,Awarded,Low,25.0,Low,Initial Site Mobilization and Statutory Clearance Processing
Telangana,PRJ1435,Unnamed Infrastructure Project,Road Transport & Highways,Central Executing Agency,Ministry of Road Transport and Highways,100.0,100.0,0.0,0.0,0,36,40.0,Approved,Awarded,Low,25.0,Low,Initial Site Mobilization and Statutory Clearance Processing
Rajasthan,PRJ1436,Unnamed Infrastructure Project,Road Transport & Highways,Central Executing Agency,Ministry of Road Transport and Highways,100.0,100.0,0.0,0.0,0,36,40.0,Approved,Awarded,Low,25.0,Low,Initial Site Mobilization and Statutory Clearance Processing
Maharashtra,PRJ1437,Unnamed Infrastructure Project,Road Transport & Highways,Central Executing Agency,Ministry of Road Transport and Highways,100.0,100.0,0.0,0.0,0,36,40.0,Approved,Awarded,Low,25.0,Low,Initial Site Mobilization and Statutory Clearance Processing
Maharashtra,PRJ1438,Unnamed Infrastructure Project,Road Transport & Highways,Central Executing Agency,Ministry of Road Transport and Highways,100.0,100.0,0.0,0.0,0,36,40.0,Approved,Awarded,Low,25.0,Low,Initial Site Mobilization and Statutory Clearance Processing
Maharashtra,PRJ1439,Unnamed Infrastructure Project,Road Transport & Highways,Central Executing Agency,Ministry of Road Transport and Highways,100.0,100.0,0.0,0.0,0,36,40.0,Approved,Awarded,Low,25.0,Low,Initial Site Mobilization and Statutory Clearance Processing
Maharashtra,PRJ1440,Unnamed Infrastructure Project,Road Transport & Highways,Central Executing Agency,Ministry of Road Transport and Highways,100.0,100.0,0.0,0.0,0,36,40.0,Approved,Awarded,Low,25.0,Low,Initial Site Mobilization and Statutory Clearance Processing
Maharashtra,PRJ1441,Unnamed Infrastructure Project,Road Transport & Highways,Central Executing Agency,Ministry of Road Transport and Highways,100.0,100.0,0.0,0.0,0,36,40.0,Approved,Awarded,Low,25.0,Low,Initial Site Mobilization and Statutory Clearance Processing
Maharashtra,PRJ1442,Unnamed Infrastructure Project,Road Transport & Highways,Central Executing Agency,Ministry of Road Transport and Highways,100.0,100.0,0.0,0.0,0,36,40.0,Approved,Awarded,Low,25.0,Low,Initial Site Mobilization and Statutory Clearance Processing
Maharashtra,PRJ1443,Unnamed Infrastructure Project,Road Transport & Highways,Central Executing Agency,Ministry of Road Transport and Highways,100.0,100.0,0.0,0.0,0,36,40.0,Approved,Awarded,Low,25.0,Low,Initial Site Mobilization and Statutory Clearance Processing
Maharashtra,PRJ1444,Unnamed Infrastructure Project,Road Transport & Highways,Central Executing Agency,Ministry of Road Transport and Highways,100.0,100.0,0.0,0.0,0,36,40.0,Approved,Awarded,Low,25.0,Low,Initial Site Mobilization and Statutory Clearance Processing
Maharashtra,PRJ1445,Unnamed Infrastructure Project,Road Transport & Highways,Central Executing Agency,Ministry of Road Transport and Highways,100.0,100.0,0.0,0.0,0,36,40.0,Approved,Awarded,Low,25.0,Low,Initial Site Mobilization and Statutory Clearance Processing
Maharashtra,PRJ1446,Unnamed Infrastructure Project,Road Transport & Highways,Central Executing Agency,Ministry of Road Transport and Highways,100.0,100.0,0.0,0.0,0,36,40.0,Approved,Awarded,Low,25.0,Low,Initial Site Mobilization and Statutory Clearance Processing
Uttar Pradesh,PRJ1447,Unnamed Infrastructure Project,Road Transport & Highways,Central Executing Agency,Ministry of Road Transport and Highways,100.0,100.0,0.0,0.0,0,36,40.0,Approved,Awarded,Low,25.0,Low,Initial Site Mobilization and Statutory Clearance Processing
Uttar Pradesh,PRJ1448,Unnamed Infrastructure Project,Road Transport & Highways,Central Executing Agency,Ministry of Road Transport and Highways,100.0,100.0,0.0,0.0,0,36,40.0,Approved,Awarded,Low,25.0,Low,Initial Site Mobilization and Statutory Clearance Processing
Andhra Pradesh,PRJ1449,Unnamed Infrastructure Project,Road Transport & Highways,Central Executing Agency,Ministry of Road Transport and Highways,100.0,100.0,0.0,0.0,0,36,40.0,Approved,Awarded,Low,25.0,Low,Initial Site Mobilization and Statutory Clearance Processing
West Bengal,PRJ1450,Unnamed Infrastructure Project,Road Transport & Highways,Central Executing Agency,Ministry of Road Transport and Highways,100.0,100.0,0.0,0.0,0,36,40.0,Approved,Awarded,Low,25.0,Low,Initial Site Mobilization and Statutory Clearance Processing
Assam,PRJ1451,Unnamed Infrastructure Project,Road Transport & Highways,Central Executing Agency,Ministry of Road Transport and Highways,100.0,100.0,0.0,0.0,0,36,40.0,Approved,Awarded,Low,25.0,Low,Initial Site Mobilization and Statutory Clearance Processing
Kerala,PRJ1452,Unnamed Infrastructure Project,Road Transport & Highways,Central Executing Agency,Ministry of Road Transport and Highways,100.0,100.0,0.0,0.0,0,36,40.0,Approved,Awarded,Low,25.0,Low,Initial Site Mobilization and Statutory Clearance Processing
Telangana,PRJ1453,Unnamed Infrastructure Project,Road Transport & Highways,Central Executing Agency,Ministry of Road Transport and Highways,100.0,100.0,0.0,0.0,0,36,40.0,Approved,Awarded,Low,25.0,Low,Initial Site Mobilization and Statutory Clearance Processing
Odisha,PRJ1454,Unnamed Infrastructure Project,Road Transport & Highways,Central Executing Agency,Ministry of Road Transport and Highways,100.0,100.0,0.0,0.0,0,36,40.0,Approved,Awarded,Low,25.0,Low,Initial Site Mobilization and Statutory Clearance Processing
Chhattisgarh,PRJ1455,Unnamed Infrastructure Project,Road Transport & Highways,Central Executing Agency,Ministry of Road Transport and Highways,100.0,100.0,0.0,0.0,0,36,40.0,Approved,Awarded,Low,25.0,Low,Initial Site Mobilization and Statutory Clearance Processing
Jharkhand,PRJ1456,Unnamed Infrastructure Project,Road Transport & Highways,Central Executing Agency,Ministry of Road Transport and Highways,100.0,100.0,0.0,0.0,0,36,40.0,Approved,Awarded,Low,25.0,Low,Initial Site Mobilization and Statutory Clearance Processing
Madhya Pradesh,PRJ1457,Unnamed Infrastructure Project,Road Transport & Highways,Central Executing Agency,Ministry of Road Transport and Highways,100.0,100.0,0.0,0.0,0,36,40.0,Approved,Awarded,Low,25.0,Low,Initial Site Mobilization and Statutory Clearance Processing
Assam,PRJ1458,Unnamed Infrastructure Project,Road Transport & Highways,Central Executing Agency,Ministry of Road Transport and Highways,100.0,100.0,0.0,0.0,0,36,40.0,Approved,Awarded,Low,25.0,Low,Initial Site Mobilization and Statutory Clearance Processing
Assam,PRJ1459,Unnamed Infrastructure Project,Road Transport & Highways,Central Executing Agency,Ministry of Road Transport and Highways,100.0,100.0,0.0,0.0,0,36,40.0,Approved,Awarded,Low,25.0,Low,Initial Site Mobilization and Statutory Clearance Processing
Assam,PRJ1460,Unnamed Infrastructure Project,Road Transport & Highways,Central Executing Agency,Ministry of Road Transport and Highways,100.0,100.0,0.0,0.0,0,36,40.0,Approved,Awarded,Low,25.0,Low,Initial Site Mobilization and Statutory Clearance Processing
Gujarat,PRJ1461,Unnamed Infrastructure Project,Road Transport & Highways,Central Executing Agency,Ministry of Road Transport and Highways,100.0,100.0,0.0,0.0,0,36,40.0,Approved,Awarded,Low,25.0,Low,Initial Site Mobilization and Statutory Clearance Processing
Gujarat,PRJ1462,Unnamed Infrastructure Project,Road Transport & Highways,Central Executing Agency,Ministry of Road Transport and Highways,100.0,100.0,0.0,0.0,0,36,40.0,Approved,Awarded,Low,25.0,Low,Initial Site Mobilization and Statutory Clearance Processing
Telangana,PRJ1463,Unnamed Infrastructure Project,Road Transport & Highways,Central Executing Agency,Ministry of Road Transport and Highways,100.0,100.0,0.0,0.0,0,36,40.0,Approved,Awarded,Low,25.0,Low,Initial Site Mobilization and Statutory Clearance Processing
Jharkhand,PRJ1464,Unnamed Infrastructure Project,Road Transport & Highways,Central Executing Agency,Ministry of Road Transport and Highways,100.0,100.0,0.0,0.0,0,36,40.0,Approved,Awarded,Low,25.0,Low,Initial Site Mobilization and Statutory Clearance Processing
Jharkhand,PRJ1465,Unnamed Infrastructure Project,Road Transport & Highways,Central Executing Agency,Ministry of Road Transport and Highways,100.0,100.0,0.0,0.0,0,36,40.0,Approved,Awarded,Low,25.0,Low,Initial Site Mobilization and Statutory Clearance Processing
Odisha,PRJ1466,Unnamed Infrastructure Project,Road Transport & Highways,Central Executing Agency,Ministry of Road Transport and Highways,100.0,100.0,0.0,0.0,0,36,40.0,Approved,Awarded,Low,25.0,Low,Initial Site Mobilization and Statutory Clearance Processing
Maharashtra,PRJ1467,Unnamed Infrastructure Project,Road Transport & Highways,Central Executing Agency,Ministry of Road Transport and Highways,100.0,100.0,0.0,0.0,0,36,40.0,Approved,Awarded,Low,25.0,Low,Initial Site Mobilization and Statutory Clearance Processing
Jammu & Kashmir,PRJ1468,Unnamed Infrastructure Project,Road Transport & Highways,Central Executing Agency,Ministry of Road Transport and Highways,100.0,100.0,0.0,0.0,0,36,40.0,Approved,Awarded,Low,25.0,Low,Initial Site Mobilization and Statutory Clearance Processing
Jammu & Kashmir,PRJ1469,Unnamed Infrastructure Project,Road Transport & Highways,Central Executing Agency,Ministry of Road Transport and Highways,100.0,100.0,0.0,0.0,0,36,40.0,Approved,Awarded,Low,25.0,Low,Initial Site Mobilization and Statutory Clearance Processing
Telangana,PRJ1470,Unnamed Infrastructure Project,Road Transport & Highways,Central Executing Agency,Ministry of Road Transport and Highways,100.0,100.0,0.0,0.0,0,36,40.0,Approved,Awarded,Low,25.0,Low,Initial Site Mobilization and Statutory Clearance Processing
Odisha,PRJ1471,Unnamed Infrastructure Project,Road Transport & Highways,Central Executing Agency,Ministry of Road Transport and Highways,100.0,100.0,0.0,0.0,0,36,40.0,Approved,Awarded,Low,25.0,Low,Initial Site Mobilization and Statutory Clearance Processing
Odisha,PRJ1472,Unnamed Infrastructure Project,Road Transport & Highways,Central Executing Agency,Ministry of Road Transport and Highways,100.0,100.0,0.0,0.0,0,36,40.0,Approved,Awarded,Low,25.0,Low,Initial Site Mobilization and Statutory Clearance Processing
Telangana,PRJ1473,Unnamed Infrastructure Project,Road Transport & Highways,Central Executing Agency,Ministry of Road Transport and Highways,100.0,100.0,0.0,0.0,0,36,40.0,Approved,Awarded,Low,25.0,Low,Initial Site Mobilization and Statutory Clearance Processing
Odisha,PRJ1474,Unnamed Infrastructure Project,Road Transport & Highways,Central Executing Agency,Ministry of Road Transport and Highways,100.0,100.0,0.0,0.0,0,36,40.0,Approved,Awarded,Low,25.0,Low,Initial Site Mobilization and Statutory Clearance Processing
Uttar Pradesh,PRJ1475,Unnamed Infrastructure Project,Road Transport & Highways,Central Executing Agency,Ministry of Road Transport and Highways,100.0,100.0,0.0,0.0,0,36,40.0,Approved,Awarded,Low,25.0,Low,Initial Site Mobilization and Statutory Clearance Processing
Jammu & Kashmir,PRJ1476,Unnamed Infrastructure Project,Road Transport & Highways,Central Executing Agency,Ministry of Road Transport and Highways,100.0,100.0,0.0,0.0,0,36,40.0,Approved,Awarded,Low,25.0,Low,Initial Site Mobilization and Statutory Clearance Processing
Gujarat,PRJ1477,Unnamed Infrastructure Project,Road Transport & Highways,Central Executing Agency,Ministry of Road Transport and Highways,100.0,100.0,0.0,0.0,0,36,40.0,Approved,Awarded,Low,25.0,Low,Initial Site Mobilization and Statutory Clearance Processing
Rajasthan,PRJ1478,Unnamed Infrastructure Project,Road Transport & Highways,Central Executing Agency,Ministry of Road Transport and Highways,100.0,100.0,0.0,0.0,0,36,40.0,Approved,Awarded,Low,25.0,Low,Initial Site Mobilization and Statutory Clearance Processing
Karnataka,PRJ1479,Unnamed Infrastructure Project,Road Transport & Highways,Central Executing Agency,Ministry of Road Transport and Highways,100.0,100.0,0.0,0.0,0,36,40.0,Approved,Awarded,Low,25.0,Low,Initial Site Mobilization and Statutory Clearance Processing
Jammu & Kashmir,PRJ1480,Unnamed Infrastructure Project,Road Transport & Highways,Central Executing Agency,Ministry of Road Transport and Highways,100.0,100.0,0.0,0.0,0,36,40.0,Approved,Awarded,Low,25.0,Low,Initial Site Mobilization and Statutory Clearance Processing
Karnataka,PRJ1481,Unnamed Infrastructure Project,Road Transport & Highways,Central Executing Agency,Ministry of Road Transport and Highways,100.0,100.0,0.0,0.0,0,36,40.0,Approved,Awarded,Low,25.0,Low,Initial Site Mobilization and Statutory Clearance Processing
West Bengal,PRJ1482,Unnamed Infrastructure Project,Road Transport & Highways,Central Executing Agency,Ministry of Road Transport and Highways,100.0,100.0,0.0,0.0,0,36,40.0,Approved,Awarded,Low,25.0,Low,Initial Site Mobilization and Statutory Clearance Processing
Andhra Pradesh,PRJ1483,Unnamed Infrastructure Project,Road Transport & Highways,Central Executing Agency,Ministry of Road Transport and Highways,100.0,100.0,0.0,0.0,0,36,40.0,Approved,Awarded,Low,25.0,Low,Initial Site Mobilization and Statutory Clearance Processing
Kerala,PRJ1484,Unnamed Infrastructure Project,Road Transport & Highways,Central Executing Agency,Ministry of Road Transport and Highways,100.0,100.0,0.0,0.0,0,36,40.0,Approved,Awarded,Low,25.0,Low,Initial Site Mobilization and Statutory Clearance Processing
Rajasthan,PRJ1485,Unnamed Infrastructure Project,Road Transport & Highways,Central Executing Agency,Ministry of Road Transport and Highways,100.0,100.0,0.0,0.0,0,36,40.0,Approved,Awarded,Low,25.0,Low,Initial Site Mobilization and Statutory Clearance Processing
Rajasthan,PRJ1486,Unnamed Infrastructure Project,Road Transport & Highways,Central Executing Agency,Ministry of Road Transport and Highways,100.0,100.0,0.0,0.0,0,36,40.0,Approved,Awarded,Low,25.0,Low,Initial Site Mobilization and Statutory Clearance Processing
Manipur,PRJ1487,Unnamed Infrastructure Project,Road Transport & Highways,Central Executing Agency,Ministry of Road Transport and Highways,100.0,100.0,0.0,0.0,0,36,40.0,Approved,Awarded,Low,25.0,Low,Initial Site Mobilization and Statutory Clearance Processing
Manipur,PRJ1488,Unnamed Infrastructure Project,Road Transport & Highways,Central Executing Agency,Ministry of Road Transport and Highways,100.0,100.0,0.0,0.0,0,36,40.0,Approved,Awarded,Low,25.0,Low,Initial Site Mobilization and Statutory Clearance Processing
Uttarakhand,PRJ1489,Unnamed Infrastructure Project,Road Transport & Highways,Central Executing Agency,Ministry of Road Transport and Highways,100.0,100.0,0.0,0.0,0,36,40.0,Approved,Awarded,Low,25.0,Low,Initial Site Mobilization and Statutory Clearance Processing
Maharashtra,PRJ1490,Unnamed Infrastructure Project,Road Transport & Highways,Central Executing Agency,Ministry of Road Transport and Highways,100.0,100.0,0.0,0.0,0,36,40.0,Approved,Awarded,Low,25.0,Low,Initial Site Mobilization and Statutory Clearance Processing
Uttar Pradesh,PRJ1491,Unnamed Infrastructure Project,Road Transport & Highways,Central Executing Agency,Ministry of Road Transport and Highways,100.0,100.0,0.0,0.0,0,36,40.0,Approved,Awarded,Low,25.0,Low,Initial Site Mobilization and Statutory Clearance Processing
Tamil Nadu,PRJ1492,Unnamed Infrastructure Project,Road Transport & Highways,Central Executing Agency,Ministry of Road Transport and Highways,100.0,100.0,0.0,0.0,0,36,40.0,Approved,Awarded,Low,25.0,Low,Initial Site Mobilization and Statutory Clearance Processing
Odisha,PRJ1493,Unnamed Infrastructure Project,Road Transport & Highways,Central Executing Agency,Ministry of Road Transport and Highways,100.0,100.0,0.0,0.0,0,36,40.0,Approved,Awarded,Low,25.0,Low,Initial Site Mobilization and Statutory Clearance Processing
Manipur,PRJ1494,Unnamed Infrastructure Project,Road Transport & Highways,Central Executing Agency,Ministry of Road Transport and Highways,100.0,100.0,0.0,0.0,0,36,40.0,Approved,Awarded,Low,25.0,Low,Initial Site Mobilization and Statutory Clearance Processing
Manipur,PRJ1495,Unnamed Infrastructure Project,Road Transport & Highways,Central Executing Agency,Ministry of Road Transport and Highways,100.0,100.0,0.0,0.0,0,36,40.0,Approved,Awarded,Low,25.0,Low,Initial Site Mobilization and Statutory Clearance Processing
Odisha,PRJ1496,Unnamed Infrastructure Project,Road Transport & Highways,Central Executing Agency,Ministry of Road Transport and Highways,100.0,100.0,0.0,0.0,0,36,40.0,Approved,Awarded,Low,25.0,Low,Initial Site Mobilization and Statutory Clearance Processing
Telangana,PRJ1497,Unnamed Infrastructure Project,Road Transport & Highways,Central Executing Agency,Ministry of Road Transport and Highways,100.0,100.0,0.0,0.0,0,36,40.0,Approved,Awarded,Low,25.0,Low,Initial Site Mobilization and Statutory Clearance Processing
Karnataka,PRJ1498,Unnamed Infrastructure Project,Road Transport & Highways,Central Executing Agency,Ministry of Road Transport and Highways,100.0,100.0,0.0,0.0,0,36,40.0,Approved,Awarded,Low,25.0,Low,Initial Site Mobilization and Statutory Clearance Processing
Telangana,PRJ1499,Unnamed Infrastructure Project,Road Transport & Highways,Central Executing Agency,Ministry of Road Transport and Highways,100.0,100.0,0.0,0.0,0,36,40.0,Approved,Awarded,Low,25.0,Low,Initial Site Mobilization and Statutory Clearance Processing
Telangana,PRJ1500,Unnamed Infrastructure Project,Road Transport & Highways,Central Executing Agency,Ministry of Road Transport and Highways,100.0,100.0,0.0,0.0,0,36,40.0,Approved,Awarded,Low,25.0,Low,Initial Site Mobilization and Statutory Clearance Processing
Telangana,PRJ1501,Unnamed Infrastructure Project,Road Transport & Highways,Central Executing Agency,Ministry of Road Transport and Highways,100.0,100.0,0.0,0.0,0,36,40.0,Approved,Awarded,Low,25.0,Low,Initial Site Mobilization and Statutory Clearance Processing
Kerala,PRJ1502,Unnamed Infrastructure Project,Road Transport & Highways,Central Executing Agency,Ministry of Road Transport and Highways,100.0,100.0,0.0,0.0,0,36,40.0,Approved,Awarded,Low,25.0,Low,Initial Site Mobilization and Statutory Clearance Processing
Uttarakhand,PRJ1503,Unnamed Infrastructure Project,Road Transport & Highways,Central Executing Agency,Ministry of Road Transport and Highways,100.0,100.0,0.0,0.0,0,36,40.0,Approved,Awarded,Low,25.0,Low,Initial Site Mobilization and Statutory Clearance Processing
Manipur,PRJ1504,Unnamed Infrastructure Project,Road Transport & Highways,Central Executing Agency,Ministry of Road Transport and Highways,100.0,100.0,0.0,0.0,0,36,40.0,Approved,Awarded,Low,25.0,Low,Initial Site Mobilization and Statutory Clearance Processing
Manipur,PRJ1505,Unnamed Infrastructure Project,Road Transport & Highways,Central Executing Agency,Ministry of Road Transport and Highways,100.0,100.0,0.0,0.0,0,36,40.0,Approved,Awarded,Low,25.0,Low,Initial Site Mobilization and Statutory Clearance Processing
Manipur,PRJ1506,Unnamed Infrastructure Project,Road Transport & Highways,Central Executing Agency,Ministry of Road Transport and Highways,100.0,100.0,0.0,0.0,0,36,40.0,Approved,Awarded,Low,25.0,Low,Initial Site Mobilization and Statutory Clearance Processing
Manipur,PRJ1507,Unnamed Infrastructure Project,Road Transport & Highways,Central Executing Agency,Ministry of Road Transport and Highways,100.0,100.0,0.0,0.0,0,36,40.0,Approved,Awarded,Low,25.0,Low,Initial Site Mobilization and Statutory Clearance Processing
Madhya Pradesh,PRJ1508,Unnamed Infrastructure Project,Road Transport & Highways,Central Executing Agency,Ministry of Road Transport and Highways,100.0,100.0,0.0,0.0,0,36,40.0,Approved,Awarded,Low,25.0,Low,Initial Site Mobilization and Statutory Clearance Processing
Manipur,PRJ1509,Unnamed Infrastructure Project,Road Transport & Highways,Central Executing Agency,Ministry of Road Transport and Highways,100.0,100.0,0.0,0.0,0,36,40.0,Approved,Awarded,Low,25.0,Low,Initial Site Mobilization and Statutory Clearance Processing
Karnataka,PRJ1510,Unnamed Infrastructure Project,Road Transport & Highways,Central Executing Agency,Ministry of Road Transport and Highways,100.0,100.0,0.0,0.0,0,36,40.0,Approved,Awarded,Low,25.0,Low,Initial Site Mobilization and Statutory Clearance Processing
Gujarat,PRJ1511,Unnamed Infrastructure Project,Road Transport & Highways,Central Executing Agency,Ministry of Road Transport and Highways,100.0,100.0,0.0,0.0,0,36,40.0,Approved,Awarded,Low,25.0,Low,Initial Site Mobilization and Statutory Clearance Processing
Karnataka,PRJ1512,Unnamed Infrastructure Project,Road Transport & Highways,Central Executing Agency,Ministry of Road Transport and Highways,100.0,100.0,0.0,0.0,0,36,40.0,Approved,Awarded,Low,25.0,Low,Initial Site Mobilization and Statutory Clearance Processing
Karnataka,PRJ1513,Unnamed Infrastructure Project,Road Transport & Highways,Central Executing Agency,Ministry of Road Transport and Highways,100.0,100.0,0.0,0.0,0,36,40.0,Approved,Awarded,Low,25.0,Low,Initial Site Mobilization and Statutory Clearance Processing
Karnataka,PRJ1514,Unnamed Infrastructure Project,Road Transport & Highways,Central Executing Agency,Ministry of Road Transport and Highways,100.0,100.0,0.0,0.0,0,36,40.0,Approved,Awarded,Low,25.0,Low,Initial Site Mobilization and Statutory Clearance Processing
Karnataka,PRJ1515,Unnamed Infrastructure Project,Road Transport & Highways,Central Executing Agency,Ministry of Road Transport and Highways,100.0,100.0,0.0,0.0,0,36,40.0,Approved,Awarded,Low,25.0,Low,Initial Site Mobilization and Statutory Clearance Processing
Uttar Pradesh,PRJ1516,Unnamed Infrastructure Project,Road Transport & Highways,Central Executing Agency,Ministry of Road Transport and Highways,100.0,100.0,0.0,0.0,0,36,40.0,Approved,Awarded,Low,25.0,Low,Initial Site Mobilization and Statutory Clearance Processing
Karnataka,PRJ1517,Unnamed Infrastructure Project,Road Transport & Highways,Central Executing Agency,Ministry of Road Transport and Highways,100.0,100.0,0.0,0.0,0,36,40.0,Approved,Awarded,Low,25.0,Low,Initial Site Mobilization and Statutory Clearance Processing
Uttar Pradesh,PRJ1518,Unnamed Infrastructure Project,Road Transport & Highways,Central Executing Agency,Ministry of Road Transport and Highways,100.0,100.0,0.0,0.0,0,36,40.0,Approved,Awarded,Low,25.0,Low,Initial Site Mobilization and Statutory Clearance Processing
Karnataka,PRJ1519,Unnamed Infrastructure Project,Road Transport & Highways,Central Executing Agency,Ministry of Road Transport and Highways,100.0,100.0,0.0,0.0,0,36,40.0,Approved,Awarded,Low,25.0,Low,Initial Site Mobilization and Statutory Clearance Processing
Karnataka,PRJ1520,Unnamed Infrastructure Project,Road Transport & Highways,Central Executing Agency,Ministry of Road Transport and Highways,100.0,100.0,0.0,0.0,0,36,40.0,Approved,Awarded,Low,25.0,Low,Initial Site Mobilization and Statutory Clearance Processing
Gujarat,PRJ1521,Unnamed Infrastructure Project,Road Transport & Highways,Central Executing Agency,Ministry of Road Transport and Highways,100.0,100.0,0.0,0.0,0,36,40.0,Approved,Awarded,Low,25.0,Low,Initial Site Mobilization and Statutory Clearance Processing
Karnataka,PRJ1522,Unnamed Infrastructure Project,Road Transport & Highways,Central Executing Agency,Ministry of Road Transport and Highways,100.0,100.0,0.0,0.0,0,36,40.0,Approved,Awarded,Low,25.0,Low,Initial Site Mobilization and Statutory Clearance Processing
Uttar Pradesh,PRJ1523,Unnamed Infrastructure Project,Road Transport & Highways,Central Executing Agency,Ministry of Road Transport and Highways,100.0,100.0,0.0,0.0,0,36,40.0,Approved,Awarded,Low,25.0,Low,Initial Site Mobilization and Statutory Clearance Processing
Uttar Pradesh,PRJ1524,Unnamed Infrastructure Project,Road Transport & Highways,Central Executing Agency,Ministry of Road Transport and Highways,100.0,100.0,0.0,0.0,0,36,40.0,Approved,Awarded,Low,25.0,Low,Initial Site Mobilization and Statutory Clearance Processing
Uttar Pradesh,PRJ1525,Unnamed Infrastructure Project,Road Transport & Highways,Central Executing Agency,Ministry of Road Transport and Highways,100.0,100.0,0.0,0.0,0,36,40.0,Approved,Awarded,Low,25.0,Low,Initial Site Mobilization and Statutory Clearance Processing
Karnataka,PRJ1526,Unnamed Infrastructure Project,Road Transport & Highways,Central Executing Agency,Ministry of Road Transport and Highways,100.0,100.0,0.0,0.0,0,36,40.0,Approved,Awarded,Low,25.0,Low,Initial Site Mobilization and Statutory Clearance Processing
Karnataka,PRJ1527,Unnamed Infrastructure Project,Road Transport & Highways,Central Executing Agency,Ministry of Road Transport and Highways,100.0,100.0,0.0,0.0,0,36,40.0,Approved,Awarded,Low,25.0,Low,Initial Site Mobilization and Statutory Clearance Processing
Telangana,PRJ1528,Unnamed Infrastructure Project,Road Transport & Highways,Central Executing Agency,Ministry of Road Transport and Highways,100.0,100.0,0.0,0.0,0,36,40.0,Approved,Awarded,Low,25.0,Low,Initial Site Mobilization and Statutory Clearance Processing
Andhra Pradesh,PRJ1529,Unnamed Infrastructure Project,Road Transport & Highways,Central Executing Agency,Ministry of Road Transport and Highways,100.0,100.0,0.0,0.0,0,36,40.0,Approved,Awarded,Low,25.0,Low,Initial Site Mobilization and Statutory Clearance Processing
Karnataka,PRJ1530,Unnamed Infrastructure Project,Road Transport & Highways,Central Executing Agency,Ministry of Road Transport and Highways,100.0,100.0,0.0,0.0,0,36,40.0,Approved,Awarded,Low,25.0,Low,Initial Site Mobilization and Statutory Clearance Processing
Maharashtra,PRJ1531,Unnamed Infrastructure Project,Road Transport & Highways,Central Executing Agency,Ministry of Road Transport and Highways,100.0,100.0,0.0,0.0,0,36,40.0,Approved,Awarded,Low,25.0,Low,Initial Site Mobilization and Statutory Clearance Processing
Kerala,PRJ1532,Unnamed Infrastructure Project,Road Transport & Highways,Central Executing Agency,Ministry of Road Transport and Highways,100.0,100.0,0.0,0.0,0,36,40.0,Approved,Awarded,Low,25.0,Low,Initial Site Mobilization and Statutory Clearance Processing
Telangana,PRJ1533,Unnamed Infrastructure Project,Road Transport & Highways,Central Executing Agency,Ministry of Road Transport and Highways,100.0,100.0,0.0,0.0,0,36,40.0,Approved,Awarded,Low,25.0,Low,Initial Site Mobilization and Statutory Clearance Processing
Telangana,PRJ1534,Unnamed Infrastructure Project,Road Transport & Highways,Central Executing Agency,Ministry of Road Transport and Highways,100.0,100.0,0.0,0.0,0,36,40.0,Approved,Awarded,Low,25.0,Low,Initial Site Mobilization and Statutory Clearance Processing
Karnataka,PRJ1535,Unnamed Infrastructure Project,Road Transport & Highways,Central Executing Agency,Ministry of Road Transport and Highways,100.0,100.0,0.0,0.0,0,36,40.0,Approved,Awarded,Low,25.0,Low,Initial Site Mobilization and Statutory Clearance Processing
Telangana,PRJ1536,Unnamed Infrastructure Project,Road Transport & Highways,Central Executing Agency,Ministry of Road Transport and Highways,100.0,100.0,0.0,0.0,0,36,40.0,Approved,Awarded,Low,25.0,Low,Initial Site Mobilization and Statutory Clearance Processing
Telangana,PRJ1537,Unnamed Infrastructure Project,Road Transport & Highways,Central Executing Agency,Ministry of Road Transport and Highways,100.0,100.0,0.0,0.0,0,36,40.0,Approved,Awarded,Low,25.0,Low,Initial Site Mobilization and Statutory Clearance Processing
Telangana,PRJ1538,Unnamed Infrastructure Project,Road Transport & Highways,Central Executing Agency,Ministry of Road Transport and Highways,100.0,100.0,0.0,0.0,0,36,40.0,Approved,Awarded,Low,25.0,Low,Initial Site Mobilization and Statutory Clearance Processing
Uttar Pradesh,PRJ1539,Unnamed Infrastructure Project,Road Transport & Highways,Central Executing Agency,Ministry of Road Transport and Highways,100.0,100.0,0.0,0.0,0,36,40.0,Approved,Awarded,Low,25.0,Low,Initial Site Mobilization and Statutory Clearance Processing
Tamil Nadu,PRJ1540,Unnamed Infrastructure Project,Road Transport & Highways,Central Executing Agency,Ministry of Road Transport and Highways,100.0,100.0,0.0,0.0,0,36,40.0,Approved,Awarded,Low,25.0,Low,Initial Site Mobilization and Statutory Clearance Processing
Maharashtra,PRJ1541,Unnamed Infrastructure Project,Road Transport & Highways,Central Executing Agency,Ministry of Road Transport and Highways,100.0,100.0,0.0,0.0,0,36,40.0,Approved,Awarded,Low,25.0,Low,Initial Site Mobilization and Statutory Clearance Processing
Maharashtra,PRJ1542,Unnamed Infrastructure Project,Road Transport & Highways,Central Executing Agency,Ministry of Road Transport and Highways,100.0,100.0,0.0,0.0,0,36,40.0,Approved,Awarded,Low,25.0,Low,Initial Site Mobilization and Statutory Clearance Processing
Kerala,PRJ1543,Unnamed Infrastructure Project,Road Transport & Highways,Central Executing Agency,Ministry of Road Transport and Highways,100.0,100.0,0.0,0.0,0,36,40.0,Approved,Awarded,Low,25.0,Low,Initial Site Mobilization and Statutory Clearance Processing
Manipur,PRJ1544,Unnamed Infrastructure Project,Road Transport & Highways,Central Executing Agency,Ministry of Road Transport and Highways,100.0,100.0,0.0,0.0,0,36,40.0,Approved,Awarded,Low,25.0,Low,Initial Site Mobilization and Statutory Clearance Processing
Manipur,PRJ1545,Unnamed Infrastructure Project,Road Transport & Highways,Central Executing Agency,Ministry of Road Transport and Highways,100.0,100.0,0.0,0.0,0,36,40.0,Approved,Awarded,Low,25.0,Low,Initial Site Mobilization and Statutory Clearance Processing
Manipur,PRJ1546,Unnamed Infrastructure Project,Road Transport & Highways,Central Executing Agency,Ministry of Road Transport and Highways,100.0,100.0,0.0,0.0,0,36,40.0,Approved,Awarded,Low,25.0,Low,Initial Site Mobilization and Statutory Clearance Processing
Manipur,PRJ1547,Unnamed Infrastructure Project,Road Transport & Highways,Central Executing Agency,Ministry of Road Transport and Highways,100.0,100.0,0.0,0.0,0,36,40.0,Approved,Awarded,Low,25.0,Low,Initial Site Mobilization and Statutory Clearance Processing
Manipur,PRJ1548,Unnamed Infrastructure Project,Road Transport & Highways,Central Executing Agency,Ministry of Road Transport and Highways,100.0,100.0,0.0,0.0,0,36,40.0,Approved,Awarded,Low,25.0,Low,Initial Site Mobilization and Statutory Clearance Processing
Manipur,PRJ1549,Unnamed Infrastructure Project,Road Transport & Highways,Central Executing Agency,Ministry of Road Transport and Highways,100.0,100.0,0.0,0.0,0,36,40.0,Approved,Awarded,Low,25.0,Low,Initial Site Mobilization and Statutory Clearance Processing
Manipur,PRJ1550,Unnamed Infrastructure Project,Road Transport & Highways,Central Executing Agency,Ministry of Road Transport and Highways,100.0,100.0,0.0,0.0,0,36,40.0,Approved,Awarded,Low,25.0,Low,Initial Site Mobilization and Statutory Clearance Processing
Chhattisgarh,PRJ1551,Unnamed Infrastructure Project,Road Transport & Highways,Central Executing Agency,Ministry of Road Transport and Highways,100.0,100.0,0.0,0.0,0,36,40.0,Approved,Awarded,Low,25.0,Low,Initial Site Mobilization and Statutory Clearance Processing
Assam,PRJ1552,Unnamed Infrastructure Project,Road Transport & Highways,Central Executing Agency,Ministry of Road Transport and Highways,100.0,100.0,0.0,0.0,0,36,40.0,Approved,Awarded,Low,25.0,Low,Initial Site Mobilization and Statutory Clearance Processing
Madhya Pradesh,PRJ1553,Unnamed Infrastructure Project,Road Transport & Highways,Central Executing Agency,Ministry of Road Transport and Highways,100.0,100.0,0.0,0.0,0,36,40.0,Approved,Awarded,Low,25.0,Low,Initial Site Mobilization and Statutory Clearance Processing
Assam,PRJ1554,Unnamed Infrastructure Project,Road Transport & Highways,Central Executing Agency,Ministry of Road Transport and Highways,100.0,100.0,0.0,0.0,0,36,40.0,Approved,Awarded,Low,25.0,Low,Initial Site Mobilization and Statutory Clearance Processing
Assam,PRJ1555,Unnamed Infrastructure Project,Road Transport & Highways,Central Executing Agency,Ministry of Road Transport and Highways,100.0,100.0,0.0,0.0,0,36,40.0,Approved,Awarded,Low,25.0,Low,Initial Site Mobilization and Statutory Clearance Processing
Assam,PRJ1556,Unnamed Infrastructure Project,Road Transport & Highways,Central Executing Agency,Ministry of Road Transport and Highways,100.0,100.0,0.0,0.0,0,36,40.0,Approved,Awarded,Low,25.0,Low,Initial Site Mobilization and Statutory Clearance Processing
Assam,PRJ1557,Unnamed Infrastructure Project,Road Transport & Highways,Central Executing Agency,Ministry of Road Transport and Highways,100.0,100.0,0.0,0.0,0,36,40.0,Approved,Awarded,Low,25.0,Low,Initial Site Mobilization and Statutory Clearance Processing
Assam,PRJ1558,Unnamed Infrastructure Project,Road Transport & Highways,Central Executing Agency,Ministry of Road Transport and Highways,100.0,100.0,0.0,0.0,0,36,40.0,Approved,Awarded,Low,25.0,Low,Initial Site Mobilization and Statutory Clearance Processing
Assam,PRJ1559,Unnamed Infrastructure Project,Road Transport & Highways,Central Executing Agency,Ministry of Road Transport and Highways,100.0,100.0,0.0,0.0,0,36,40.0,Approved,Awarded,Low,25.0,Low,Initial Site Mobilization and Statutory Clearance Processing
Assam,PRJ1560,Unnamed Infrastructure Project,Road Transport & Highways,Central Executing Agency,Ministry of Road Transport and Highways,100.0,100.0,0.0,0.0,0,36,40.0,Approved,Awarded,Low,25.0,Low,Initial Site Mobilization and Statutory Clearance Processing
Assam,PRJ1561,Unnamed Infrastructure Project,Road Transport & Highways,Central Executing Agency,Ministry of Road Transport and Highways,100.0,100.0,0.0,0.0,0,36,40.0,Approved,Awarded,Low,25.0,Low,Initial Site Mobilization and Statutory Clearance Processing
Assam,PRJ1562,Unnamed Infrastructure Project,Road Transport & Highways,Central Executing Agency,Ministry of Road Transport and Highways,100.0,100.0,0.0,0.0,0,36,40.0,Approved,Awarded,Low,25.0,Low,Initial Site Mobilization and Statutory Clearance Processing
Uttar Pradesh,PRJ1563,Unnamed Infrastructure Project,Road Transport & Highways,Central Executing Agency,Ministry of Road Transport and Highways,100.0,100.0,0.0,0.0,0,36,40.0,Approved,Awarded,Low,25.0,Low,Initial Site Mobilization and Statutory Clearance Processing
Gujarat,PRJ1564,Unnamed Infrastructure Project,Road Transport & Highways,Central Executing Agency,Ministry of Road Transport and Highways,100.0,100.0,0.0,0.0,0,36,40.0,Approved,Awarded,Low,25.0,Low,Initial Site Mobilization and Statutory Clearance Processing
Gujarat,PRJ1565,Unnamed Infrastructure Project,Road Transport & Highways,Central Executing Agency,Ministry of Road Transport and Highways,100.0,100.0,0.0,0.0,0,36,40.0,Approved,Awarded,Low,25.0,Low,Initial Site Mobilization and Statutory Clearance Processing
Madhya Pradesh,PRJ1566,Unnamed Infrastructure Project,Road Transport & Highways,Central Executing Agency,Ministry of Road Transport and Highways,100.0,100.0,0.0,0.0,0,36,40.0,Approved,Awarded,Low,25.0,Low,Initial Site Mobilization and Statutory Clearance Processing
Chhattisgarh,PRJ1567,Unnamed Infrastructure Project,Road Transport & Highways,Central Executing Agency,Ministry of Road Transport and Highways,100.0,100.0,0.0,0.0,0,36,40.0,Approved,Awarded,Low,25.0,Low,Initial Site Mobilization and Statutory Clearance Processing
Madhya Pradesh,PRJ1568,Unnamed Infrastructure Project,Road Transport & Highways,Central Executing Agency,Ministry of Road Transport and Highways,100.0,100.0,0.0,0.0,0,36,40.0,Approved,Awarded,Low,25.0,Low,Initial Site Mobilization and Statutory Clearance Processing
Madhya Pradesh,PRJ1569,Unnamed Infrastructure Project,Road Transport & Highways,Central Executing Agency,Ministry of Road Transport and Highways,100.0,100.0,0.0,0.0,0,36,40.0,Approved,Awarded,Low,25.0,Low,Initial Site Mobilization and Statutory Clearance Processing
Karnataka,PRJ1570,Unnamed Infrastructure Project,Road Transport & Highways,Central Executing Agency,Ministry of Road Transport and Highways,100.0,100.0,0.0,0.0,0,36,40.0,Approved,Awarded,Low,25.0,Low,Initial Site Mobilization and Statutory Clearance Processing
Gujarat,PRJ1571,Unnamed Infrastructure Project,Road Transport & Highways,Central Executing Agency,Ministry of Road Transport and Highways,100.0,100.0,0.0,0.0,0,36,40.0,Approved,Awarded,Low,25.0,Low,Initial Site Mobilization and Statutory Clearance Processing
Karnataka,PRJ1572,Unnamed Infrastructure Project,Road Transport & Highways,Central Executing Agency,Ministry of Road Transport and Highways,100.0,100.0,0.0,0.0,0,36,40.0,Approved,Awarded,Low,25.0,Low,Initial Site Mobilization and Statutory Clearance Processing
Gujarat,PRJ1573,Unnamed Infrastructure Project,Road Transport & Highways,Central Executing Agency,Ministry of Road Transport and Highways,100.0,100.0,0.0,0.0,0,36,40.0,Approved,Awarded,Low,25.0,Low,Initial Site Mobilization and Statutory Clearance Processing
Rajasthan,PRJ1574,Unnamed Infrastructure Project,Road Transport & Highways,Central Executing Agency,Ministry of Road Transport and Highways,100.0,100.0,0.0,0.0,0,36,40.0,Approved,Awarded,Low,25.0,Low,Initial Site Mobilization and Statutory Clearance Processing
West Bengal,PRJ1575,Unnamed Infrastructure Project,Road Transport & Highways,Central Executing Agency,Ministry of Road Transport and Highways,100.0,100.0,0.0,0.0,0,36,40.0,Approved,Awarded,Low,25.0,Low,Initial Site Mobilization and Statutory Clearance Processing
Odisha,PRJ1576,Unnamed Infrastructure Project,Road Transport & Highways,Central Executing Agency,Ministry of Road Transport and Highways,100.0,100.0,0.0,0.0,0,36,40.0,Approved,Awarded,Low,25.0,Low,Initial Site Mobilization and Statutory Clearance Processing
Andhra Pradesh,PRJ1577,Unnamed Infrastructure Project,Road Transport & Highways,Central Executing Agency,Ministry of Road Transport and Highways,100.0,100.0,0.0,0.0,0,36,40.0,Approved,Awarded,Low,25.0,Low,Initial Site Mobilization and Statutory Clearance Processing
Chhattisgarh,PRJ1578,Unnamed Infrastructure Project,Road Transport & Highways,Central Executing Agency,Ministry of Road Transport and Highways,100.0,100.0,0.0,0.0,0,36,40.0,Approved,Awarded,Low,25.0,Low,Initial Site Mobilization and Statutory Clearance Processing
West Bengal,PRJ1579,Unnamed Infrastructure Project,Road Transport & Highways,Central Executing Agency,Ministry of Road Transport and Highways,100.0,100.0,0.0,0.0,0,36,40.0,Approved,Awarded,Low,25.0,Low,Initial Site Mobilization and Statutory Clearance Processing
Jharkhand,PRJ1580,Unnamed Infrastructure Project,Road Transport & Highways,Central Executing Agency,Ministry of Road Transport and Highways,100.0,100.0,0.0,0.0,0,36,40.0,Approved,Awarded,Low,25.0,Low,Initial Site Mobilization and Statutory Clearance Processing
Chhattisgarh,PRJ1581,Unnamed Infrastructure Project,Road Transport & Highways,Central Executing Agency,Ministry of Road Transport and Highways,100.0,100.0,0.0,0.0,0,36,40.0,Approved,Awarded,Low,25.0,Low,Initial Site Mobilization and Statutory Clearance Processing
Chhattisgarh,PRJ1582,Unnamed Infrastructure Project,Road Transport & Highways,Central Executing Agency,Ministry of Road Transport and Highways,100.0,100.0,0.0,0.0,0,36,40.0,Approved,Awarded,Low,25.0,Low,Initial Site Mobilization and Statutory Clearance Processing
Jharkhand,PRJ1583,Unnamed Infrastructure Project,Road Transport & Highways,Central Executing Agency,Ministry of Road Transport and Highways,100.0,100.0,0.0,0.0,0,36,40.0,Approved,Awarded,Low,25.0,Low,Initial Site Mobilization and Statutory Clearance Processing
Chhattisgarh,PRJ1584,Unnamed Infrastructure Project,Road Transport & Highways,Central Executing Agency,Ministry of Road Transport and Highways,100.0,100.0,0.0,0.0,0,36,40.0,Approved,Awarded,Low,25.0,Low,Initial Site Mobilization and Statutory Clearance Processing
Jharkhand,PRJ1585,Unnamed Infrastructure Project,Road Transport & Highways,Central Executing Agency,Ministry of Road Transport and Highways,100.0,100.0,0.0,0.0,0,36,40.0,Approved,Awarded,Low,25.0,Low,Initial Site Mobilization and Statutory Clearance Processing
West Bengal,PRJ1586,Unnamed Infrastructure Project,Road Transport & Highways,Central Executing Agency,Ministry of Road Transport and Highways,100.0,100.0,0.0,0.0,0,36,40.0,Approved,Awarded,Low,25.0,Low,Initial Site Mobilization and Statutory Clearance Processing
Chhattisgarh,PRJ1587,Unnamed Infrastructure Project,Road Transport & Highways,Central Executing Agency,Ministry of Road Transport and Highways,100.0,100.0,0.0,0.0,0,36,40.0,Approved,Awarded,Low,25.0,Low,Initial Site Mobilization and Statutory Clearance Processing
Jharkhand,PRJ1588,Unnamed Infrastructure Project,Road Transport & Highways,Central Executing Agency,Ministry of Road Transport and Highways,100.0,100.0,0.0,0.0,0,36,40.0,Approved,Awarded,Low,25.0,Low,Initial Site Mobilization and Statutory Clearance Processing
Gujarat,PRJ1589,Unnamed Infrastructure Project,Road Transport & Highways,Central Executing Agency,Ministry of Road Transport and Highways,100.0,100.0,0.0,0.0,0,36,40.0,Approved,Awarded,Low,25.0,Low,Initial Site Mobilization and Statutory Clearance Processing
Rajasthan,PRJ1590,Unnamed Infrastructure Project,Road Transport & Highways,Central Executing Agency,Ministry of Road Transport and Highways,100.0,100.0,0.0,0.0,0,36,40.0,Approved,Awarded,Low,25.0,Low,Initial Site Mobilization and Statutory Clearance Processing
Karnataka,PRJ1591,Unnamed Infrastructure Project,Road Transport & Highways,Central Executing Agency,Ministry of Road Transport and Highways,100.0,100.0,0.0,0.0,0,36,40.0,Approved,Awarded,Low,25.0,Low,Initial Site Mobilization and Statutory Clearance Processing
Odisha,PRJ1592,Unnamed Infrastructure Project,Road Transport & Highways,Central Executing Agency,Ministry of Road Transport and Highways,100.0,100.0,0.0,0.0,0,36,40.0,Approved,Awarded,Low,25.0,Low,Initial Site Mobilization and Statutory Clearance Processing
Andhra Pradesh,PRJ1593,Unnamed Infrastructure Project,Road Transport & Highways,Central Executing Agency,Ministry of Road Transport and Highways,100.0,100.0,0.0,0.0,0,36,40.0,Approved,Awarded,Low,25.0,Low,Initial Site Mobilization and Statutory Clearance Processing
West Bengal,PRJ1594,Unnamed Infrastructure Project,Road Transport & Highways,Central Executing Agency,Ministry of Road Transport and Highways,100.0,100.0,0.0,0.0,0,36,40.0,Approved,Awarded,Low,25.0,Low,Initial Site Mobilization and Statutory Clearance Processing
Bihar,PRJ1595,Unnamed Infrastructure Project,Road Transport & Highways,Central Executing Agency,Ministry of Road Transport and Highways,100.0,100.0,0.0,0.0,0,36,40.0,Approved,Awarded,Low,25.0,Low,Initial Site Mobilization and Statutory Clearance Processing
Kerala,PRJ1596,Unnamed Infrastructure Project,Road Transport & Highways,Central Executing Agency,Ministry of Road Transport and Highways,100.0,100.0,0.0,0.0,0,36,40.0,Approved,Awarded,Low,25.0,Low,Initial Site Mobilization and Statutory Clearance Processing
West Bengal,PRJ1597,Unnamed Infrastructure Project,Road Transport & Highways,Central Executing Agency,Ministry of Road Transport and Highways,100.0,100.0,0.0,0.0,0,36,40.0,Approved,Awarded,Low,25.0,Low,Initial Site Mobilization and Statutory Clearance Processing
Telangana,PRJ1598,Unnamed Infrastructure Project,Road Transport & Highways,Central Executing Agency,Ministry of Road Transport and Highways,100.0,100.0,0.0,0.0,0,36,40.0,Approved,Awarded,Low,25.0,Low,Initial Site Mobilization and Statutory Clearance Processing
Madhya Pradesh,PRJ1599,Unnamed Infrastructure Project,Road Transport & Highways,Central Executing Agency,Ministry of Road Transport and Highways,100.0,100.0,0.0,0.0,0,36,40.0,Approved,Awarded,Low,25.0,Low,Initial Site Mobilization and Statutory Clearance Processing
Jharkhand,PRJ1600,Unnamed Infrastructure Project,Road Transport & Highways,Central Executing Agency,Ministry of Road Transport and Highways,100.0,100.0,0.0,0.0,0,36,40.0,Approved,Awarded,Low,25.0,Low,Initial Site Mobilization and Statutory Clearance Processing
Madhya Pradesh,PRJ1601,Unnamed Infrastructure Project,Road Transport & Highways,Central Executing Agency,Ministry of Road Transport and Highways,100.0,100.0,0.0,0.0,0,36,40.0,Approved,Awarded,Low,25.0,Low,Initial Site Mobilization and Statutory Clearance Processing
Maharashtra,PRJ1602,Unnamed Infrastructure Project,Road Transport & Highways,Central Executing Agency,Ministry of Road Transport and Highways,100.0,100.0,0.0,0.0,0,36,40.0,Approved,Awarded,Low,25.0,Low,Initial Site Mobilization and Statutory Clearance Processing
Uttar Pradesh,PRJ1603,Unnamed Infrastructure Project,Road Transport & Highways,Central Executing Agency,Ministry of Road Transport and Highways,100.0,100.0,0.0,0.0,0,36,40.0,Approved,Awarded,Low,25.0,Low,Initial Site Mobilization and Statutory Clearance Processing
Tamil Nadu,PRJ1604,Unnamed Infrastructure Project,Road Transport & Highways,Central Executing Agency,Ministry of Road Transport and Highways,100.0,100.0,0.0,0.0,0,36,40.0,Approved,Awarded,Low,25.0,Low,Initial Site Mobilization and Statutory Clearance Processing
Gujarat,PRJ1605,Unnamed Infrastructure Project,Road Transport & Highways,Central Executing Agency,Ministry of Road Transport and Highways,100.0,100.0,0.0,0.0,0,36,40.0,Approved,Awarded,Low,25.0,Low,Initial Site Mobilization and Statutory Clearance Processing
Rajasthan,PRJ1606,Unnamed Infrastructure Project,Road Transport & Highways,Central Executing Agency,Ministry of Road Transport and Highways,100.0,100.0,0.0,0.0,0,36,40.0,Approved,Awarded,Low,25.0,Low,Initial Site Mobilization and Statutory Clearance Processing
Goa,PRJ1607,Unnamed Infrastructure Project,Road Transport & Highways,Central Executing Agency,Ministry of Road Transport and Highways,100.0,100.0,0.0,0.0,0,36,40.0,Approved,Awarded,Low,25.0,Low,Initial Site Mobilization and Statutory Clearance Processing
Odisha,PRJ1608,Unnamed Infrastructure Project,Road Transport & Highways,Central Executing Agency,Ministry of Road Transport and Highways,100.0,100.0,0.0,0.0,0,36,40.0,Approved,Awarded,Low,25.0,Low,Initial Site Mobilization and Statutory Clearance Processing
Andhra Pradesh,PRJ1609,Unnamed Infrastructure Project,Road Transport & Highways,Central Executing Agency,Ministry of Road Transport and Highways,100.0,100.0,0.0,0.0,0,36,40.0,Approved,Awarded,Low,25.0,Low,Initial Site Mobilization and Statutory Clearance Processing
West Bengal,PRJ1610,Unnamed Infrastructure Project,Road Transport & Highways,Central Executing Agency,Ministry of Road Transport and Highways,100.0,100.0,0.0,0.0,0,36,40.0,Approved,Awarded,Low,25.0,Low,Initial Site Mobilization and Statutory Clearance Processing
Bihar,PRJ1611,Unnamed Infrastructure Project,Road Transport & Highways,Central Executing Agency,Ministry of Road Transport and Highways,100.0,100.0,0.0,0.0,0,36,40.0,Approved,Awarded,Low,25.0,Low,Initial Site Mobilization and Statutory Clearance Processing
Kerala,PRJ1612,Unnamed Infrastructure Project,Road Transport & Highways,Central Executing Agency,Ministry of Road Transport and Highways,100.0,100.0,0.0,0.0,0,36,40.0,Approved,Awarded,Low,25.0,Low,Initial Site Mobilization and Statutory Clearance Processing
Assam,PRJ1613,Unnamed Infrastructure Project,Road Transport & Highways,Central Executing Agency,Ministry of Road Transport and Highways,100.0,100.0,0.0,0.0,0,36,40.0,Approved,Awarded,Low,25.0,Low,Initial Site Mobilization and Statutory Clearance Processing
Telangana,PRJ1614,Unnamed Infrastructure Project,Road Transport & Highways,Central Executing Agency,Ministry of Road Transport and Highways,100.0,100.0,0.0,0.0,0,36,40.0,Approved,Awarded,Low,25.0,Low,Initial Site Mobilization and Statutory Clearance Processing
Chhattisgarh,PRJ1615,Unnamed Infrastructure Project,Road Transport & Highways,Central Executing Agency,Ministry of Road Transport and Highways,100.0,100.0,0.0,0.0,0,36,40.0,Approved,Awarded,Low,25.0,Low,Initial Site Mobilization and Statutory Clearance Processing
Jharkhand,PRJ1616,Unnamed Infrastructure Project,Road Transport & Highways,Central Executing Agency,Ministry of Road Transport and Highways,100.0,100.0,0.0,0.0,0,36,40.0,Approved,Awarded,Low,25.0,Low,Initial Site Mobilization and Statutory Clearance Processing
Madhya Pradesh,PRJ1617,Unnamed Infrastructure Project,Road Transport & Highways,Central Executing Agency,Ministry of Road Transport and Highways,100.0,100.0,0.0,0.0,0,36,40.0,Approved,Awarded,Low,25.0,Low,Initial Site Mobilization and Statutory Clearance Processing
Maharashtra,PRJ1618,Unnamed Infrastructure Project,Road Transport & Highways,Central Executing Agency,Ministry of Road Transport and Highways,100.0,100.0,0.0,0.0,0,36,40.0,Approved,Awarded,Low,25.0,Low,Initial Site Mobilization and Statutory Clearance Processing
Uttar Pradesh,PRJ1619,Unnamed Infrastructure Project,Road Transport & Highways,Central Executing Agency,Ministry of Road Transport and Highways,100.0,100.0,0.0,0.0,0,36,40.0,Approved,Awarded,Low,25.0,Low,Initial Site Mobilization and Statutory Clearance Processing
Tamil Nadu,PRJ1620,Unnamed Infrastructure Project,Road Transport & Highways,Central Executing Agency,Ministry of Road Transport and Highways,100.0,100.0,0.0,0.0,0,36,40.0,Approved,Awarded,Low,25.0,Low,Initial Site Mobilization and Statutory Clearance Processing
Gujarat,PRJ1621,Unnamed Infrastructure Project,Road Transport & Highways,Central Executing Agency,Ministry of Road Transport and Highways,100.0,100.0,0.0,0.0,0,36,40.0,Approved,Awarded,Low,25.0,Low,Initial Site Mobilization and Statutory Clearance Processing
Rajasthan,PRJ1622,Unnamed Infrastructure Project,Road Transport & Highways,Central Executing Agency,Ministry of Road Transport and Highways,100.0,100.0,0.0,0.0,0,36,40.0,Approved,Awarded,Low,25.0,Low,Initial Site Mobilization and Statutory Clearance Processing
Delhi,PRJ1623,Unnamed Infrastructure Project,Road Transport & Highways,Central Executing Agency,Ministry of Road Transport and Highways,100.0,100.0,0.0,0.0,0,36,40.0,Approved,Awarded,Low,25.0,Low,Initial Site Mobilization and Statutory Clearance Processing
Maharashtra,PRJ1624,Unnamed Infrastructure Project,Road Transport & Highways,Central Executing Agency,Ministry of Road Transport and Highways,100.0,100.0,0.0,0.0,0,36,40.0,Approved,Awarded,Low,25.0,Low,Initial Site Mobilization and Statutory Clearance Processing
Meghalaya,PRJ1625,Unnamed Infrastructure Project,Road Transport & Highways,Central Executing Agency,Ministry of Road Transport and Highways,100.0,100.0,0.0,0.0,0,36,40.0,Approved,Awarded,Low,25.0,Low,Initial Site Mobilization and Statutory Clearance Processing
Assam,PRJ1626,Unnamed Infrastructure Project,Road Transport & Highways,Central Executing Agency,Ministry of Road Transport and Highways,100.0,100.0,0.0,0.0,0,36,40.0,Approved,Awarded,Low,25.0,Low,Initial Site Mobilization and Statutory Clearance Processing
Bihar,PRJ1627,Unnamed Infrastructure Project,Road Transport & Highways,Central Executing Agency,Ministry of Road Transport and Highways,100.0,100.0,0.0,0.0,0,36,40.0,Approved,Awarded,Low,25.0,Low,Initial Site Mobilization and Statutory Clearance Processing
Kerala,PRJ1628,Unnamed Infrastructure Project,Road Transport & Highways,Central Executing Agency,Ministry of Road Transport and Highways,100.0,100.0,0.0,0.0,0,36,40.0,Approved,Awarded,Low,25.0,Low,Initial Site Mobilization and Statutory Clearance Processing
Assam,PRJ1629,Unnamed Infrastructure Project,Road Transport & Highways,Central Executing Agency,Ministry of Road Transport and Highways,100.0,100.0,0.0,0.0,0,36,40.0,Approved,Awarded,Low,25.0,Low,Initial Site Mobilization and Statutory Clearance Processing
Rajasthan,PRJ1630,Unnamed Infrastructure Project,Road Transport & Highways,Central Executing Agency,Ministry of Road Transport and Highways,100.0,100.0,0.0,0.0,0,36,40.0,Approved,Awarded,Low,25.0,Low,Initial Site Mobilization and Statutory Clearance Processing
Chhattisgarh,PRJ1631,Unnamed Infrastructure Project,Road Transport & Highways,Central Executing Agency,Ministry of Road Transport and Highways,100.0,100.0,0.0,0.0,0,36,40.0,Approved,Awarded,Low,25.0,Low,Initial Site Mobilization and Statutory Clearance Processing
Kerala,PRJ1632,Unnamed Infrastructure Project,Road Transport & Highways,Central Executing Agency,Ministry of Road Transport and Highways,100.0,100.0,0.0,0.0,0,36,40.0,Approved,Awarded,Low,25.0,Low,Initial Site Mobilization and Statutory Clearance Processing
Madhya Pradesh,PRJ1633,Unnamed Infrastructure Project,Road Transport & Highways,Central Executing Agency,Ministry of Road Transport and Highways,100.0,100.0,0.0,0.0,0,36,40.0,Approved,Awarded,Low,25.0,Low,Initial Site Mobilization and Statutory Clearance Processing
Maharashtra,PRJ1634,Unnamed Infrastructure Project,Road Transport & Highways,Central Executing Agency,Ministry of Road Transport and Highways,100.0,100.0,0.0,0.0,0,36,40.0,Approved,Awarded,Low,25.0,Low,Initial Site Mobilization and Statutory Clearance Processing
Uttar Pradesh,PRJ1635,Unnamed Infrastructure Project,Road Transport & Highways,Central Executing Agency,Ministry of Road Transport and Highways,100.0,100.0,0.0,0.0,0,36,40.0,Approved,Awarded,Low,25.0,Low,Initial Site Mobilization and Statutory Clearance Processing
Tamil Nadu,PRJ1636,Unnamed Infrastructure Project,Road Transport & Highways,Central Executing Agency,Ministry of Road Transport and Highways,100.0,100.0,0.0,0.0,0,36,40.0,Approved,Awarded,Low,25.0,Low,Initial Site Mobilization and Statutory Clearance Processing
Gujarat,PRJ1637,Unnamed Infrastructure Project,Road Transport & Highways,Central Executing Agency,Ministry of Road Transport and Highways,100.0,100.0,0.0,0.0,0,36,40.0,Approved,Awarded,Low,25.0,Low,Initial Site Mobilization and Statutory Clearance Processing
Rajasthan,PRJ1638,Unnamed Infrastructure Project,Road Transport & Highways,Central Executing Agency,Ministry of Road Transport and Highways,100.0,100.0,0.0,0.0,0,36,40.0,Approved,Awarded,Low,25.0,Low,Initial Site Mobilization and Statutory Clearance Processing
Sikkim,PRJ1639,Unnamed Infrastructure Project,Road Transport & Highways,Central Executing Agency,Ministry of Road Transport and Highways,100.0,100.0,0.0,0.0,0,36,40.0,Approved,Awarded,Low,25.0,Low,Initial Site Mobilization and Statutory Clearance Processing
Odisha,PRJ1640,Unnamed Infrastructure Project,Road Transport & Highways,Central Executing Agency,Ministry of Road Transport and Highways,100.0,100.0,0.0,0.0,0,36,40.0,Approved,Awarded,Low,25.0,Low,Initial Site Mobilization and Statutory Clearance Processing
Andhra Pradesh,PRJ1641,Unnamed Infrastructure Project,Road Transport & Highways,Central Executing Agency,Ministry of Road Transport and Highways,100.0,100.0,0.0,0.0,0,36,40.0,Approved,Awarded,Low,25.0,Low,Initial Site Mobilization and Statutory Clearance Processing
West Bengal,PRJ1642,Unnamed Infrastructure Project,Road Transport & Highways,Central Executing Agency,Ministry of Road Transport and Highways,100.0,100.0,0.0,0.0,0,36,40.0,Approved,Awarded,Low,25.0,Low,Initial Site Mobilization and Statutory Clearance Processing
Jharkhand,PRJ1643,Unnamed Infrastructure Project,Road Transport & Highways,Central Executing Agency,Ministry of Road Transport and Highways,100.0,100.0,0.0,0.0,0,36,40.0,Approved,Awarded,Low,25.0,Low,Initial Site Mobilization and Statutory Clearance Processing
Uttar Pradesh,PRJ1644,Unnamed Infrastructure Project,Road Transport & Highways,Central Executing Agency,Ministry of Road Transport and Highways,100.0,100.0,0.0,0.0,0,36,40.0,Approved,Awarded,Low,25.0,Low,Initial Site Mobilization and Statutory Clearance Processing
Assam,PRJ1645,Unnamed Infrastructure Project,Road Transport & Highways,Central Executing Agency,Ministry of Road Transport and Highways,100.0,100.0,0.0,0.0,0,36,40.0,Approved,Awarded,Low,25.0,Low,Initial Site Mobilization and Statutory Clearance Processing
Telangana,PRJ1646,Unnamed Infrastructure Project,Road Transport & Highways,Central Executing Agency,Ministry of Road Transport and Highways,100.0,100.0,0.0,0.0,0,36,40.0,Approved,Awarded,Low,25.0,Low,Initial Site Mobilization and Statutory Clearance Processing
Chhattisgarh,PRJ1647,Unnamed Infrastructure Project,Road Transport & Highways,Central Executing Agency,Ministry of Road Transport and Highways,100.0,100.0,0.0,0.0,0,36,40.0,Approved,Awarded,Low,25.0,Low,Initial Site Mobilization and Statutory Clearance Processing
Gujarat,PRJ1648,Unnamed Infrastructure Project,Road Transport & Highways,Central Executing Agency,Ministry of Road Transport and Highways,100.0,100.0,0.0,0.0,0,36,40.0,Approved,Awarded,Low,25.0,Low,Initial Site Mobilization and Statutory Clearance Processing
Madhya Pradesh,PRJ1649,Unnamed Infrastructure Project,Road Transport & Highways,Central Executing Agency,Ministry of Road Transport and Highways,100.0,100.0,0.0,0.0,0,36,40.0,Approved,Awarded,Low,25.0,Low,Initial Site Mobilization and Statutory Clearance Processing
Maharashtra,PRJ1650,Unnamed Infrastructure Project,Road Transport & Highways,Central Executing Agency,Ministry of Road Transport and Highways,100.0,100.0,0.0,0.0,0,36,40.0,Approved,Awarded,Low,25.0,Low,Initial Site Mobilization and Statutory Clearance Processing
Maharashtra,PRJ1651,Unnamed Infrastructure Project,Road Transport & Highways,Central Executing Agency,Ministry of Road Transport and Highways,100.0,100.0,0.0,0.0,0,36,40.0,Approved,Awarded,Low,25.0,Low,Initial Site Mobilization and Statutory Clearance Processing
Tamil Nadu,PRJ1652,Unnamed Infrastructure Project,Road Transport & Highways,Central Executing Agency,Ministry of Road Transport and Highways,100.0,100.0,0.0,0.0,0,36,40.0,Approved,Awarded,Low,25.0,Low,Initial Site Mobilization and Statutory Clearance Processing
Gujarat,PRJ1653,Unnamed Infrastructure Project,Road Transport & Highways,Central Executing Agency,Ministry of Road Transport and Highways,100.0,100.0,0.0,0.0,0,36,40.0,Approved,Awarded,Low,25.0,Low,Initial Site Mobilization and Statutory Clearance Processing
Gujarat,PRJ1654,Unnamed Infrastructure Project,Road Transport & Highways,Central Executing Agency,Ministry of Road Transport and Highways,100.0,100.0,0.0,0.0,0,36,40.0,Approved,Awarded,Low,25.0,Low,Initial Site Mobilization and Statutory Clearance Processing
Karnataka,PRJ1655,Unnamed Infrastructure Project,Road Transport & Highways,Central Executing Agency,Ministry of Road Transport and Highways,100.0,100.0,0.0,0.0,0,36,40.0,Approved,Awarded,Low,25.0,Low,Initial Site Mobilization and Statutory Clearance Processing
Rajasthan,PRJ1656,Unnamed Infrastructure Project,Road Transport & Highways,Central Executing Agency,Ministry of Road Transport and Highways,100.0,100.0,0.0,0.0,0,36,40.0,Approved,Awarded,Low,25.0,Low,Initial Site Mobilization and Statutory Clearance Processing
Rajasthan,PRJ1657,Unnamed Infrastructure Project,Road Transport & Highways,Central Executing Agency,Ministry of Road Transport and Highways,100.0,100.0,0.0,0.0,0,36,40.0,Approved,Awarded,Low,25.0,Low,Initial Site Mobilization and Statutory Clearance Processing
West Bengal,PRJ1658,Unnamed Infrastructure Project,Road Transport & Highways,Central Executing Agency,Ministry of Road Transport and Highways,100.0,100.0,0.0,0.0,0,36,40.0,Approved,Awarded,Low,25.0,Low,Initial Site Mobilization and Statutory Clearance Processing
Bihar,PRJ1659,Unnamed Infrastructure Project,Road Transport & Highways,Central Executing Agency,Ministry of Road Transport and Highways,100.0,100.0,0.0,0.0,0,36,40.0,Approved,Awarded,Low,25.0,Low,Initial Site Mobilization and Statutory Clearance Processing
Rajasthan,PRJ1660,Unnamed Infrastructure Project,Road Transport & Highways,Central Executing Agency,Ministry of Road Transport and Highways,100.0,100.0,0.0,0.0,0,36,40.0,Approved,Awarded,Low,25.0,Low,Initial Site Mobilization and Statutory Clearance Processing
Karnataka,PRJ1661,Unnamed Infrastructure Project,Road Transport & Highways,Central Executing Agency,Ministry of Road Transport and Highways,100.0,100.0,0.0,0.0,0,36,40.0,Approved,Awarded,Low,25.0,Low,Initial Site Mobilization and Statutory Clearance Processing
Karnataka,PRJ1662,Unnamed Infrastructure Project,Road Transport & Highways,Central Executing Agency,Ministry of Road Transport and Highways,100.0,100.0,0.0,0.0,0,36,40.0,Approved,Awarded,Low,25.0,Low,Initial Site Mobilization and Statutory Clearance Processing
Karnataka,PRJ1663,Unnamed Infrastructure Project,Road Transport & Highways,Central Executing Agency,Ministry of Road Transport and Highways,100.0,100.0,0.0,0.0,0,36,40.0,Approved,Awarded,Low,25.0,Low,Initial Site Mobilization and Statutory Clearance Processing
Gujarat,PRJ1664,Unnamed Infrastructure Project,Road Transport & Highways,Central Executing Agency,Ministry of Road Transport and Highways,100.0,100.0,0.0,0.0,0,36,40.0,Approved,Awarded,Low,25.0,Low,Initial Site Mobilization and Statutory Clearance Processing
Madhya Pradesh,PRJ1665,Unnamed Infrastructure Project,Road Transport & Highways,Central Executing Agency,Ministry of Road Transport and Highways,100.0,100.0,0.0,0.0,0,36,40.0,Approved,Awarded,Low,25.0,Low,Initial Site Mobilization and Statutory Clearance Processing
Gujarat,PRJ1666,Unnamed Infrastructure Project,Road Transport & Highways,Central Executing Agency,Ministry of Road Transport and Highways,100.0,100.0,0.0,0.0,0,36,40.0,Approved,Awarded,Low,25.0,Low,Initial Site Mobilization and Statutory Clearance Processing
Gujarat,PRJ1667,Unnamed Infrastructure Project,Road Transport & Highways,Central Executing Agency,Ministry of Road Transport and Highways,100.0,100.0,0.0,0.0,0,36,40.0,Approved,Awarded,Low,25.0,Low,Initial Site Mobilization and Statutory Clearance Processing
Gujarat,PRJ1668,Unnamed Infrastructure Project,Road Transport & Highways,Central Executing Agency,Ministry of Road Transport and Highways,100.0,100.0,0.0,0.0,0,36,40.0,Approved,Awarded,Low,25.0,Low,Initial Site Mobilization and Statutory Clearance Processing
Rajasthan,PRJ1669,Unnamed Infrastructure Project,Road Transport & Highways,Central Executing Agency,Ministry of Road Transport and Highways,100.0,100.0,0.0,0.0,0,36,40.0,Approved,Awarded,Low,25.0,Low,Initial Site Mobilization and Statutory Clearance Processing
Rajasthan,PRJ1670,Unnamed Infrastructure Project,Road Transport & Highways,Central Executing Agency,Ministry of Road Transport and Highways,100.0,100.0,0.0,0.0,0,36,40.0,Approved,Awarded,Low,25.0,Low,Initial Site Mobilization and Statutory Clearance Processing
Rajasthan,PRJ1671,Unnamed Infrastructure Project,Road Transport & Highways,Central Executing Agency,Ministry of Road Transport and Highways,100.0,100.0,0.0,0.0,0,36,40.0,Approved,Awarded,Low,25.0,Low,Initial Site Mobilization and Statutory Clearance Processing
Rajasthan,PRJ1672,Unnamed Infrastructure Project,Road Transport & Highways,Central Executing Agency,Ministry of Road Transport and Highways,100.0,100.0,0.0,0.0,0,36,40.0,Approved,Awarded,Low,25.0,Low,Initial Site Mobilization and Statutory Clearance Processing
Rajasthan,PRJ1673,Unnamed Infrastructure Project,Road Transport & Highways,Central Executing Agency,Ministry of Road Transport and Highways,100.0,100.0,0.0,0.0,0,36,40.0,Approved,Awarded,Low,25.0,Low,Initial Site Mobilization and Statutory Clearance Processing
Rajasthan,PRJ1674,Unnamed Infrastructure Project,Road Transport & Highways,Central Executing Agency,Ministry of Road Transport and Highways,100.0,100.0,0.0,0.0,0,36,40.0,Approved,Awarded,Low,25.0,Low,Initial Site Mobilization and Statutory Clearance Processing
Rajasthan,PRJ1675,Unnamed Infrastructure Project,Road Transport & Highways,Central Executing Agency,Ministry of Road Transport and Highways,100.0,100.0,0.0,0.0,0,36,40.0,Approved,Awarded,Low,25.0,Low,Initial Site Mobilization and Statutory Clearance Processing
Rajasthan,PRJ1676,Unnamed Infrastructure Project,Road Transport & Highways,Central Executing Agency,Ministry of Road Transport and Highways,100.0,100.0,0.0,0.0,0,36,40.0,Approved,Awarded,Low,25.0,Low,Initial Site Mobilization and Statutory Clearance Processing
Rajasthan,PRJ1677,Unnamed Infrastructure Project,Road Transport & Highways,Central Executing Agency,Ministry of Road Transport and Highways,100.0,100.0,0.0,0.0,0,36,40.0,Approved,Awarded,Low,25.0,Low,Initial Site Mobilization and Statutory Clearance Processing
Rajasthan,PRJ1678,Unnamed Infrastructure Project,Road Transport & Highways,Central Executing Agency,Ministry of Road Transport and Highways,100.0,100.0,0.0,0.0,0,36,40.0,Approved,Awarded,Low,25.0,Low,Initial Site Mobilization and Statutory Clearance Processing
Rajasthan,PRJ1679,Unnamed Infrastructure Project,Road Transport & Highways,Central Executing Agency,Ministry of Road Transport and Highways,100.0,100.0,0.0,0.0,0,36,40.0,Approved,Awarded,Low,25.0,Low,Initial Site Mobilization and Statutory Clearance Processing
Rajasthan,PRJ1680,Unnamed Infrastructure Project,Road Transport & Highways,Central Executing Agency,Ministry of Road Transport and Highways,100.0,100.0,0.0,0.0,0,36,40.0,Approved,Awarded,Low,25.0,Low,Initial Site Mobilization and Statutory Clearance Processing
Rajasthan,PRJ1681,Unnamed Infrastructure Project,Road Transport & Highways,Central Executing Agency,Ministry of Road Transport and Highways,100.0,100.0,0.0,0.0,0,36,40.0,Approved,Awarded,Low,25.0,Low,Initial Site Mobilization and Statutory Clearance Processing
Rajasthan,PRJ1682,Unnamed Infrastructure Project,Road Transport & Highways,Central Executing Agency,Ministry of Road Transport and Highways,100.0,100.0,0.0,0.0,0,36,40.0,Approved,Awarded,Low,25.0,Low,Initial Site Mobilization and Statutory Clearance Processing
Uttar Pradesh,PRJ1683,Unnamed Infrastructure Project,Road Transport & Highways,Central Executing Agency,Ministry of Road Transport and Highways,100.0,100.0,0.0,0.0,0,36,40.0,Approved,Awarded,Low,25.0,Low,Initial Site Mobilization and Statutory Clearance Processing
Andhra Pradesh,PRJ1684,Unnamed Infrastructure Project,Road Transport & Highways,Central Executing Agency,Ministry of Road Transport and Highways,100.0,100.0,0.0,0.0,0,36,40.0,Approved,Awarded,Low,25.0,Low,Initial Site Mobilization and Statutory Clearance Processing
Gujarat,PRJ1685,Unnamed Infrastructure Project,Road Transport & Highways,Central Executing Agency,Ministry of Road Transport and Highways,100.0,100.0,0.0,0.0,0,36,40.0,Approved,Awarded,Low,25.0,Low,Initial Site Mobilization and Statutory Clearance Processing
Rajasthan,PRJ1686,Unnamed Infrastructure Project,Road Transport & Highways,Central Executing Agency,Ministry of Road Transport and Highways,100.0,100.0,0.0,0.0,0,36,40.0,Approved,Awarded,Low,25.0,Low,Initial Site Mobilization and Statutory Clearance Processing
Karnataka,PRJ1687,Unnamed Infrastructure Project,Road Transport & Highways,Central Executing Agency,Ministry of Road Transport and Highways,100.0,100.0,0.0,0.0,0,36,40.0,Approved,Awarded,Low,25.0,Low,Initial Site Mobilization and Statutory Clearance Processing
Andhra Pradesh,PRJ1688,Unnamed Infrastructure Project,Road Transport & Highways,Central Executing Agency,Ministry of Road Transport and Highways,100.0,100.0,0.0,0.0,0,36,40.0,Approved,Awarded,Low,25.0,Low,Initial Site Mobilization and Statutory Clearance Processing
Andhra Pradesh,PRJ1689,Unnamed Infrastructure Project,Road Transport & Highways,Central Executing Agency,Ministry of Road Transport and Highways,100.0,100.0,0.0,0.0,0,36,40.0,Approved,Awarded,Low,25.0,Low,Initial Site Mobilization and Statutory Clearance Processing
Rajasthan,PRJ1690,Unnamed Infrastructure Project,Road Transport & Highways,Central Executing Agency,Ministry of Road Transport and Highways,100.0,100.0,0.0,0.0,0,36,40.0,Approved,Awarded,Low,25.0,Low,Initial Site Mobilization and Statutory Clearance Processing
Bihar,PRJ1691,Unnamed Infrastructure Project,Road Transport & Highways,Central Executing Agency,Ministry of Road Transport and Highways,100.0,100.0,0.0,0.0,0,36,40.0,Approved,Awarded,Low,25.0,Low,Initial Site Mobilization and Statutory Clearance Processing
Kerala,PRJ1692,Unnamed Infrastructure Project,Road Transport & Highways,Central Executing Agency,Ministry of Road Transport and Highways,100.0,100.0,0.0,0.0,0,36,40.0,Approved,Awarded,Low,25.0,Low,Initial Site Mobilization and Statutory Clearance Processing
Uttar Pradesh,PRJ1693,Unnamed Infrastructure Project,Road Transport & Highways,Central Executing Agency,Ministry of Road Transport and Highways,100.0,100.0,0.0,0.0,0,36,40.0,Approved,Awarded,Low,25.0,Low,Initial Site Mobilization and Statutory Clearance Processing
Karnataka,PRJ1694,Unnamed Infrastructure Project,Road Transport & Highways,Central Executing Agency,Ministry of Road Transport and Highways,100.0,100.0,0.0,0.0,0,36,40.0,Approved,Awarded,Low,25.0,Low,Initial Site Mobilization and Statutory Clearance Processing
Madhya Pradesh,PRJ1695,Unnamed Infrastructure Project,Road Transport & Highways,Central Executing Agency,Ministry of Road Transport and Highways,100.0,100.0,0.0,0.0,0,36,40.0,Approved,Awarded,Low,25.0,Low,Initial Site Mobilization and Statutory Clearance Processing
Tamil Nadu,PRJ1696,Unnamed Infrastructure Project,Road Transport & Highways,Central Executing Agency,Ministry of Road Transport and Highways,100.0,100.0,0.0,0.0,0,36,40.0,Approved,Awarded,Low,25.0,Low,Initial Site Mobilization and Statutory Clearance Processing
Karnataka,PRJ1697,Unnamed Infrastructure Project,Road Transport & Highways,Central Executing Agency,Ministry of Road Transport and Highways,100.0,100.0,0.0,0.0,0,36,40.0,Approved,Awarded,Low,25.0,Low,Initial Site Mobilization and Statutory Clearance Processing
Karnataka,PRJ1698,Unnamed Infrastructure Project,Road Transport & Highways,Central Executing Agency,Ministry of Road Transport and Highways,100.0,100.0,0.0,0.0,0,36,40.0,Approved,Awarded,Low,25.0,Low,Initial Site Mobilization and Statutory Clearance Processing
Delhi,PRJ1699,Unnamed Infrastructure Project,Road Transport & Highways,Central Executing Agency,Ministry of Road Transport and Highways,100.0,100.0,0.0,0.0,0,36,40.0,Approved,Awarded,Low,25.0,Low,Initial Site Mobilization and Statutory Clearance Processing
Delhi,PRJ1700,Unnamed Infrastructure Project,Road Transport & Highways,Central Executing Agency,Ministry of Road Transport and Highways,100.0,100.0,0.0,0.0,0,36,40.0,Approved,Awarded,Low,25.0,Low,Initial Site Mobilization and Statutory Clearance Processing
Delhi,PRJ1701,Unnamed Infrastructure Project,Road Transport & Highways,Central Executing Agency,Ministry of Road Transport and Highways,100.0,100.0,0.0,0.0,0,36,40.0,Approved,Awarded,Low,25.0,Low,Initial Site Mobilization and Statutory Clearance Processing
Delhi,PRJ1702,Unnamed Infrastructure Project,Road Transport & Highways,Central Executing Agency,Ministry of Road Transport and Highways,100.0,100.0,0.0,0.0,0,36,40.0,Approved,Awarded,Low,25.0,Low,Initial Site Mobilization and Statutory Clearance Processing
Uttar Pradesh,PRJ1703,Unnamed Infrastructure Project,Road Transport & Highways,Central Executing Agency,Ministry of Road Transport and Highways,100.0,100.0,0.0,0.0,0,36,40.0,Approved,Awarded,Low,25.0,Low,Initial Site Mobilization and Statutory Clearance Processing
Madhya Pradesh,PRJ1704,Unnamed Infrastructure Project,Road Transport & Highways,Central Executing Agency,Ministry of Road Transport and Highways,100.0,100.0,0.0,0.0,0,36,40.0,Approved,Awarded,Low,25.0,Low,Initial Site Mobilization and Statutory Clearance Processing
Rajasthan,PRJ1705,Unnamed Infrastructure Project,Road Transport & Highways,Central Executing Agency,Ministry of Road Transport and Highways,100.0,100.0,0.0,0.0,0,36,40.0,Approved,Awarded,Low,25.0,Low,Initial Site Mobilization and Statutory Clearance Processing
Rajasthan,PRJ1706,Unnamed Infrastructure Project,Road Transport & Highways,Central Executing Agency,Ministry of Road Transport and Highways,100.0,100.0,0.0,0.0,0,36,40.0,Approved,Awarded,Low,25.0,Low,Initial Site Mobilization and Statutory Clearance Processing
Bihar,PRJ1707,Unnamed Infrastructure Project,Road Transport & Highways,Central Executing Agency,Ministry of Road Transport and Highways,100.0,100.0,0.0,0.0,0,36,40.0,Approved,Awarded,Low,25.0,Low,Initial Site Mobilization and Statutory Clearance Processing
Uttar Pradesh,PRJ1708,Unnamed Infrastructure Project,Road Transport & Highways,Central Executing Agency,Ministry of Road Transport and Highways,100.0,100.0,0.0,0.0,0,36,40.0,Approved,Awarded,Low,25.0,Low,Initial Site Mobilization and Statutory Clearance Processing
Kerala,PRJ1709,Unnamed Infrastructure Project,Road Transport & Highways,Central Executing Agency,Ministry of Road Transport and Highways,100.0,100.0,0.0,0.0,0,36,40.0,Approved,Awarded,Low,25.0,Low,Initial Site Mobilization and Statutory Clearance Processing
Uttar Pradesh,PRJ1710,Unnamed Infrastructure Project,Road Transport & Highways,Central Executing Agency,Ministry of Road Transport and Highways,100.0,100.0,0.0,0.0,0,36,40.0,Approved,Awarded,Low,25.0,Low,Initial Site Mobilization and Statutory Clearance Processing
Chhattisgarh,PRJ1711,Unnamed Infrastructure Project,Road Transport & Highways,Central Executing Agency,Ministry of Road Transport and Highways,100.0,100.0,0.0,0.0,0,36,40.0,Approved,Awarded,Low,25.0,Low,Initial Site Mobilization and Statutory Clearance Processing
Maharashtra,PRJ1712,Unnamed Infrastructure Project,Road Transport & Highways,Central Executing Agency,Ministry of Road Transport and Highways,100.0,100.0,0.0,0.0,0,36,40.0,Approved,Awarded,Low,25.0,Low,Initial Site Mobilization and Statutory Clearance Processing
Maharashtra,PRJ1713,Unnamed Infrastructure Project,Road Transport & Highways,Central Executing Agency,Ministry of Road Transport and Highways,100.0,100.0,0.0,0.0,0,36,40.0,Approved,Awarded,Low,25.0,Low,Initial Site Mobilization and Statutory Clearance Processing
Maharashtra,PRJ1714,Unnamed Infrastructure Project,Road Transport & Highways,Central Executing Agency,Ministry of Road Transport and Highways,100.0,100.0,0.0,0.0,0,36,40.0,Approved,Awarded,Low,25.0,Low,Initial Site Mobilization and Statutory Clearance Processing
Bihar,PRJ1715,Unnamed Infrastructure Project,Road Transport & Highways,Central Executing Agency,Ministry of Road Transport and Highways,100.0,100.0,0.0,0.0,0,36,40.0,Approved,Awarded,Low,25.0,Low,Initial Site Mobilization and Statutory Clearance Processing
Maharashtra,PRJ1716,Unnamed Infrastructure Project,Road Transport & Highways,Central Executing Agency,Ministry of Road Transport and Highways,100.0,100.0,0.0,0.0,0,36,40.0,Approved,Awarded,Low,25.0,Low,Initial Site Mobilization and Statutory Clearance Processing
Maharashtra,PRJ1717,Unnamed Infrastructure Project,Road Transport & Highways,Central Executing Agency,Ministry of Road Transport and Highways,100.0,100.0,0.0,0.0,0,36,40.0,Approved,Awarded,Low,25.0,Low,Initial Site Mobilization and Statutory Clearance Processing
Maharashtra,PRJ1718,Unnamed Infrastructure Project,Road Transport & Highways,Central Executing Agency,Ministry of Road Transport and Highways,100.0,100.0,0.0,0.0,0,36,40.0,Approved,Awarded,Low,25.0,Low,Initial Site Mobilization and Statutory Clearance Processing
Maharashtra,PRJ1719,Unnamed Infrastructure Project,Road Transport & Highways,Central Executing Agency,Ministry of Road Transport and Highways,100.0,100.0,0.0,0.0,0,36,40.0,Approved,Awarded,Low,25.0,Low,Initial Site Mobilization and Statutory Clearance Processing
Rajasthan,PRJ1720,Unnamed Infrastructure Project,Road Transport & Highways,Central Executing Agency,Ministry of Road Transport and Highways,100.0,100.0,0.0,0.0,0,36,40.0,Approved,Awarded,Low,25.0,Low,Initial Site Mobilization and Statutory Clearance Processing
Gujarat,PRJ1721,Unnamed Infrastructure Project,Road Transport & Highways,Central Executing Agency,Ministry of Road Transport and Highways,100.0,100.0,0.0,0.0,0,36,40.0,Approved,Awarded,Low,25.0,Low,Initial Site Mobilization and Statutory Clearance Processing
Maharashtra,PRJ1722,Unnamed Infrastructure Project,Road Transport & Highways,Central Executing Agency,Ministry of Road Transport and Highways,100.0,100.0,0.0,0.0,0,36,40.0,Approved,Awarded,Low,25.0,Low,Initial Site Mobilization and Statutory Clearance Processing
Uttar Pradesh,PRJ1723,Unnamed Infrastructure Project,Road Transport & Highways,Central Executing Agency,Ministry of Road Transport and Highways,100.0,100.0,0.0,0.0,0,36,40.0,Approved,Awarded,Low,25.0,Low,Initial Site Mobilization and Statutory Clearance Processing
Bihar,PRJ1724,Unnamed Infrastructure Project,Road Transport & Highways,Central Executing Agency,Ministry of Road Transport and Highways,100.0,100.0,0.0,0.0,0,36,40.0,Approved,Awarded,Low,25.0,Low,Initial Site Mobilization and Statutory Clearance Processing
Assam,PRJ1725,Unnamed Infrastructure Project,Road Transport & Highways,Central Executing Agency,Ministry of Road Transport and Highways,100.0,100.0,0.0,0.0,0,36,40.0,Approved,Awarded,Low,25.0,Low,Initial Site Mobilization and Statutory Clearance Processing
Telangana,PRJ1726,Unnamed Infrastructure Project,Road Transport & Highways,Central Executing Agency,Ministry of Road Transport and Highways,100.0,100.0,0.0,0.0,0,36,40.0,Approved,Awarded,Low,25.0,Low,Initial Site Mobilization and Statutory Clearance Processing
Bihar,PRJ1727,Unnamed Infrastructure Project,Road Transport & Highways,Central Executing Agency,Ministry of Road Transport and Highways,100.0,100.0,0.0,0.0,0,36,40.0,Approved,Awarded,Low,25.0,Low,Initial Site Mobilization and Statutory Clearance Processing
Bihar,PRJ1728,Unnamed Infrastructure Project,Road Transport & Highways,Central Executing Agency,Ministry of Road Transport and Highways,100.0,100.0,0.0,0.0,0,36,40.0,Approved,Awarded,Low,25.0,Low,Initial Site Mobilization and Statutory Clearance Processing
Madhya Pradesh,PRJ1729,Unnamed Infrastructure Project,Road Transport & Highways,Central Executing Agency,Ministry of Road Transport and Highways,100.0,100.0,0.0,0.0,0,36,40.0,Approved,Awarded,Low,25.0,Low,Initial Site Mobilization and Statutory Clearance Processing
Maharashtra,PRJ1730,Unnamed Infrastructure Project,Road Transport & Highways,Central Executing Agency,Ministry of Road Transport and Highways,100.0,100.0,0.0,0.0,0,36,40.0,Approved,Awarded,Low,25.0,Low,Initial Site Mobilization and Statutory Clearance Processing
Uttar Pradesh,PRJ1731,Unnamed Infrastructure Project,Road Transport & Highways,Central Executing Agency,Ministry of Road Transport and Highways,100.0,100.0,0.0,0.0,0,36,40.0,Approved,Awarded,Low,25.0,Low,Initial Site Mobilization and Statutory Clearance Processing
Tamil Nadu,PRJ1732,Unnamed Infrastructure Project,Road Transport & Highways,Central Executing Agency,Ministry of Road Transport and Highways,100.0,100.0,0.0,0.0,0,36,40.0,Approved,Awarded,Low,25.0,Low,Initial Site Mobilization and Statutory Clearance Processing
Jharkhand,PRJ1733,Unnamed Infrastructure Project,Road Transport & Highways,Central Executing Agency,Ministry of Road Transport and Highways,100.0,100.0,0.0,0.0,0,36,40.0,Approved,Awarded,Low,25.0,Low,Initial Site Mobilization and Statutory Clearance Processing
Rajasthan,PRJ1734,Unnamed Infrastructure Project,Road Transport & Highways,Central Executing Agency,Ministry of Road Transport and Highways,100.0,100.0,0.0,0.0,0,36,40.0,Approved,Awarded,Low,25.0,Low,Initial Site Mobilization and Statutory Clearance Processing
Madhya Pradesh,PRJ1735,Unnamed Infrastructure Project,Road Transport & Highways,Central Executing Agency,Ministry of Road Transport and Highways,100.0,100.0,0.0,0.0,0,36,40.0,Approved,Awarded,Low,25.0,Low,Initial Site Mobilization and Statutory Clearance Processing
Punjab,PRJ1736,Unnamed Infrastructure Project,Road Transport & Highways,Central Executing Agency,Ministry of Road Transport and Highways,100.0,100.0,0.0,0.0,0,36,40.0,Approved,Awarded,Low,25.0,Low,Initial Site Mobilization and Statutory Clearance Processing
Andhra Pradesh,PRJ1737,Unnamed Infrastructure Project,Road Transport & Highways,Central Executing Agency,Ministry of Road Transport and Highways,100.0,100.0,0.0,0.0,0,36,40.0,Approved,Awarded,Low,25.0,Low,Initial Site Mobilization and Statutory Clearance Processing
West Bengal,PRJ1738,Unnamed Infrastructure Project,Road Transport & Highways,Central Executing Agency,Ministry of Road Transport and Highways,100.0,100.0,0.0,0.0,0,36,40.0,Approved,Awarded,Low,25.0,Low,Initial Site Mobilization and Statutory Clearance Processing
Uttar Pradesh,PRJ1739,Unnamed Infrastructure Project,Road Transport & Highways,Central Executing Agency,Ministry of Road Transport and Highways,100.0,100.0,0.0,0.0,0,36,40.0,Approved,Awarded,Low,25.0,Low,Initial Site Mobilization and Statutory Clearance Processing
Bihar,PRJ1740,Unnamed Infrastructure Project,Road Transport & Highways,Central Executing Agency,Ministry of Road Transport and Highways,100.0,100.0,0.0,0.0,0,36,40.0,Approved,Awarded,Low,25.0,Low,Initial Site Mobilization and Statutory Clearance Processing
Assam,PRJ1741,Unnamed Infrastructure Project,Road Transport & Highways,Central Executing Agency,Ministry of Road Transport and Highways,100.0,100.0,0.0,0.0,0,36,40.0,Approved,Awarded,Low,25.0,Low,Initial Site Mobilization and Statutory Clearance Processing
Telangana,PRJ1742,Unnamed Infrastructure Project,Road Transport & Highways,Central Executing Agency,Ministry of Road Transport and Highways,100.0,100.0,0.0,0.0,0,36,40.0,Approved,Awarded,Low,25.0,Low,Initial Site Mobilization and Statutory Clearance Processing
Chhattisgarh,PRJ1743,Unnamed Infrastructure Project,Road Transport & Highways,Central Executing Agency,Ministry of Road Transport and Highways,100.0,100.0,0.0,0.0,0,36,40.0,Approved,Awarded,Low,25.0,Low,Initial Site Mobilization and Statutory Clearance Processing
Jharkhand,PRJ1744,Unnamed Infrastructure Project,Road Transport & Highways,Central Executing Agency,Ministry of Road Transport and Highways,100.0,100.0,0.0,0.0,0,36,40.0,Approved,Awarded,Low,25.0,Low,Initial Site Mobilization and Statutory Clearance Processing
Madhya Pradesh,PRJ1745,Unnamed Infrastructure Project,Road Transport & Highways,Central Executing Agency,Ministry of Road Transport and Highways,100.0,100.0,0.0,0.0,0,36,40.0,Approved,Awarded,Low,25.0,Low,Initial Site Mobilization and Statutory Clearance Processing
Maharashtra,PRJ1746,Unnamed Infrastructure Project,Road Transport & Highways,Central Executing Agency,Ministry of Road Transport and Highways,100.0,100.0,0.0,0.0,0,36,40.0,Approved,Awarded,Low,25.0,Low,Initial Site Mobilization and Statutory Clearance Processing
Uttar Pradesh,PRJ1747,Unnamed Infrastructure Project,Road Transport & Highways,Central Executing Agency,Ministry of Road Transport and Highways,100.0,100.0,0.0,0.0,0,36,40.0,Approved,Awarded,Low,25.0,Low,Initial Site Mobilization and Statutory Clearance Processing
Tamil Nadu,PRJ1748,Unnamed Infrastructure Project,Road Transport & Highways,Central Executing Agency,Ministry of Road Transport and Highways,100.0,100.0,0.0,0.0,0,36,40.0,Approved,Awarded,Low,25.0,Low,Initial Site Mobilization and Statutory Clearance Processing
Gujarat,PRJ1749,Unnamed Infrastructure Project,Road Transport & Highways,Central Executing Agency,Ministry of Road Transport and Highways,100.0,100.0,0.0,0.0,0,36,40.0,Approved,Awarded,Low,25.0,Low,Initial Site Mobilization and Statutory Clearance Processing
Rajasthan,PRJ1750,Unnamed Infrastructure Project,Road Transport & Highways,Central Executing Agency,Ministry of Road Transport and Highways,100.0,100.0,0.0,0.0,0,36,40.0,Approved,Awarded,Low,25.0,Low,Initial Site Mobilization and Statutory Clearance Processing
Karnataka,PRJ1751,Unnamed Infrastructure Project,Road Transport & Highways,Central Executing Agency,Ministry of Road Transport and Highways,100.0,100.0,0.0,0.0,0,36,40.0,Approved,Awarded,Low,25.0,Low,Initial Site Mobilization and Statutory Clearance Processing
Odisha,PRJ1752,Unnamed Infrastructure Project,Road Transport & Highways,Central Executing Agency,Ministry of Road Transport and Highways,100.0,100.0,0.0,0.0,0,36,40.0,Approved,Awarded,Low,25.0,Low,Initial Site Mobilization and Statutory Clearance Processing
Andhra Pradesh,PRJ1753,Unnamed Infrastructure Project,Road Transport & Highways,Central Executing Agency,Ministry of Road Transport and Highways,100.0,100.0,0.0,0.0,0,36,40.0,Approved,Awarded,Low,25.0,Low,Initial Site Mobilization and Statutory Clearance Processing
West Bengal,PRJ1754,Unnamed Infrastructure Project,Road Transport & Highways,Central Executing Agency,Ministry of Road Transport and Highways,100.0,100.0,0.0,0.0,0,36,40.0,Approved,Awarded,Low,25.0,Low,Initial Site Mobilization and Statutory Clearance Processing
Bihar,PRJ1755,Unnamed Infrastructure Project,Road Transport & Highways,Central Executing Agency,Ministry of Road Transport and Highways,100.0,100.0,0.0,0.0,0,36,40.0,Approved,Awarded,Low,25.0,Low,Initial Site Mobilization and Statutory Clearance Processing
Kerala,PRJ1756,Unnamed Infrastructure Project,Road Transport & Highways,Central Executing Agency,Ministry of Road Transport and Highways,100.0,100.0,0.0,0.0,0,36,40.0,Approved,Awarded,Low,25.0,Low,Initial Site Mobilization and Statutory Clearance Processing
Assam,PRJ1757,Unnamed Infrastructure Project,Road Transport & Highways,Central Executing Agency,Ministry of Road Transport and Highways,100.0,100.0,0.0,0.0,0,36,40.0,Approved,Awarded,Low,25.0,Low,Initial Site Mobilization and Statutory Clearance Processing
Telangana,PRJ1758,Unnamed Infrastructure Project,Road Transport & Highways,Central Executing Agency,Ministry of Road Transport and Highways,100.0,100.0,0.0,0.0,0,36,40.0,Approved,Awarded,Low,25.0,Low,Initial Site Mobilization and Statutory Clearance Processing
Chhattisgarh,PRJ1759,Unnamed Infrastructure Project,Road Transport & Highways,Central Executing Agency,Ministry of Road Transport and Highways,100.0,100.0,0.0,0.0,0,36,40.0,Approved,Awarded,Low,25.0,Low,Initial Site Mobilization and Statutory Clearance Processing
Jharkhand,PRJ1760,Unnamed Infrastructure Project,Road Transport & Highways,Central Executing Agency,Ministry of Road Transport and Highways,100.0,100.0,0.0,0.0,0,36,40.0,Approved,Awarded,Low,25.0,Low,Initial Site Mobilization and Statutory Clearance Processing
Madhya Pradesh,PRJ1761,Unnamed Infrastructure Project,Road Transport & Highways,Central Executing Agency,Ministry of Road Transport and Highways,100.0,100.0,0.0,0.0,0,36,40.0,Approved,Awarded,Low,25.0,Low,Initial Site Mobilization and Statutory Clearance Processing
Maharashtra,PRJ1762,Unnamed Infrastructure Project,Road Transport & Highways,Central Executing Agency,Ministry of Road Transport and Highways,100.0,100.0,0.0,0.0,0,36,40.0,Approved,Awarded,Low,25.0,Low,Initial Site Mobilization and Statutory Clearance Processing
Uttar Pradesh,PRJ1763,Unnamed Infrastructure Project,Road Transport & Highways,Central Executing Agency,Ministry of Road Transport and Highways,100.0,100.0,0.0,0.0,0,36,40.0,Approved,Awarded,Low,25.0,Low,Initial Site Mobilization and Statutory Clearance Processing
Tamil Nadu,PRJ1764,Unnamed Infrastructure Project,Road Transport & Highways,Central Executing Agency,Ministry of Road Transport and Highways,100.0,100.0,0.0,0.0,0,36,40.0,Approved,Awarded,Low,25.0,Low,Initial Site Mobilization and Statutory Clearance Processing
Gujarat,PRJ1765,Unnamed Infrastructure Project,Road Transport & Highways,Central Executing Agency,Ministry of Road Transport and Highways,100.0,100.0,0.0,0.0,0,36,40.0,Approved,Awarded,Low,25.0,Low,Initial Site Mobilization and Statutory Clearance Processing
Rajasthan,PRJ1766,Unnamed Infrastructure Project,Road Transport & Highways,Central Executing Agency,Ministry of Road Transport and Highways,100.0,100.0,0.0,0.0,0,36,40.0,Approved,Awarded,Low,25.0,Low,Initial Site Mobilization and Statutory Clearance Processing
Karnataka,PRJ1767,Unnamed Infrastructure Project,Road Transport & Highways,Central Executing Agency,Ministry of Road Transport and Highways,100.0,100.0,0.0,0.0,0,36,40.0,Approved,Awarded,Low,25.0,Low,Initial Site Mobilization and Statutory Clearance Processing
Odisha,PRJ1768,Unnamed Infrastructure Project,Road Transport & Highways,Central Executing Agency,Ministry of Road Transport and Highways,100.0,100.0,0.0,0.0,0,36,40.0,Approved,Awarded,Low,25.0,Low,Initial Site Mobilization and Statutory Clearance Processing
Andhra Pradesh,PRJ1769,Unnamed Infrastructure Project,Road Transport & Highways,Central Executing Agency,Ministry of Road Transport and Highways,100.0,100.0,0.0,0.0,0,36,40.0,Approved,Awarded,Low,25.0,Low,Initial Site Mobilization and Statutory Clearance Processing
West Bengal,PRJ1770,Unnamed Infrastructure Project,Road Transport & Highways,Central Executing Agency,Ministry of Road Transport and Highways,100.0,100.0,0.0,0.0,0,36,40.0,Approved,Awarded,Low,25.0,Low,Initial Site Mobilization and Statutory Clearance Processing
Jharkhand,PRJ1771,Unnamed Infrastructure Project,Road Transport & Highways,Central Executing Agency,Ministry of Road Transport and Highways,100.0,100.0,0.0,0.0,0,36,40.0,Approved,Awarded,Low,25.0,Low,Initial Site Mobilization and Statutory Clearance Processing
Odisha,PRJ1772,Unnamed Infrastructure Project,Road Transport & Highways,Central Executing Agency,Ministry of Road Transport and Highways,100.0,100.0,0.0,0.0,0,36,40.0,Approved,Awarded,Low,25.0,Low,Initial Site Mobilization and Statutory Clearance Processing
Assam,PRJ1773,Unnamed Infrastructure Project,Road Transport & Highways,Central Executing Agency,Ministry of Road Transport and Highways,100.0,100.0,0.0,0.0,0,36,40.0,Approved,Awarded,Low,25.0,Low,Initial Site Mobilization and Statutory Clearance Processing
Telangana,PRJ1774,Unnamed Infrastructure Project,Road Transport & Highways,Central Executing Agency,Ministry of Road Transport and Highways,100.0,100.0,0.0,0.0,0,36,40.0,Approved,Awarded,Low,25.0,Low,Initial Site Mobilization and Statutory Clearance Processing
Chhattisgarh,PRJ1775,Unnamed Infrastructure Project,Road Transport & Highways,Central Executing Agency,Ministry of Road Transport and Highways,100.0,100.0,0.0,0.0,0,36,40.0,Approved,Awarded,Low,25.0,Low,Initial Site Mobilization and Statutory Clearance Processing
